customer_id,total_revenue,average_order_value,transaction_count,first_purchase_date,last_purchase_date,customer_since,last_interaction,customer_tenure_months,days_since_last_purchase,days_since_last_interaction,customer_name,industry,company_size,support_tickets,satisfaction_score,churn_status
CUST0001,1234008.4100000001,77125.52562500001,16,2022-01-07,2025-06-12,2023-08-06,2024-09-01,24,54,338,"Bhandari, Kari and Sama",Manufacturing,Enterprise,3,7,0
CUST0002,1545831.4,128819.28333333333,12,2022-01-06,2025-06-29,2022-10-20,2024-08-25,34,37,345,"Saxena, Barman and Sandhu",Education,Small,28,4,1
CUST0003,1862004.54,310334.09,6,2022-08-26,2025-04-13,2020-04-29,2025-06-30,64,114,36,Deo-Vala,Tech,Enterprise,1,8,0
CUST0004,1051735.56,87644.63,12,2022-07-19,2024-03-18,2020-07-02,2025-06-30,62,505,36,"Sharma, Viswanathan and Sibal",Finance,Small,1,8,0
CUST0005,1795474.77,224434.34625,8,2022-06-23,2025-05-24,2024-07-11,2025-06-30,13,73,36,"Nayar, Bajwa and Deshpande",Healthcare,Small,1,8,0
CUST0006,739413.33,123235.555,6,2022-04-06,2025-04-27,2019-11-17,2025-06-30,69,100,36,Krish Group,Finance,Small,1,8,0
CUST0007,1353940.09,193420.01285714286,7,2022-02-09,2024-12-22,2024-09-03,2025-06-30,11,226,36,Bahl-Bail,Retail,Mid-Market,1,8,0
CUST0008,2110032.79,211003.279,10,2022-05-23,2025-04-01,2022-04-18,2025-06-30,40,126,36,Mani-Prabhakar,Tech,Enterprise,1,8,0
CUST0009,1990600.01,153123.0776923077,13,2022-01-31,2025-02-21,2019-05-13,2025-06-30,75,165,36,Misra-Srinivasan,Retail,Enterprise,1,8,0
CUST0010,562216.15,70277.01875,8,2022-03-07,2025-06-13,2020-09-28,2025-06-30,59,53,36,Kulkarni LLC,Retail,Small,1,8,0
CUST0011,3385941.56,241852.9685714286,14,2022-03-11,2025-04-12,2024-11-18,2025-01-12,8,115,205,Andra Inc,Education,Mid-Market,50,4,1
CUST0012,2111251.2600000002,263906.40750000003,8,2022-04-21,2025-04-21,2022-11-06,2025-06-30,33,106,36,"Nagy, Minhas and Rama",Healthcare,Small,1,8,0
CUST0013,2322819.4899999998,165915.67785714284,14,2022-01-15,2025-06-28,2024-01-27,2024-12-29,18,38,219,"Badami, Baria and Bhatti",Tech,Small,23,4,1
CUST0014,1027296.5800000001,171216.09666666668,6,2022-10-15,2025-07-03,2021-09-17,2025-06-30,47,33,36,"Sachar, Edwin and Brar",Finance,Small,1,8,0
CUST0015,2106698.7,263337.3375,8,2022-08-21,2025-05-15,2023-07-21,2025-06-30,24,82,36,Lal-Kannan,Non-Profit,Mid-Market,1,8,0
CUST0016,1384549.37,115379.11416666668,12,2023-01-31,2025-07-09,2025-06-26,2025-07-15,1,27,21,"Vyas, Uppal and Shah",Healthcare,Mid-Market,40,5,0
CUST0017,400321.39,57188.770000000004,7,2022-11-17,2025-05-01,2021-05-10,2025-06-30,51,96,36,Gara Inc,Government,Mid-Market,1,8,0
CUST0018,2664410.96,242219.1781818182,11,2022-01-02,2025-06-29,2024-12-16,2025-06-30,7,37,36,Mutti-Subramanian,Education,Small,1,8,0
CUST0019,1222815.03,101901.2525,12,2022-08-30,2025-03-25,2023-01-21,2025-06-30,30,133,36,Ahluwalia-Andra,Non-Profit,Mid-Market,1,8,0
CUST0020,1838693.14,141437.93384615384,13,2022-08-08,2025-07-14,2021-01-06,2025-06-30,55,22,36,Tak LLC,Government,Small,1,8,0
CUST0021,1095676.1199999999,109567.612,10,2022-01-25,2024-12-06,2022-01-09,2025-04-23,43,242,104,Doshi LLC,Non-Profit,Small,3,6,0
CUST0022,244111.64,48822.328,5,2022-03-05,2025-03-25,2019-08-21,2025-06-30,72,133,36,"Butala, Dugal and Kala",Non-Profit,Enterprise,1,8,0
CUST0023,830401.14,103800.1425,8,2022-01-24,2025-07-19,2022-01-03,2025-06-30,43,17,36,Bhandari Group,Manufacturing,Mid-Market,1,8,0
CUST0024,1399829.4300000002,233304.90500000003,6,2023-02-12,2025-04-14,2022-03-26,2025-06-30,40,113,36,Babu-Bala,Non-Profit,Mid-Market,1,8,0
CUST0025,1577174.53,157717.453,10,2022-04-04,2025-07-07,2021-09-06,2024-04-05,47,29,487,Rege Group,Non-Profit,Mid-Market,8,7,0
CUST0026,812786.16,81278.61600000001,10,2022-02-07,2025-01-26,2020-09-23,2025-06-30,59,191,36,Iyer Inc,Tech,Small,1,8,0
CUST0027,979441.73,89040.15727272727,11,2022-06-11,2024-05-27,2019-03-27,2025-06-30,77,435,36,Modi-Bhat,Non-Profit,Mid-Market,1,8,0
CUST0028,857178.03,142863.005,6,2022-10-23,2025-01-13,2020-12-06,2024-07-21,56,204,380,"Kohli, Varghese and Banerjee",Non-Profit,Enterprise,31,1,1
CUST0029,1576820.56,175202.28444444446,9,2022-08-07,2025-07-11,2022-07-15,2025-06-30,37,25,36,"Chaudhuri, Oommen and Mangat",Healthcare,Enterprise,1,8,0
CUST0030,2406316.2800000003,267368.4755555556,9,2022-05-08,2025-07-07,2021-12-16,2025-06-30,44,29,36,"Chanda, Master and Dani",Tech,Enterprise,1,8,0
CUST0031,1442829.19,90176.824375,16,2022-02-06,2025-05-28,2019-07-05,2025-06-30,74,69,36,"Das, Issac and Cheema",Retail,Mid-Market,1,8,0
CUST0032,1924938.45,174994.40454545454,11,2022-01-08,2025-07-03,2021-11-25,2025-06-30,44,33,36,Aggarwal Group,Tech,Enterprise,1,8,0
CUST0033,505799.11,56199.90111111111,9,2022-03-11,2025-02-21,2025-02-21,2025-06-30,5,165,36,Rao-Sekhon,Education,Enterprise,1,8,0
CUST0034,1977570.37,141255.02642857144,14,2022-02-07,2025-03-21,2021-04-29,2024-11-29,51,137,249,Puri-Warrior,Retail,Small,23,2,0
CUST0035,5802437.17,483536.43083333335,12,2022-06-21,2025-05-10,2021-01-01,2024-09-19,55,87,320,"Parmer, Chakraborty and Om",Tech,Small,11,4,0
CUST0036,968483.57,121060.44625,8,2022-01-25,2025-03-17,2021-12-11,2025-05-07,44,141,90,Badal-Som,Healthcare,Enterprise,13,6,0
CUST0037,2338078.4,389679.73333333334,6,2022-03-30,2025-05-03,2022-11-07,2025-06-30,33,94,36,Panchal Inc,Tech,Mid-Market,1,8,0
CUST0038,1017080.82,92461.89272727272,11,2022-01-05,2025-06-16,2019-07-23,2025-01-02,73,50,215,Walia-Sura,Healthcare,Mid-Market,41,2,1
CUST0039,1046730.7,104673.06999999999,10,2022-01-06,2025-06-16,2024-04-10,2025-06-30,16,50,36,"Kalla, Soman and Ratti",Tech,Enterprise,1,8,0
CUST0040,1400005.3199999998,155556.14666666664,9,2022-04-21,2025-06-10,2023-06-22,2025-06-15,25,56,51,Lala Group,Finance,Mid-Market,9,5,0
CUST0041,4528497.08,348345.9292307692,13,2022-02-04,2025-03-30,2020-09-02,2025-06-30,59,128,36,Sarma and Sons,Retail,Small,1,8,0
CUST0042,1671048.05,185672.00555555557,9,2022-08-03,2025-06-12,2020-07-15,2024-03-05,61,54,518,Nayak Ltd,Retail,Enterprise,45,2,1
CUST0043,614251.0,122850.2,5,2022-09-24,2025-04-24,2025-01-04,2025-06-17,7,103,49,Chand-Sama,Non-Profit,Small,1,5,0
CUST0044,3035792.17,216842.29785714284,14,2022-05-03,2025-03-06,2025-04-24,2025-06-30,3,152,36,Chad Ltd,Finance,Enterprise,1,8,0
CUST0045,562275.98,112455.196,5,2022-05-06,2025-04-17,2022-09-03,2025-06-30,35,110,36,Sule Inc,Government,Enterprise,1,8,0
CUST0046,667235.85,66723.58499999999,10,2022-03-03,2025-02-11,2023-11-08,2025-06-30,21,175,36,Memon and Sons,Tech,Small,1,8,0
CUST0047,1239095.97,177013.71,7,2022-02-01,2025-05-20,2019-07-06,2025-06-30,74,77,36,Chawla LLC,Government,Small,1,8,0
CUST0048,1286968.53,98997.57923076923,13,2022-01-14,2025-04-25,2023-12-28,2025-06-30,19,102,36,"Palla, Agrawal and Vasa",Healthcare,Small,1,8,0
CUST0049,1366191.92,124199.26545454544,11,2022-08-06,2025-06-07,2021-10-12,2025-06-20,46,59,46,Ganesan PLC,Education,Small,23,9,0
CUST0050,1438270.18,130751.83454545453,11,2022-06-02,2025-06-10,2019-12-13,2025-06-30,68,56,36,Dugar-Buch,Healthcare,Mid-Market,1,8,0
CUST0051,2105520.6,191410.96363636365,11,2022-02-28,2025-07-17,2019-11-03,2025-06-30,70,19,36,Dube-Setty,Government,Mid-Market,1,8,0
CUST0052,1896821.9100000001,189682.19100000002,10,2022-07-20,2025-03-25,2019-01-26,2024-04-22,79,133,470,Pall-Dube,Healthcare,Small,48,3,1
CUST0053,3408058.6399999997,213003.66499999998,16,2022-03-30,2024-11-08,2020-02-29,2023-10-24,66,270,651,"Sama, Gaba and Rau",Non-Profit,Small,16,2,1
CUST0054,945395.2,135056.45714285714,7,2022-02-18,2025-07-19,2021-04-06,2025-06-30,52,17,36,"Prashad, Gulati and Saxena",Government,Small,1,8,0
CUST0055,1420519.48,177564.935,8,2022-09-04,2024-04-17,2022-03-23,2025-06-30,41,475,36,Mukherjee Ltd,Finance,Enterprise,1,8,0
CUST0056,2484045.7199999997,146120.33647058823,17,2022-01-11,2025-06-22,2022-02-23,2025-06-30,41,44,36,"Setty, Pillay and Shroff",Government,Small,1,8,0
CUST0057,1195265.24,239053.048,5,2022-01-27,2024-11-23,2023-06-07,2025-06-30,26,255,36,Patla LLC,Finance,Mid-Market,1,8,0
CUST0058,3054588.81,160767.83210526317,19,2022-01-30,2025-01-11,2024-08-29,2025-05-17,11,206,80,Bala Group,Tech,Small,0,1,0
CUST0059,2141872.42,214187.242,10,2022-01-28,2025-07-06,2020-10-26,2025-05-28,58,30,69,Kakar Group,Education,Small,34,10,0
CUST0060,1316210.7,119655.51818181817,11,2022-02-07,2025-04-03,2020-12-18,2025-06-30,56,124,36,"Dayal, Kalita and Vora",Retail,Small,1,8,0
CUST0061,955131.39,136447.34142857144,7,2022-05-11,2024-08-12,2024-06-03,2025-06-06,14,358,60,"Hayer, Deol and Cherian",Finance,Small,14,7,0
CUST0062,384872.22,54981.74571428571,7,2022-05-25,2024-11-08,2019-03-25,2025-06-30,77,270,36,Rau and Sons,Government,Mid-Market,1,8,0
CUST0063,928628.9600000001,116078.62000000001,8,2022-05-24,2025-07-21,2023-04-22,2025-06-30,27,15,36,Chanda-Krishnan,Retail,Small,1,8,0
CUST0064,2659202.07,177280.13799999998,15,2022-02-15,2025-04-27,2021-07-29,2024-05-02,48,100,460,Bhat PLC,Retail,Small,23,5,0
CUST0065,3059873.19,218562.3707142857,14,2022-01-13,2025-07-13,2025-03-10,2025-06-22,4,23,44,"Bajwa, Bedi and Shukla",Finance,Small,16,8,0
CUST0066,1705160.0899999999,121797.14928571427,14,2022-02-06,2025-05-28,2023-03-19,2025-06-30,29,69,36,Manda LLC,Healthcare,Mid-Market,1,8,0
CUST0067,2190722.4499999997,156480.175,14,2022-05-14,2025-04-06,2024-02-28,2024-06-08,17,121,423,Talwar-Aurora,Retail,Small,13,4,0
CUST0068,1881731.07,171066.4609090909,11,2022-01-04,2024-10-28,2025-02-05,2025-06-30,6,281,36,"Saxena, Sinha and Dar",Government,Small,1,8,0
CUST0069,1090982.0,99180.18181818182,11,2022-07-26,2025-07-24,2019-05-21,2025-06-30,75,12,36,Kar Inc,Education,Mid-Market,1,8,0
CUST0070,354291.27999999997,59048.54666666666,6,2022-11-03,2024-08-05,2024-12-13,2024-10-23,7,365,286,"Mani, Chhabra and Pai",Non-Profit,Enterprise,18,1,1
CUST0071,1336745.74,190963.67714285714,7,2023-08-16,2025-06-05,2021-05-30,2025-06-30,50,61,36,Char-Sodhi,Finance,Small,1,8,0
CUST0072,1878854.82,187885.48200000002,10,2022-07-14,2024-10-07,2020-02-18,2025-06-30,66,302,36,"Batra, Talwar and Salvi",Non-Profit,Mid-Market,1,8,0
CUST0073,1772088.27,104240.48647058824,17,2022-01-13,2025-05-05,2023-09-16,2023-09-30,22,92,675,Saha-Gara,Finance,Mid-Market,13,5,0
CUST0074,2452672.54,245267.25400000002,10,2022-06-22,2024-10-11,2019-02-09,2025-06-30,78,298,36,Barad Group,Education,Small,1,8,0
CUST0075,460204.66,115051.165,4,2022-09-08,2023-09-29,2024-03-06,2025-05-18,17,676,79,Nigam-Pal,Retail,Mid-Market,12,8,0
CUST0076,1226603.24,122660.324,10,2022-07-26,2024-12-11,2023-04-07,2025-06-30,28,237,36,Chaudhry Group,Tech,Enterprise,1,8,0
CUST0077,2488170.47,191397.72846153847,13,2022-01-07,2025-07-02,2021-05-10,2025-06-30,51,34,36,"Pal, Pandit and Wagle",Manufacturing,Enterprise,1,8,0
CUST0078,1650936.14,206367.0175,8,2022-04-15,2024-12-24,2025-01-19,2025-01-21,6,224,196,Oommen-Memon,Retail,Mid-Market,13,7,0
CUST0079,2270441.79,378406.965,6,2022-01-11,2024-12-16,2019-04-21,2023-10-15,76,232,660,"Lad, Chad and Cherian",Government,Small,43,2,1
CUST0080,1397023.78,155224.86444444445,9,2022-04-02,2024-11-11,2020-10-10,2025-06-30,58,267,36,"Palan, Golla and Sura",Government,Enterprise,1,8,0
CUST0081,1418717.57,157635.28555555557,9,2022-08-09,2025-06-15,2022-03-05,2025-06-30,41,51,36,Grewal LLC,Non-Profit,Mid-Market,1,8,0
CUST0082,1998263.77,249782.97125,8,2022-05-17,2025-04-01,2021-01-12,2025-06-30,55,126,36,Munshi LLC,Education,Small,1,8,0
CUST0083,4191715.0500000003,261982.19062500002,16,2022-04-09,2025-01-21,2019-07-15,2025-06-30,73,196,36,Bal PLC,Non-Profit,Small,1,8,0
CUST0084,1676379.1,104773.69375,16,2022-02-16,2024-12-31,2024-01-24,2025-06-30,18,217,36,Parekh-Uppal,Education,Enterprise,1,8,0
CUST0085,3902545.66,243909.10375,16,2022-04-28,2025-07-17,2024-10-06,2024-10-03,10,19,306,"Kant, Menon and Gade",Manufacturing,Mid-Market,14,3,1
CUST0086,1601212.05,145564.7318181818,11,2022-01-23,2025-07-22,2023-02-22,2025-06-30,29,14,36,Mukherjee-Om,Finance,Enterprise,1,8,0
CUST0087,3466760.29,231117.35266666667,15,2022-04-16,2025-06-04,2019-02-05,2025-06-30,79,62,36,Dyal and Sons,Government,Mid-Market,1,8,0
CUST0088,2831343.06,471890.51,6,2022-11-10,2024-12-17,2025-01-31,2025-03-08,6,231,150,"Murthy, Prasad and Chadha",Retail,Enterprise,7,4,0
CUST0089,2029603.93,156123.37923076923,13,2022-01-29,2025-05-20,2024-05-17,2025-06-30,14,77,36,Vaidya-Lall,Retail,Small,1,8,0
CUST0090,1214588.91,110417.17363636363,11,2022-03-02,2024-09-05,2021-10-12,2025-04-21,46,334,106,Bora Inc,Non-Profit,Mid-Market,41,7,0
CUST0091,2101465.56,233496.17333333334,9,2022-10-23,2025-07-22,2025-05-28,2025-06-30,2,14,36,Chaudry PLC,Education,Small,1,8,0
CUST0092,1313954.52,164244.315,8,2022-03-25,2025-04-12,2022-01-08,2025-06-30,43,115,36,Sura Group,Healthcare,Enterprise,1,8,0
CUST0093,1430834.9,158981.65555555554,9,2022-08-05,2025-05-31,2023-03-22,2025-06-30,28,66,36,"Naidu, Mahal and Anne",Manufacturing,Enterprise,1,8,0
CUST0094,995121.38,99512.138,10,2022-03-20,2025-05-28,2019-08-23,2024-09-26,72,69,313,Mangat Inc,Tech,Mid-Market,4,10,0
CUST0095,1318207.1300000001,131820.71300000002,10,2022-02-07,2025-06-08,2024-08-29,2025-06-30,11,58,36,Chaudhari-Taneja,Finance,Mid-Market,1,8,0
CUST0096,2833686.8600000003,188912.45733333335,15,2022-05-02,2025-02-10,2024-03-14,2025-06-30,16,176,36,Lalla Ltd,Tech,Small,1,8,0
CUST0097,1556209.46,129684.12166666666,12,2022-02-05,2025-06-09,2022-02-03,2025-06-30,42,57,36,Saha-Vora,Manufacturing,Enterprise,1,8,0
CUST0098,2462269.43,189405.3407692308,13,2022-01-11,2025-01-23,2023-09-05,2024-11-28,23,194,250,"Sule, Chhabra and Guha",Government,Mid-Market,39,2,1
CUST0099,563979.55,80568.50714285715,7,2022-10-08,2025-05-24,2020-11-26,2025-06-30,57,73,36,Lata-Lanka,Healthcare,Enterprise,1,8,0
CUST0100,2646831.8400000003,203602.44923076924,13,2022-03-16,2025-06-02,2021-02-12,2024-04-11,54,64,481,Mandal Ltd,Tech,Enterprise,28,5,1
CUST0101,1391159.8499999999,154573.31666666665,9,2023-01-10,2025-06-17,2021-05-13,2025-06-30,51,49,36,Basu-Pillay,Retail,Enterprise,1,8,0
CUST0102,2033528.68,290504.09714285715,7,2022-08-18,2025-03-17,2021-07-19,2023-08-21,49,141,715,"Nagy, Pall and Nagarajan",Education,Enterprise,24,9,0
CUST0103,526663.1699999999,131665.79249999998,4,2022-10-20,2024-11-20,2022-05-23,2025-06-30,39,258,36,Loke-Nadig,Government,Mid-Market,1,8,0
CUST0104,1576131.9000000001,143284.7181818182,11,2022-06-21,2025-07-22,2023-03-05,2025-06-30,29,14,36,Tiwari-Nagy,Government,Small,1,8,0
CUST0105,1085332.5999999999,135666.57499999998,8,2022-02-22,2025-07-02,2020-12-12,2025-06-30,56,34,36,Nadig-Kaur,Non-Profit,Small,1,8,0
CUST0106,1616373.99,146943.09,11,2022-01-26,2025-06-03,2023-06-25,2025-06-30,25,63,36,"Radhakrishnan, Sur and Bhandari",Government,Mid-Market,1,8,0
CUST0107,726118.65,90764.83125,8,2022-03-15,2025-04-22,2019-10-09,2024-11-28,70,105,250,"Manne, Oak and Nanda",Healthcare,Mid-Market,5,10,0
CUST0108,1619321.19,115665.79928571428,14,2022-02-28,2025-07-20,2024-06-22,2024-09-30,13,16,309,Mand PLC,Manufacturing,Mid-Market,29,2,1
CUST0109,1494895.96,124574.66333333333,12,2022-03-18,2025-07-05,2019-09-18,2025-06-30,71,31,36,"Kurian, Vig and Butala",Finance,Mid-Market,1,8,0
CUST0110,1872326.46,156027.205,12,2022-01-28,2025-06-14,2023-07-03,2025-06-30,25,52,36,Munshi-Naik,Education,Enterprise,1,8,0
CUST0111,922197.47,83836.13363636364,11,2022-02-08,2025-02-25,2025-04-03,2025-06-30,4,161,36,Luthra Inc,Finance,Small,1,8,0
CUST0112,1308430.49,163553.81125,8,2022-01-01,2025-07-06,2025-04-17,2025-06-30,3,30,36,"Datta, Behl and Prasad",Non-Profit,Enterprise,1,8,0
CUST0113,2246161.51,172781.65461538458,13,2022-01-24,2025-07-15,2023-09-27,2024-05-17,22,21,445,Mandal-Borra,Tech,Mid-Market,2,3,1
CUST0114,3555648.3,237043.22,15,2022-05-13,2025-07-22,2020-08-21,2025-06-30,60,14,36,"Ganesh, Nagi and Sabharwal",Finance,Small,1,8,0
CUST0115,833769.8200000001,138961.6366666667,6,2022-05-11,2024-08-17,2020-02-04,2025-06-30,66,353,36,"Sem, Gour and Mutti",Finance,Enterprise,1,8,0
CUST0116,837779.74,104722.4675,8,2022-06-09,2025-03-10,2020-08-29,2024-06-11,60,148,420,Purohit Ltd,Manufacturing,Enterprise,14,5,0
CUST0117,1971485.17,197148.517,10,2022-06-24,2024-08-21,2020-05-15,2024-03-23,63,349,500,Bora-Dass,Non-Profit,Small,27,6,0
CUST0118,2213569.23,221356.923,10,2022-05-29,2025-06-25,2021-05-10,2023-08-11,51,41,725,Seth PLC,Retail,Enterprise,44,4,1
CUST0119,903543.22,129077.60285714285,7,2022-01-24,2025-07-08,2020-04-26,2023-08-16,64,28,720,Peri PLC,Government,Small,13,4,1
CUST0120,690233.03,76692.55888888889,9,2022-04-15,2025-05-13,2022-11-16,2025-06-30,33,84,36,Thaman PLC,Finance,Small,1,8,0
CUST0121,454343.01,90868.602,5,2022-11-01,2024-11-18,2020-02-15,2025-06-30,66,260,36,"Gola, Borde and Shanker",Retail,Small,1,8,0
CUST0122,941158.0,94115.8,10,2022-03-08,2025-03-29,2020-11-15,2025-06-30,57,129,36,Pillay Group,Non-Profit,Enterprise,1,8,0
CUST0123,1241760.93,137973.43666666665,9,2022-02-01,2025-07-07,2020-11-04,2025-06-30,57,29,36,Khanna LLC,Education,Mid-Market,1,8,0
CUST0124,1223726.6099999999,122372.661,10,2022-05-12,2025-06-19,2020-10-18,2024-06-03,58,47,428,Mitra Group,Tech,Mid-Market,22,3,1
CUST0125,1757189.46,135168.41999999998,13,2022-06-08,2025-02-03,2023-08-25,2024-05-24,23,183,438,"Prabhu, Setty and Bora",Education,Mid-Market,21,9,0
CUST0126,1119795.25,223959.05,5,2022-10-08,2025-04-06,2019-02-10,2025-06-30,78,121,36,Zachariah LLC,Manufacturing,Enterprise,1,8,0
CUST0127,937015.62,104112.84666666666,9,2022-05-31,2024-11-20,2024-07-09,2025-01-04,13,258,213,Lad and Sons,Healthcare,Enterprise,18,5,1
CUST0128,2655351.54,204257.81076923077,13,2022-01-08,2025-03-04,2023-08-03,2025-06-30,24,154,36,Yohannan PLC,Manufacturing,Small,1,8,0
CUST0129,2058313.99,205831.399,10,2023-06-04,2025-06-12,2023-10-06,2025-06-30,22,54,36,Misra-Baral,Government,Mid-Market,1,8,0
CUST0130,3185677.13,265473.0941666667,12,2022-03-06,2025-06-22,2025-06-04,2025-07-18,2,44,18,Lala-Anand,Government,Mid-Market,46,8,0
CUST0131,686753.0,98107.57142857143,7,2022-03-19,2025-04-06,2024-05-01,2025-06-30,15,121,36,Desai-Ratti,Healthcare,Enterprise,1,8,0
CUST0132,1126847.51,102440.68272727272,11,2022-06-11,2025-07-17,2020-01-17,2023-12-25,67,19,589,Chadha-Samra,Tech,Small,6,1,1
CUST0133,890727.68,127246.81142857144,7,2022-10-25,2025-07-16,2021-10-19,2025-06-30,46,20,36,"Bahl, Wable and Chaudry",Education,Enterprise,1,8,0
CUST0134,2322105.68,211100.5163636364,11,2022-01-04,2025-07-20,2022-02-08,2025-06-30,42,16,36,Chandran-Natt,Education,Mid-Market,1,8,0
CUST0135,3190454.35,187673.78529411764,17,2022-01-07,2025-05-07,2024-04-09,2025-05-01,16,90,96,Raval-Mohanty,Government,Enterprise,2,1,0
CUST0136,1627993.57,162799.35700000002,10,2022-02-16,2025-05-20,2022-09-21,2025-02-22,34,77,164,"Dora, Deep and Raman",Non-Profit,Mid-Market,12,3,0
CUST0137,1263930.1199999999,157991.26499999998,8,2022-02-04,2025-02-21,2021-04-27,2025-06-30,52,165,36,"Mangal, Devan and Pillay",Healthcare,Mid-Market,1,8,0
CUST0138,906859.41,82441.76454545454,11,2022-07-15,2024-10-30,2025-06-24,2025-06-30,1,279,36,Master-Jhaveri,Non-Profit,Enterprise,1,8,0
CUST0139,1567991.3699999999,142544.66999999998,11,2022-04-07,2025-04-25,2024-06-25,2025-05-12,13,102,85,Chaudry-Kala,Healthcare,Mid-Market,33,8,0
CUST0140,1541692.97,140153.90636363637,11,2023-01-26,2025-06-17,2022-04-09,2025-06-30,40,49,36,"Sundaram, Kar and Garde",Government,Enterprise,1,8,0
CUST0141,584401.41,73050.17625,8,2022-02-14,2025-06-12,2024-06-12,2025-06-30,13,54,36,Tank-Barman,Manufacturing,Small,1,8,0
CUST0142,968132.3,107570.25555555556,9,2022-06-09,2025-06-10,2021-10-30,2025-06-30,45,56,36,Thaker Ltd,Tech,Mid-Market,1,8,0
CUST0143,1458108.67,182263.58375,8,2022-03-18,2025-07-03,2024-05-13,2025-06-30,14,33,36,Gokhale Group,Finance,Small,1,8,0
CUST0144,1591434.62,132619.55166666667,12,2022-03-24,2024-07-09,2020-01-02,2025-06-30,68,392,36,Sinha-Comar,Tech,Enterprise,1,8,0
CUST0145,193434.87,48358.7175,4,2022-02-09,2024-04-21,2022-06-16,2025-06-30,38,471,36,"Khurana, Gandhi and Mitter",Government,Small,1,8,0
CUST0146,2132261.75,213226.175,10,2022-02-13,2025-05-10,2022-10-01,2025-06-30,34,87,36,Ghose Ltd,Government,Small,1,8,0
CUST0147,1170771.33,146346.41625,8,2022-01-29,2025-02-25,2025-05-22,2025-06-28,2,161,38,"Babu, Chaudhry and Tiwari",Manufacturing,Enterprise,49,2,0
CUST0148,1062287.98,177047.99666666667,6,2022-08-14,2024-03-12,2019-08-20,2025-06-30,72,511,36,"Raju, Dar and Andra",Education,Mid-Market,1,8,0
CUST0149,968559.52,107617.72444444445,9,2022-02-08,2025-05-31,2025-04-09,2025-04-27,3,66,100,Khosla-Golla,Tech,Small,46,10,0
CUST0150,120352.32,15044.04,8,2022-08-06,2025-04-19,2023-11-22,2024-10-30,20,108,279,"More, Grewal and Gulati",Healthcare,Small,3,4,1
CUST0151,3411973.3999999994,426496.67499999993,8,2022-03-14,2024-10-30,2024-04-17,2024-07-01,15,279,400,"Deshmukh, Ramesh and Lal",Government,Small,39,1,0
CUST0152,1497305.48,166367.27555555556,9,2022-01-18,2025-02-28,2019-12-29,2025-06-30,68,158,36,Bath Ltd,Manufacturing,Enterprise,1,8,0
CUST0153,2277105.7,207009.6090909091,11,2022-01-30,2025-07-03,2020-10-28,2025-06-30,58,33,36,Dhillon Ltd,Tech,Mid-Market,1,8,0
CUST0154,3678024.18,282924.9369230769,13,2022-07-24,2024-12-17,2020-07-25,2024-02-27,61,231,525,"Som, Nadig and Sarraf",Finance,Small,13,8,0
CUST0155,1880044.9300000002,117502.80812500001,16,2022-03-21,2025-07-13,2023-01-21,2025-06-30,30,23,36,Chandra PLC,Education,Mid-Market,1,8,0
CUST0156,2402618.34,150163.64625,16,2022-05-06,2025-06-24,2019-07-26,2025-01-19,73,42,198,Kade Ltd,Healthcare,Mid-Market,41,2,1
CUST0157,802692.46,160538.492,5,2022-03-08,2025-04-14,2022-04-13,2025-06-30,40,113,36,Behl-Balay,Education,Enterprise,1,8,0
CUST0158,3589831.66,224364.47875,16,2022-01-06,2025-06-15,2023-07-07,2025-06-30,25,51,36,Dube-Parikh,Non-Profit,Enterprise,1,8,0
CUST0159,1484884.3699999999,185610.54624999998,8,2022-09-09,2023-12-01,2020-02-28,2025-06-30,66,613,36,Misra-Ramakrishnan,Government,Small,1,8,0
CUST0160,1082645.18,90220.43166666666,12,2022-04-10,2025-07-14,2025-04-21,2025-05-25,3,22,72,"Raman, Sahota and Varma",Government,Small,1,7,0
CUST0161,1928243.47,192824.347,10,2022-02-18,2025-07-17,2022-12-06,2025-06-30,32,19,36,"Amble, Dutta and Arora",Manufacturing,Small,1,8,0
CUST0162,1549151.86,129095.98833333334,12,2022-01-05,2024-12-12,2020-05-04,2023-08-19,63,236,717,Bains and Sons,Healthcare,Enterprise,49,5,0
CUST0163,1805632.34,164148.39454545456,11,2022-03-20,2025-05-05,2021-01-05,2024-01-18,55,92,565,Sekhon-Gill,Manufacturing,Mid-Market,6,2,1
CUST0164,1404061.56,127641.96,11,2022-04-15,2025-06-07,2022-05-03,2025-06-30,39,59,36,Sawhney Ltd,Non-Profit,Small,1,8,0
CUST0165,1349647.25,168705.90625,8,2022-03-12,2025-02-06,2022-05-14,2025-06-30,39,180,36,"Menon, Som and Ray",Healthcare,Mid-Market,1,8,0
CUST0166,1092243.9,182040.65,6,2022-03-25,2024-11-25,2019-07-10,2025-06-18,73,253,48,Kashyap-Rama,Retail,Mid-Market,13,8,0
CUST0167,2518619.0,157413.6875,16,2022-03-23,2025-06-03,2019-04-26,2025-06-30,76,63,36,"Aggarwal, Cherian and Kuruvilla",Tech,Mid-Market,1,8,0
CUST0168,569952.05,71244.00625,8,2022-02-16,2025-04-15,2023-05-13,2025-03-24,27,112,134,Mishra-Ranganathan,Education,Enterprise,50,10,0
CUST0169,2149838.3,153559.87857142856,14,2022-08-17,2025-07-18,2022-11-02,2024-06-05,33,18,426,Mahajan-Setty,Retail,Mid-Market,38,3,1
CUST0170,2009649.15,200964.91499999998,10,2022-01-13,2025-03-23,2020-09-14,2025-06-30,59,135,36,Vora Inc,Retail,Enterprise,1,8,0
CUST0171,2180159.7,155725.69285714286,14,2022-09-06,2025-07-04,2025-01-27,2025-01-31,6,32,186,Bali Group,Government,Small,34,3,0
CUST0172,2095585.8399999999,261948.22999999998,8,2022-02-25,2024-09-30,2022-03-21,2024-06-08,41,309,423,"Mander, Nigam and Pal",Finance,Mid-Market,14,10,0
CUST0173,2696429.02,245129.91090909092,11,2022-03-17,2025-05-20,2022-06-03,2025-06-30,38,77,36,Andra Group,Education,Small,1,8,0
CUST0174,495920.82,165306.94,3,2022-05-06,2025-01-30,2021-12-09,2025-03-28,44,187,130,Kota PLC,Government,Mid-Market,43,7,0
CUST0175,1200278.98,150034.8725,8,2022-04-11,2025-06-02,2019-04-03,2025-06-08,77,64,58,"Koshy, Chada and Mukhopadhyay",Retail,Small,49,7,0
CUST0176,951647.69,105738.63222222222,9,2022-12-31,2025-07-08,2024-10-16,2025-06-02,9,28,64,"Madan, Chahal and Khosla",Education,Enterprise,19,8,0
CUST0177,2734990.09,170936.880625,16,2022-06-15,2025-05-31,2023-02-28,2025-06-30,29,66,36,Chaudry-Boase,Retail,Enterprise,1,8,0
CUST0178,397148.37,79429.674,5,2023-02-25,2025-06-13,2022-07-20,2025-06-30,37,53,36,Ratta LLC,Manufacturing,Mid-Market,1,8,0
CUST0179,514861.93000000005,73551.7042857143,7,2022-01-11,2025-07-05,2022-10-20,2025-01-29,34,31,188,"Shah, Sarraf and Hayre",Tech,Enterprise,14,5,0
CUST0180,1230223.43,153777.92875,8,2022-09-14,2024-09-09,2023-07-31,2024-03-06,24,330,517,Wable-Chadha,Finance,Mid-Market,18,1,1
CUST0181,1518287.45,151828.745,10,2022-03-22,2025-05-04,2023-01-03,2025-06-30,31,93,36,Padmanabhan-Pillay,Government,Small,1,8,0
CUST0182,444339.02,74056.50333333334,6,2022-02-02,2025-02-07,2019-04-16,2025-06-30,76,179,36,Sane-Kapadia,Government,Small,1,8,0
CUST0183,2827977.29,176748.580625,16,2022-01-29,2024-12-10,2022-07-23,2025-06-30,36,238,36,Bhakta-Sharaf,Healthcare,Mid-Market,1,8,0
CUST0184,1036478.83,129559.85375,8,2022-07-24,2024-11-21,2023-03-19,2024-12-17,29,257,231,Oommen-Balan,Government,Enterprise,48,5,0
CUST0185,764844.95,95605.61875,8,2022-01-02,2025-07-12,2022-08-22,2025-06-30,35,24,36,Rana-Mahajan,Tech,Small,1,8,0
CUST0186,1396383.17,174547.89625,8,2022-01-22,2025-02-10,2024-06-26,2025-06-30,13,176,36,Chhabra Inc,Tech,Mid-Market,1,8,0
CUST0187,290833.73,58166.746,5,2022-07-15,2025-06-21,2025-01-01,2025-04-05,7,45,122,Borah Group,Non-Profit,Small,0,9,0
CUST0188,3452996.17,203117.42176470588,17,2022-04-15,2025-04-22,2021-11-11,2025-06-30,45,105,36,Sathe LLC,Finance,Enterprise,1,8,0
CUST0189,1685387.6099999999,120384.82928571428,14,2022-02-21,2025-06-04,2020-04-26,2024-08-20,64,62,350,Kalla-Grewal,Government,Enterprise,29,1,1
CUST0190,3024496.81,201633.12066666668,15,2022-02-23,2024-12-10,2022-10-20,2025-06-30,34,238,36,Edwin-Nanda,Retail,Mid-Market,1,8,0
CUST0191,2417206.17,185938.93615384615,13,2022-01-23,2025-05-13,2024-12-29,2025-06-30,7,84,36,"Raju, Jhaveri and Sahota",Manufacturing,Mid-Market,1,8,0
CUST0192,1172333.77,117233.37700000001,10,2022-11-10,2025-06-04,2019-11-25,2025-06-30,69,62,36,Barad LLC,Healthcare,Mid-Market,1,8,0
CUST0193,1588287.99,122175.99923076923,13,2022-01-01,2025-03-23,2023-09-02,2024-10-04,23,135,305,"Zacharia, Sundaram and Divan",Manufacturing,Enterprise,6,2,1
CUST0194,2494346.67,178167.6192857143,14,2022-01-17,2025-06-22,2023-11-05,2025-06-30,21,44,36,Ram-Varkey,Retail,Enterprise,1,8,0
CUST0195,2167830.37,197075.4881818182,11,2022-02-18,2025-04-21,2019-02-06,2024-03-01,79,106,522,Minhas-Saini,Retail,Mid-Market,33,5,1
CUST0196,1777080.53,253868.64714285714,7,2022-05-23,2024-06-15,2024-07-21,2025-06-30,12,416,36,"Dutt, Dhaliwal and Chander",Education,Mid-Market,1,8,0
CUST0197,714680.5,119113.41666666667,6,2022-02-15,2025-04-10,2024-01-09,2025-06-30,19,117,36,Kala-Choudhry,Finance,Mid-Market,1,8,0
CUST0198,1817513.58,151459.465,12,2022-06-06,2024-10-09,2025-01-19,2025-05-20,6,300,77,"Gokhale, Gole and Thaker",Healthcare,Small,30,8,0
CUST0199,2114152.38,302021.76857142855,7,2022-08-02,2025-04-22,2019-06-30,2025-06-30,74,105,36,"Mallick, Dugar and Kamdar",Retail,Enterprise,1,8,0
CUST0200,2828913.61,282891.361,10,2022-11-17,2025-01-13,2025-05-19,2025-06-30,2,204,36,"Vyas, Ram and Ramakrishnan",Government,Enterprise,1,8,0
CUST0201,1829490.69,121966.046,15,2022-01-07,2025-01-16,2024-03-28,2025-06-30,16,201,36,Mutti-Raman,Tech,Mid-Market,1,8,0
CUST0202,1435846.65,130531.51363636363,11,2022-01-04,2025-04-02,2024-12-30,2025-06-30,7,125,36,Kakar-Shroff,Finance,Enterprise,1,8,0
CUST0203,2113542.89,192140.26272727273,11,2022-04-15,2025-07-10,2021-12-22,2025-06-30,44,26,36,"Suri, Boase and Dubey",Healthcare,Small,1,8,0
CUST0204,1418895.98,157655.10888888888,9,2022-02-10,2025-07-06,2025-03-24,2025-06-30,4,30,36,Bansal Group,Manufacturing,Mid-Market,1,8,0
CUST0205,619021.7,77377.7125,8,2022-04-05,2025-01-02,2023-01-17,2025-06-30,31,215,36,"Merchant, Narayan and Dar",Tech,Small,1,8,0
CUST0206,1606001.03,123538.54076923078,13,2022-02-24,2025-05-20,2024-04-22,2025-06-30,15,77,36,Kannan PLC,Retail,Small,1,8,0
CUST0207,947304.79,118413.09875,8,2022-01-27,2024-04-18,2022-11-28,2025-06-30,32,474,36,Natt Ltd,Manufacturing,Enterprise,1,8,0
CUST0208,643893.61,80486.70125,8,2022-01-15,2024-10-29,2020-06-28,2025-06-30,62,280,36,"Deshmukh, Hora and Patel",Government,Mid-Market,1,8,0
CUST0209,2272899.45,324699.92142857146,7,2022-05-15,2025-06-03,2019-09-21,2025-06-30,71,63,36,Chakraborty-Misra,Education,Enterprise,1,8,0
CUST0210,1963137.83,218126.42555555556,9,2022-02-04,2025-06-08,2025-01-30,2025-04-14,6,58,113,Tailor-Karan,Retail,Small,10,5,0
CUST0211,2025835.58,119166.79882352942,17,2022-01-15,2025-04-16,2021-12-22,2024-12-24,44,111,224,Suresh-Oommen,Government,Small,38,6,0
CUST0212,668211.5900000001,111368.59833333334,6,2022-09-02,2025-02-17,2019-06-27,2025-06-30,74,169,36,Ganesh LLC,Non-Profit,Enterprise,1,8,0
CUST0213,2200233.98,244470.44222222222,9,2022-02-19,2024-12-08,2019-05-29,2024-10-12,75,240,297,Lal-Palla,Healthcare,Mid-Market,25,1,1
CUST0214,1757981.65,159816.51363636364,11,2022-02-08,2025-06-09,2020-03-27,2025-06-30,65,57,36,Mane and Sons,Tech,Mid-Market,1,8,0
CUST0215,2621335.2399999998,327666.90499999997,8,2022-01-27,2025-04-23,2019-10-14,2025-06-30,70,104,36,Nayak-Keer,Healthcare,Enterprise,1,8,0
CUST0216,1707621.1400000001,155238.28545454546,11,2022-04-06,2025-05-10,2020-08-25,2023-10-27,60,87,648,Apte Inc,Government,Enterprise,17,3,1
CUST0217,1511023.79,302204.75800000003,5,2023-01-22,2025-01-16,2021-03-02,2025-06-30,53,201,36,"Basak, Mistry and Zachariah",Government,Mid-Market,1,8,0
CUST0218,1405977.9,108152.14615384614,13,2022-04-13,2025-06-28,2023-08-12,2024-08-25,24,38,345,Lalla Ltd,Healthcare,Mid-Market,22,9,0
CUST0219,53154.6,26577.3,2,2023-05-04,2023-07-28,2022-07-08,2025-06-30,37,739,36,"Acharya, Tara and Merchant",Government,Enterprise,1,8,0
CUST0220,1006780.4,125847.55,8,2022-10-13,2024-05-25,2021-04-09,2025-06-30,52,437,36,Joshi Ltd,Non-Profit,Small,1,8,0
CUST0221,1558103.03,119854.07923076923,13,2022-01-22,2025-04-28,2024-07-02,2024-08-10,13,99,360,Rajagopalan-Kapadia,Government,Enterprise,22,2,0
CUST0222,2996934.4699999997,332992.71888888883,9,2022-11-21,2025-05-03,2023-09-11,2025-06-30,23,94,36,"Pandit, Srivastava and Mital",Government,Enterprise,1,8,0
CUST0223,745445.23,82827.24777777778,9,2022-02-09,2025-03-31,2024-10-24,2025-03-22,9,127,136,"Peri, Borde and More",Healthcare,Enterprise,43,10,0
CUST0224,803996.69,114856.67,7,2022-09-21,2025-06-20,2020-08-25,2024-10-14,60,46,295,"Dave, Rau and Balakrishnan",Finance,Small,36,2,1
CUST0225,1530876.35,255146.05833333335,6,2022-01-11,2025-05-05,2021-05-22,2024-05-15,51,92,447,Sathe Group,Tech,Mid-Market,7,9,0
CUST0226,1138874.29,75924.95266666666,15,2022-01-21,2025-05-27,2025-02-17,2025-06-30,5,70,36,"Mitra, Yogi and Murthy",Non-Profit,Small,1,8,0
CUST0227,3583949.39,210820.5523529412,17,2022-04-03,2025-02-21,2021-04-09,2025-06-30,52,165,36,Sidhu and Sons,Healthcare,Small,1,8,0
CUST0228,1741208.3900000001,116080.55933333334,15,2022-08-01,2025-06-10,2022-01-08,2023-12-13,43,56,601,Sahota-Munshi,Healthcare,Enterprise,41,1,1
CUST0229,409092.25,58441.75,7,2022-06-09,2025-07-10,2024-04-14,2025-06-30,15,26,36,Parikh-Goda,Retail,Small,1,8,0
CUST0230,338697.8,67739.56,5,2022-03-21,2025-02-05,2024-07-04,2024-11-19,13,181,259,Dube-Magar,Tech,Small,2,5,0
CUST0231,765851.8999999999,95731.48749999999,8,2022-02-18,2025-06-30,2019-06-19,2025-04-03,74,36,124,Goda Inc,Finance,Small,12,9,0
CUST0232,2291708.6,127317.14444444445,18,2022-04-04,2025-05-20,2021-06-08,2025-03-04,50,77,154,Subramanian and Sons,Non-Profit,Small,10,10,0
CUST0233,1326024.31,132602.431,10,2022-04-07,2024-11-19,2019-06-25,2024-04-14,74,259,478,D’Alia-Sundaram,Manufacturing,Mid-Market,22,5,1
CUST0234,720279.3,90034.9125,8,2023-01-29,2024-06-15,2022-02-28,2025-06-30,41,416,36,Goswami Ltd,Retail,Mid-Market,1,8,0
CUST0235,1056812.26,96073.84181818181,11,2022-07-12,2025-01-17,2020-11-21,2025-06-30,57,200,36,Venkataraman-Narasimhan,Finance,Mid-Market,1,8,0
CUST0236,1706508.06,189612.00666666668,9,2023-04-20,2025-04-18,2024-10-23,2025-06-30,9,109,36,Buch-Ravel,Finance,Mid-Market,1,8,0
CUST0237,1221282.15,135698.01666666666,9,2022-05-22,2025-05-24,2023-04-09,2025-06-30,28,73,36,Bahri-Pant,Non-Profit,Small,1,8,0
CUST0238,1571640.55,174626.7277777778,9,2022-10-19,2025-07-05,2023-12-10,2024-08-01,20,31,369,Krish and Sons,Manufacturing,Enterprise,42,7,0
CUST0239,1757606.9200000002,146467.24333333335,12,2022-04-02,2025-01-05,2024-09-12,2025-06-30,10,212,36,Natt Ltd,Non-Profit,Enterprise,1,8,0
CUST0240,507313.87,63414.23375,8,2022-03-25,2025-06-12,2023-09-21,2025-06-30,22,54,36,Kapur-Sani,Tech,Enterprise,1,8,0
CUST0241,415716.19999999995,69286.03333333333,6,2022-05-29,2025-03-30,2019-07-13,2025-06-30,73,128,36,Edwin-Chanda,Education,Enterprise,1,8,0
CUST0242,1840630.14,153385.845,12,2022-04-20,2025-05-31,2021-04-10,2024-02-08,52,66,544,"Agarwal, Rastogi and Joshi",Government,Mid-Market,1,2,0
CUST0243,741023.2,123503.86666666665,6,2022-11-05,2025-05-29,2024-08-13,2025-06-30,11,68,36,Warrior-Goel,Manufacturing,Mid-Market,1,8,0
CUST0244,915652.1799999999,91565.218,10,2022-01-14,2025-06-30,2021-01-22,2024-12-26,55,36,222,Bhardwaj-Prabhakar,Manufacturing,Enterprise,32,2,1
CUST0245,1810095.4000000001,201121.71111111113,9,2022-05-29,2025-04-04,2023-11-09,2025-06-30,21,123,36,Rajagopal-Sunder,Education,Small,1,8,0
CUST0246,645370.87,161342.7175,4,2023-07-03,2024-09-08,2025-06-21,2025-07-21,1,331,15,"Oommen, Mallick and Narayanan",Government,Mid-Market,24,8,0
CUST0247,2041028.12,170085.67666666667,12,2022-02-14,2025-05-22,2025-02-25,2024-10-21,5,75,288,Bhatia-Balay,Education,Enterprise,40,5,1
CUST0248,760445.5700000001,63370.46416666667,12,2022-02-04,2025-06-15,2019-07-03,2025-06-30,74,51,36,Badal-Thakkar,Healthcare,Mid-Market,1,8,0
CUST0249,1589063.74,198632.9675,8,2022-02-22,2025-06-03,2021-05-04,2025-06-30,51,63,36,Bains-Bhatti,Finance,Enterprise,1,8,0
CUST0250,1189096.27,132121.80777777778,9,2022-01-23,2025-02-02,2019-05-03,2025-06-30,76,184,36,"Bala, Dutta and Vyas",Government,Small,1,8,0
CUST0251,796414.52,72401.32,11,2022-06-10,2025-04-22,2023-12-20,2025-07-08,19,105,28,"Kothari, Kata and Sahota",Retail,Small,5,6,0
CUST0252,2487376.9,191336.6846153846,13,2022-01-23,2025-04-21,2022-11-21,2025-06-30,32,106,36,Ray-Char,Tech,Small,1,8,0
CUST0253,2069395.34,172449.61166666666,12,2022-02-21,2025-04-13,2019-10-10,2025-06-30,70,114,36,Chakraborty Ltd,Non-Profit,Enterprise,1,8,0
CUST0254,935415.5900000001,187083.11800000002,5,2022-09-01,2025-04-04,2023-03-30,2024-01-18,28,123,565,Lad-Dhaliwal,Finance,Mid-Market,26,6,0
CUST0255,2490665.31,191589.63923076924,13,2022-04-15,2025-07-13,2019-01-02,2025-06-30,80,23,36,Mangal-Vaidya,Government,Mid-Market,1,8,0
CUST0256,1911854.8,173804.9818181818,11,2022-06-11,2024-10-19,2023-02-20,2025-06-30,29,290,36,"Lalla, Munshi and Bahl",Education,Mid-Market,1,8,0
CUST0257,2996088.94,187255.55875,16,2022-05-09,2025-07-03,2020-10-13,2024-11-15,58,33,263,Mallick-Patla,Tech,Enterprise,1,5,1
CUST0258,2804108.27,175256.766875,16,2022-03-30,2025-06-28,2019-08-15,2025-06-08,72,38,58,"Badal, Rout and Nadkarni",Manufacturing,Enterprise,16,9,0
CUST0259,1106574.26,73771.61733333333,15,2022-05-06,2025-05-06,2020-07-01,2025-01-12,62,91,205,"Ravel, Kashyap and Lad",Finance,Small,18,10,0
CUST0260,1904825.73,146525.05615384615,13,2022-04-30,2024-12-08,2021-04-03,2023-09-23,52,240,682,Raju-Bajwa,Tech,Small,47,5,1
CUST0261,1425803.2,158422.57777777777,9,2022-12-18,2025-04-26,2024-08-18,2025-06-27,11,101,39,Mahal-Barad,Non-Profit,Small,27,10,0
CUST0262,477722.06,68246.00857142857,7,2022-06-02,2025-06-29,2020-05-14,2025-01-04,63,37,213,Issac Ltd,Government,Small,2,9,0
CUST0263,2313478.7,210316.24545454548,11,2022-05-31,2025-07-02,2020-07-03,2025-06-30,61,34,36,Savant-Chandra,Retail,Small,1,8,0
CUST0264,1344525.86,84032.86625,16,2022-01-28,2025-04-26,2022-09-21,2025-06-30,34,101,36,Puri-Lad,Tech,Enterprise,1,8,0
CUST0265,1686581.72,240940.2457142857,7,2022-01-31,2025-01-12,2023-11-04,2024-05-22,21,205,440,Sami and Sons,Retail,Small,20,4,1
CUST0266,940751.2799999999,134393.03999999998,7,2022-03-04,2024-05-30,2023-10-08,2024-08-13,22,432,357,"Bhatt, Bhardwaj and Sandal",Non-Profit,Small,22,9,0
CUST0267,1126557.84,140819.73,8,2023-03-30,2025-02-16,2023-03-15,2025-06-30,29,170,36,Sharma-Kapur,Retail,Enterprise,1,8,0
CUST0268,1771031.94,221378.9925,8,2022-02-15,2024-05-25,2024-05-17,2025-06-30,14,437,36,Sha and Sons,Non-Profit,Mid-Market,1,8,0
CUST0269,3037523.63,337502.62555555557,9,2022-01-25,2024-11-30,2025-05-31,2025-06-28,2,248,38,Jain-Raja,Government,Mid-Market,12,2,0
CUST0270,914572.0599999999,130653.15142857142,7,2022-03-02,2025-01-06,2020-11-09,2025-06-30,57,211,36,"Tata, Divan and Chauhan",Non-Profit,Mid-Market,1,8,0
CUST0271,2448654.82,222604.9836363636,11,2022-01-24,2025-06-07,2023-11-24,2025-06-30,20,59,36,Prabhakar and Sons,Manufacturing,Enterprise,1,8,0
CUST0272,2703579.63,270357.963,10,2022-04-05,2025-03-14,2019-05-02,2025-06-30,76,144,36,Ghose Group,Healthcare,Enterprise,1,8,0
CUST0273,876025.73,219006.4325,4,2023-01-12,2024-12-26,2021-11-16,2024-10-24,45,222,285,Prabhu-Prabhu,Government,Mid-Market,1,7,0
CUST0274,475067.7,118766.925,4,2022-02-27,2025-07-18,2023-08-10,2023-11-04,24,18,640,"Bail, Khanna and Mahajan",Manufacturing,Small,9,5,0
CUST0275,1176263.1,130695.90000000001,9,2022-05-21,2025-04-02,2019-01-22,2025-06-30,79,125,36,Kant Ltd,Retail,Mid-Market,1,8,0
CUST0276,1537566.24,118274.32615384615,13,2022-05-29,2025-06-21,2019-09-29,2025-06-30,71,45,36,Srinivasan-Dayal,Education,Enterprise,1,8,0
CUST0277,873157.69,145526.28166666665,6,2022-06-28,2024-11-07,2021-08-17,2023-10-29,48,271,646,Sankar-Kalla,Retail,Mid-Market,32,2,1
CUST0278,1708954.48,284825.74666666664,6,2022-06-20,2024-12-20,2019-11-04,2024-09-03,70,228,336,Jha-Bobal,Tech,Mid-Market,41,1,1
CUST0279,2011825.69,167652.14083333334,12,2022-02-08,2025-07-23,2019-05-04,2025-06-30,76,13,36,"Khatri, Oak and Batra",Tech,Enterprise,1,8,0
CUST0280,1849416.48,154118.04,12,2022-01-30,2025-02-28,2023-07-05,2025-06-30,25,158,36,Luthra-Mall,Retail,Enterprise,1,8,0
CUST0281,2692913.9299999997,244810.35727272724,11,2022-01-04,2025-02-21,2024-08-15,2025-04-29,11,165,98,Tandon and Sons,Non-Profit,Mid-Market,9,9,0
CUST0282,2182725.43,198429.58454545456,11,2022-02-03,2025-07-15,2022-11-07,2024-12-11,33,21,237,"Tripathi, Bala and Jha",Non-Profit,Enterprise,39,3,1
CUST0283,2569905.06,214158.755,12,2022-11-17,2025-06-27,2021-10-17,2025-07-17,46,39,19,"Borra, Borde and Ben",Finance,Small,8,9,0
CUST0284,2521862.6,193989.43076923076,13,2022-09-02,2024-07-29,2024-03-10,2025-06-30,17,372,36,Deshmukh-Nori,Finance,Enterprise,1,8,0
CUST0285,1752144.53,175214.453,10,2023-01-20,2025-06-18,2021-05-27,2025-06-30,51,48,36,Naidu and Sons,Manufacturing,Enterprise,1,8,0
CUST0286,2664277.89,190305.5635714286,14,2022-03-27,2025-05-20,2023-11-26,2025-06-30,20,77,36,Hegde-Cherian,Tech,Enterprise,1,8,0
CUST0287,1484039.75,134912.70454545456,11,2022-02-08,2025-04-20,2021-07-14,2025-06-30,49,107,36,"Aggarwal, Soni and Purohit",Government,Small,1,8,0
CUST0288,2642271.0,240206.45454545456,11,2022-02-21,2024-02-24,2022-07-31,2025-06-30,36,528,36,Narasimhan-Brar,Healthcare,Small,1,8,0
CUST0289,660981.28,82622.66,8,2022-02-21,2025-01-08,2022-05-06,2025-06-30,39,209,36,"Lalla, Sachar and Khatri",Government,Enterprise,1,8,0
CUST0290,605828.62,67314.29111111112,9,2022-05-28,2025-05-17,2024-10-27,2025-01-18,9,80,199,"Kohli, Deo and Mistry",Retail,Small,30,10,0
CUST0291,566601.07,56660.106999999996,10,2022-03-11,2024-09-27,2025-02-15,2025-06-30,5,312,36,Shankar-Sabharwal,Non-Profit,Small,1,8,0
CUST0292,2097656.15,139843.74333333332,15,2022-01-25,2025-04-14,2025-01-18,2025-05-11,6,113,86,Morar-Borra,Retail,Small,31,8,0
CUST0293,2904513.42,290451.342,10,2022-04-25,2025-04-26,2020-12-25,2025-03-27,56,101,131,Kurian-Pant,Government,Mid-Market,13,3,0
CUST0294,2544263.12,424043.85333333333,6,2022-07-25,2024-05-14,2021-07-06,2025-06-30,49,448,36,"Hora, More and Bala",Finance,Mid-Market,1,8,0
CUST0295,1916433.22,191643.322,10,2022-05-09,2024-08-26,2021-02-07,2025-06-07,54,344,59,Sachar-Narayanan,Finance,Enterprise,46,6,0
CUST0296,829807.77,82980.777,10,2022-03-09,2025-04-26,2023-06-10,2025-06-30,26,101,36,Rau-Kari,Tech,Mid-Market,1,8,0
CUST0297,1890513.98,111206.70470588235,17,2022-04-29,2025-07-12,2019-04-03,2025-06-30,77,24,36,Dora Inc,Government,Mid-Market,1,8,0
CUST0298,2224951.67,185412.63916666666,12,2022-09-13,2025-06-25,2019-01-01,2025-01-21,80,41,196,Kala Group,Education,Enterprise,12,8,0
CUST0299,906318.1099999999,113289.76374999998,8,2022-01-12,2025-03-18,2020-03-20,2024-12-12,65,140,236,"Wali, Luthra and Vasa",Education,Small,25,8,0
CUST0300,418209.16,41820.916,10,2022-01-04,2025-04-14,2019-05-09,2025-06-30,76,113,36,"Kata, Devi and Jani",Manufacturing,Mid-Market,1,8,0
CUST0301,3435519.31,286293.2758333333,12,2022-07-02,2024-10-31,2021-07-20,2025-01-15,49,278,202,Zacharia-Kala,Education,Enterprise,42,4,1
CUST0302,2588610.45,199123.88076923077,13,2022-01-12,2025-02-10,2019-03-05,2024-06-05,78,176,426,Ahuja-Maharaj,Non-Profit,Mid-Market,27,7,0
CUST0303,2273359.65,162382.83214285714,14,2022-03-08,2025-05-01,2019-08-18,2025-01-29,72,96,188,"Sengupta, Mittal and Bandi",Healthcare,Enterprise,0,9,0
CUST0304,2199359.1100000003,314194.1585714286,7,2022-04-26,2025-05-24,2020-07-15,2023-11-29,61,73,615,Chokshi-Malhotra,Retail,Small,6,5,1
CUST0305,1963200.57,218133.39666666667,9,2022-02-09,2025-05-25,2025-03-06,2025-05-01,5,72,96,Hayer-Dave,Non-Profit,Enterprise,7,7,0
CUST0306,2431288.7199999997,270143.1911111111,9,2022-03-09,2024-08-29,2021-10-07,2023-11-13,46,341,631,Hegde-Swaminathan,Retail,Small,24,1,1
CUST0307,1725509.66,143792.47166666665,12,2022-03-03,2025-01-23,2025-03-13,2025-06-30,4,194,36,Srinivasan-Jaggi,Manufacturing,Enterprise,1,8,0
CUST0308,553685.95,69210.74375,8,2022-02-17,2025-02-03,2024-03-16,2025-06-30,16,183,36,"Chaudhari, Comar and Bhagat",Government,Enterprise,1,8,0
CUST0309,1033118.4199999999,114790.93555555555,9,2022-06-07,2025-06-08,2020-10-07,2025-03-05,58,58,153,Shah-Saini,Healthcare,Small,36,6,0
CUST0310,1123520.66,140440.0825,8,2022-11-01,2025-07-02,2023-12-08,2025-06-30,20,34,36,"Shroff, Pandya and Gole",Finance,Small,1,8,0
CUST0311,1045433.54,95039.41272727273,11,2022-06-08,2025-07-12,2021-04-14,2025-06-30,52,24,36,"Lad, Shanker and Mital",Non-Profit,Enterprise,1,8,0
CUST0312,953538.71,79461.55916666666,12,2022-11-06,2025-03-19,2020-04-08,2025-06-30,64,139,36,Bajaj-Pillay,Education,Mid-Market,1,8,0
CUST0313,1493054.0899999999,99536.93933333333,15,2023-02-11,2025-06-28,2021-01-10,2025-06-30,55,38,36,Badal-Andra,Healthcare,Enterprise,1,8,0
CUST0314,2493763.7800000003,226705.79818181822,11,2022-02-20,2025-07-13,2025-05-01,2025-06-04,3,23,62,Saraf and Sons,Tech,Enterprise,46,9,0
CUST0315,2584728.09,234975.28090909088,11,2022-09-11,2025-05-09,2020-05-05,2025-06-30,63,88,36,Menon Inc,Healthcare,Enterprise,1,8,0
CUST0316,3046241.98,203082.79866666667,15,2022-02-08,2025-06-30,2021-11-30,2025-06-13,44,36,53,"Randhawa, Gala and Chada",Non-Profit,Enterprise,19,5,0
CUST0317,1490217.15,124184.7625,12,2022-05-30,2025-06-24,2019-08-16,2025-06-30,72,42,36,Buch LLC,Tech,Mid-Market,1,8,0
CUST0318,3552972.73,296081.06083333335,12,2022-01-10,2025-04-13,2022-11-26,2025-06-30,32,114,36,Wali-Seth,Tech,Small,1,8,0
CUST0319,3253413.08,191377.24,17,2022-01-21,2025-02-26,2020-02-12,2025-06-30,66,160,36,Zacharia PLC,Manufacturing,Mid-Market,1,8,0
CUST0320,1199995.91,109090.53727272726,11,2022-02-17,2025-03-24,2019-08-20,2025-06-30,72,134,36,"Balay, Ravi and Nagarajan",Non-Profit,Enterprise,1,8,0
CUST0321,1776758.28,253822.61142857143,7,2022-02-03,2025-02-10,2021-12-14,2025-06-10,44,176,56,"Shenoy, Mahajan and Kata",Retail,Mid-Market,28,9,0
CUST0322,2141213.77,164708.75153846154,13,2022-02-04,2025-07-20,2020-11-14,2025-06-30,57,16,36,Gupta Ltd,Non-Profit,Mid-Market,1,8,0
CUST0323,2840033.86,258184.89636363636,11,2023-02-17,2025-05-14,2020-08-06,2024-08-22,60,83,348,"Goda, Dalal and Panchal",Education,Enterprise,16,5,1
CUST0324,1013147.8099999999,112571.97888888889,9,2022-04-25,2025-01-12,2024-09-28,2025-04-01,10,205,126,Oza and Sons,Finance,Small,2,5,0
CUST0325,1446132.04,131466.5490909091,11,2022-01-31,2025-06-11,2025-07-09,2025-07-24,0,55,12,"Dada, Soni and Mital",Government,Mid-Market,5,6,0
CUST0326,3831016.12,294693.5476923077,13,2022-04-17,2025-06-01,2020-08-12,2025-06-30,60,65,36,"Nayar, Bhasin and Tara",Healthcare,Enterprise,1,8,0
CUST0327,794674.61,88297.17888888888,9,2022-02-14,2025-05-22,2023-02-18,2025-06-30,29,75,36,Roy PLC,Tech,Small,1,8,0
CUST0328,1605205.29,229315.04142857142,7,2022-01-07,2024-05-15,2021-03-19,2024-05-12,53,447,450,Merchant-Mangal,Retail,Mid-Market,48,3,1
CUST0329,1136043.05,126227.00555555556,9,2022-03-17,2025-05-25,2023-12-04,2025-06-30,20,72,36,Bhatti-Dhawan,Education,Enterprise,1,8,0
CUST0330,1490517.93,99367.862,15,2022-02-28,2025-03-02,2022-08-05,2023-08-29,36,156,707,Bains-Choudhary,Non-Profit,Small,9,4,1
CUST0331,3237310.7800000003,215820.71866666668,15,2022-02-18,2024-11-09,2025-03-08,2025-06-26,5,269,40,Baral Inc,Education,Enterprise,50,10,0
CUST0332,2785274.5100000002,198948.17928571432,14,2022-05-08,2025-05-19,2024-03-18,2025-06-30,16,78,36,"Thakkar, Dhar and Patla",Healthcare,Enterprise,1,8,0
CUST0333,1239351.45,137705.71666666667,9,2022-03-30,2025-07-24,2019-02-10,2025-06-30,78,12,36,"Nagarajan, Dayal and Palla",Education,Enterprise,1,8,0
CUST0334,1713340.15,142778.34583333333,12,2022-01-06,2025-03-07,2023-12-07,2024-11-09,20,151,269,"Nath, Pingle and Wason",Non-Profit,Mid-Market,11,5,0
CUST0335,1029830.4299999999,128728.80374999999,8,2022-08-13,2025-07-08,2022-01-12,2025-06-30,43,28,36,"Dyal, Devi and Mitter",Tech,Enterprise,1,8,0
CUST0336,1120582.3,224116.46000000002,5,2022-03-10,2024-06-11,2019-01-13,2024-12-28,79,420,220,"Mandal, Ravi and Bala",Non-Profit,Mid-Market,28,4,1
CUST0337,2583265.68,369037.9542857143,7,2022-09-11,2025-01-09,2024-02-09,2025-06-30,18,208,36,Mittal LLC,Non-Profit,Enterprise,1,8,0
CUST0338,2319758.86,165697.0614285714,14,2022-08-14,2025-02-07,2022-07-05,2025-06-30,37,179,36,Sem PLC,Non-Profit,Enterprise,1,8,0
CUST0339,772297.49,128716.24833333334,6,2022-10-04,2025-04-07,2019-04-02,2025-06-30,77,120,36,Luthra Group,Education,Enterprise,1,8,0
CUST0340,807766.6799999999,115395.23999999999,7,2022-02-19,2024-10-08,2019-10-01,2025-06-30,71,301,36,Kulkarni PLC,Tech,Small,1,8,0
CUST0341,1903709.23,190370.923,10,2022-01-31,2025-05-19,2019-12-03,2025-06-30,69,78,36,"Sarraf, Grover and Vora",Retail,Small,1,8,0
CUST0342,2996527.13,272411.55727272725,11,2022-06-25,2025-07-23,2020-04-07,2025-06-30,64,13,36,Raman-Devi,Tech,Enterprise,1,8,0
CUST0343,1327338.6199999999,147482.06888888887,9,2022-06-28,2024-05-23,2020-01-20,2025-06-30,67,439,36,Tank-Nagar,Healthcare,Mid-Market,1,8,0
CUST0344,1673176.38,239025.19714285713,7,2023-02-18,2025-06-13,2022-11-07,2024-06-26,33,53,405,Dhawan LLC,Government,Small,10,2,1
CUST0345,1936518.31,176047.1190909091,11,2022-04-02,2025-05-18,2024-08-31,2025-06-30,11,79,36,"Chand, Sarkar and Bhatti",Education,Small,1,8,0
CUST0346,1694087.12,154007.92,11,2022-03-12,2025-03-22,2020-04-20,2025-06-30,64,136,36,"Konda, Dubey and Sharaf",Non-Profit,Mid-Market,1,8,0
CUST0347,1283008.6,98692.96923076923,13,2022-01-26,2025-04-02,2024-09-15,2025-06-30,10,125,36,Bal-Gupta,Non-Profit,Small,1,8,0
CUST0348,739978.21,67270.74636363635,11,2022-04-05,2025-07-01,2020-07-24,2025-06-30,61,35,36,Manda PLC,Government,Mid-Market,1,8,0
CUST0349,2108043.58,162157.19846153847,13,2022-01-09,2025-01-27,2025-02-20,2025-01-22,5,190,195,Rout Ltd,Retail,Enterprise,42,4,1
CUST0350,1665236.96,118945.49714285714,14,2022-03-30,2025-02-05,2019-04-15,2025-06-30,76,181,36,Chauhan and Sons,Education,Enterprise,1,8,0
CUST0351,2846714.18,189780.94533333334,15,2022-01-16,2025-05-31,2021-05-06,2024-08-31,51,66,339,Karnik-Goel,Government,Enterprise,20,3,1
CUST0352,964897.3999999999,160816.2333333333,6,2022-01-18,2024-08-01,2019-10-15,2025-06-30,70,369,36,Thakkar-Gopal,Education,Mid-Market,1,8,0
CUST0353,1508807.42,167645.26888888888,9,2022-02-25,2025-04-01,2025-02-13,2025-03-10,5,126,148,Gaba LLC,Government,Enterprise,50,5,0
CUST0354,783566.48,111938.06857142856,7,2022-02-10,2025-07-22,2023-10-30,2025-06-30,21,14,36,"Mistry, Badami and Thaman",Non-Profit,Small,1,8,0
CUST0355,2008982.72,154537.1323076923,13,2022-02-11,2025-07-17,2023-09-12,2024-01-15,23,19,568,"Kuruvilla, Baral and Shetty",Non-Profit,Enterprise,35,8,0
CUST0356,2060783.79,158521.83000000002,13,2022-01-28,2025-06-21,2024-04-02,2024-04-18,16,45,474,Sandhu PLC,Non-Profit,Enterprise,50,4,1
CUST0357,807969.26,73451.75090909092,11,2022-03-03,2025-06-24,2019-02-13,2025-06-30,78,42,36,Choudhry-Mishra,Manufacturing,Small,1,8,0
CUST0358,722637.67,103233.95285714287,7,2022-03-24,2025-03-14,2019-05-28,2025-06-30,75,144,36,"Rana, Chatterjee and Gole",Government,Small,1,8,0
CUST0359,1437461.88,159717.98666666666,9,2022-01-01,2025-07-07,2022-03-22,2025-01-13,41,29,204,Palla Ltd,Government,Mid-Market,14,4,1
CUST0360,1125205.3699999999,160743.62428571426,7,2023-04-11,2025-04-13,2019-11-27,2025-06-30,69,114,36,Upadhyay-Golla,Retail,Small,1,8,0
CUST0361,1014156.0,101415.6,10,2022-01-26,2025-05-29,2022-02-07,2025-06-30,42,68,36,Balasubramanian Inc,Government,Small,1,8,0
CUST0362,1112290.68,111229.068,10,2023-02-02,2025-06-19,2022-05-06,2025-06-30,39,47,36,"Narayan, Nori and Dhingra",Healthcare,Small,1,8,0
CUST0363,1192245.1,132471.67777777778,9,2022-01-16,2024-12-27,2020-11-23,2025-02-10,57,221,176,Borah-Kapadia,Healthcare,Mid-Market,14,9,0
CUST0364,937310.21,187462.042,5,2022-05-09,2025-07-10,2020-07-06,2024-11-27,61,26,251,"Oza, Issac and Sahni",Non-Profit,Enterprise,8,8,0
CUST0365,993500.3099999999,124187.53874999999,8,2022-04-29,2025-04-30,2022-01-30,2025-06-30,42,97,36,"Atwal, Kalita and Mukherjee",Healthcare,Small,1,8,0
CUST0366,1123915.6,80279.68571428572,14,2022-01-07,2025-07-20,2021-07-11,2025-06-30,49,16,36,Handa-Sarma,Tech,Enterprise,1,8,0
CUST0367,2381460.68,170104.33428571429,14,2022-01-25,2025-05-10,2025-07-22,2025-07-23,0,87,13,Goel-Hayre,Education,Enterprise,10,10,0
CUST0368,609537.0900000001,67726.34333333334,9,2022-04-08,2025-04-18,2019-12-21,2025-06-30,68,109,36,"Narain, Rout and Khurana",Healthcare,Enterprise,1,8,0
CUST0369,1721084.19,172108.419,10,2022-08-09,2025-07-05,2022-02-12,2025-06-30,42,31,36,Dixit Inc,Manufacturing,Small,1,8,0
CUST0370,1675217.6600000001,139601.47166666668,12,2022-06-19,2024-09-07,2022-02-16,2025-06-30,42,332,36,"Bumb, Borra and Narayanan",Finance,Small,1,8,0
CUST0371,535938.47,89323.07833333332,6,2022-05-03,2025-05-03,2020-02-02,2025-07-17,67,94,19,Keer-Oommen,Manufacturing,Small,13,6,0
CUST0372,1327795.24,73766.40222222223,18,2022-02-27,2025-04-01,2021-10-27,2025-06-30,45,126,36,Devan Group,Tech,Enterprise,1,8,0
CUST0373,2495721.0,226883.72727272726,11,2022-01-05,2025-07-12,2021-04-14,2025-06-30,52,24,36,Prashad-Parmar,Healthcare,Enterprise,1,8,0
CUST0374,3017023.44,232078.72615384616,13,2022-04-01,2025-06-19,2021-07-16,2025-06-30,49,47,36,Rajagopal-Batra,Tech,Mid-Market,1,8,0
CUST0375,1846331.49,205147.94333333333,9,2023-02-02,2025-04-16,2022-11-21,2025-06-01,32,111,65,Om-Koshy,Healthcare,Small,19,8,0
CUST0376,915966.58,114495.8225,8,2022-02-02,2025-03-29,2024-12-27,2025-06-30,7,129,36,Shanker LLC,Manufacturing,Small,1,8,0
CUST0377,2005961.27,334326.87833333336,6,2022-01-10,2025-06-18,2023-11-12,2025-06-30,21,48,36,"Suresh, Sidhu and Tella",Government,Enterprise,1,8,0
CUST0378,2031312.21,169276.0175,12,2022-10-13,2025-03-05,2020-06-24,2024-07-18,62,153,383,"Kalla, Lalla and Sachdeva",Finance,Mid-Market,4,1,1
CUST0379,1746778.41,134367.57,13,2022-02-01,2025-04-29,2019-06-26,2025-06-30,74,98,36,Gulati Group,Government,Enterprise,1,8,0
CUST0380,1594797.22,132899.76833333334,12,2022-04-03,2025-01-11,2021-10-27,2023-11-09,45,206,635,Dugar PLC,Manufacturing,Enterprise,15,3,1
CUST0381,2941682.44,267425.67636363633,11,2022-06-09,2025-07-04,2021-11-15,2025-06-30,45,32,36,Saha-Karnik,Tech,Mid-Market,1,8,0
CUST0382,1482730.12,123560.84333333334,12,2023-02-14,2025-06-18,2024-03-30,2024-07-13,16,48,388,Uppal Inc,Government,Enterprise,5,10,0
CUST0383,1370411.16,152267.90666666665,9,2023-02-18,2025-06-22,2023-09-24,2024-07-01,22,44,400,"Dutt, Walla and Roy",Education,Enterprise,42,6,0
CUST0384,306498.3,34055.36666666667,9,2022-04-24,2025-02-02,2022-12-21,2025-06-30,31,184,36,"Brahmbhatt, Rai and Karpe",Finance,Mid-Market,1,8,0
CUST0385,1616344.66,107756.31066666666,15,2022-04-23,2025-07-24,2020-02-09,2025-06-30,66,12,36,"Kant, Tata and Kumar",Manufacturing,Small,1,8,0
CUST0386,992330.3,141761.47142857144,7,2022-04-19,2025-05-24,2019-05-23,2025-06-30,75,73,36,Shetty-Deep,Finance,Small,1,8,0
CUST0387,4637430.29,386452.52416666667,12,2022-05-03,2024-12-28,2019-09-06,2025-06-30,72,220,36,"Shan, Rama and Kanda",Education,Small,1,8,0
CUST0388,624442.31,89206.04428571429,7,2022-03-01,2025-03-28,2019-04-24,2025-06-30,76,130,36,Patla LLC,Finance,Mid-Market,1,8,0
CUST0389,2857860.14,219835.3953846154,13,2022-04-08,2025-07-01,2023-07-16,2023-09-23,25,35,682,"Chadha, Ghosh and Buch",Education,Enterprise,37,7,0
CUST0390,558930.74,93155.12333333334,6,2022-08-23,2025-07-02,2020-05-26,2025-06-30,63,34,36,"Sarna, Brar and Saxena",Finance,Small,1,8,0
CUST0391,1111487.3,158783.9,7,2022-12-07,2024-12-22,2022-12-15,2024-12-26,32,226,222,"Bumb, Vohra and Randhawa",Education,Enterprise,3,5,0
CUST0392,894987.7,149164.61666666667,6,2022-05-11,2024-10-21,2019-09-02,2025-06-30,72,288,36,"Jain, Gokhale and Karpe",Manufacturing,Enterprise,1,8,0
CUST0393,3049171.86,234551.68153846153,13,2022-02-26,2025-06-06,2021-01-14,2025-06-30,55,60,36,"Chhabra, Sandhu and Gade",Tech,Small,1,8,0
CUST0394,1191399.05,170199.86428571428,7,2022-03-31,2024-11-02,2022-09-14,2025-06-30,35,276,36,Mishra-Nayar,Education,Mid-Market,1,8,0
CUST0395,1543241.2000000002,192905.15000000002,8,2022-02-24,2025-06-17,2020-09-25,2025-06-30,59,49,36,Golla-Narang,Tech,Mid-Market,1,8,0
CUST0396,1247949.13,207991.52166666664,6,2022-03-29,2025-04-19,2024-12-01,2025-01-08,8,108,209,"Parekh, Keer and Baria",Retail,Enterprise,1,2,1
CUST0397,1741016.5699999998,217627.07124999998,8,2023-11-04,2025-04-27,2020-05-07,2025-06-30,63,100,36,"Wable, Dhingra and Om",Manufacturing,Mid-Market,1,8,0
CUST0398,590037.78,65559.75333333334,9,2022-03-15,2025-02-16,2020-04-16,2025-06-30,64,170,36,"Kuruvilla, Chatterjee and Seshadri",Retail,Mid-Market,1,8,0
CUST0399,541312.05,67664.00625,8,2022-07-09,2025-03-10,2019-11-10,2025-06-30,69,148,36,Rai-Kade,Retail,Enterprise,1,8,0
CUST0400,2020891.38,126305.71125,16,2022-05-07,2025-04-10,2025-06-20,2025-07-02,1,117,34,Sabharwal LLC,Retail,Enterprise,19,6,0
CUST0401,1702184.43,212773.05375,8,2022-03-21,2025-03-24,2020-01-22,2025-06-30,67,134,36,"Roy, Rajagopalan and Batta",Tech,Mid-Market,1,8,0
CUST0402,2865309.9,260482.71818181817,11,2022-04-28,2025-03-24,2024-12-23,2025-06-30,7,134,36,Nigam LLC,Finance,Enterprise,1,8,0
CUST0403,528297.97,75471.13857142857,7,2022-08-23,2025-04-23,2025-05-31,2024-12-27,2,104,221,"Desai, Koshy and Raj",Government,Enterprise,48,2,1
CUST0404,2745102.48,196078.74857142856,14,2022-03-02,2025-06-17,2025-03-22,2025-06-30,4,49,36,Handa-Raj,Manufacturing,Small,1,8,0
CUST0405,1296190.09,86412.67266666667,15,2022-04-24,2025-05-21,2022-10-31,2025-06-30,33,76,36,Saraf-Lal,Tech,Small,1,8,0
CUST0406,1909271.0599999998,272753.00857142854,7,2022-01-08,2025-07-14,2024-07-04,2025-04-15,13,22,112,Nath-Ahuja,Finance,Small,43,6,0
CUST0407,1730080.47,247154.35285714286,7,2022-03-21,2025-02-22,2021-01-07,2025-06-30,55,164,36,"Date, Barman and Master",Finance,Enterprise,1,8,0
CUST0408,3599708.85,449963.60625,8,2022-01-22,2024-10-18,2024-04-07,2024-08-07,16,291,363,Mital PLC,Retail,Enterprise,22,5,1
CUST0409,1391673.73,198810.53285714285,7,2022-11-03,2025-04-23,2022-06-21,2025-06-30,38,104,36,Bhatnagar-Master,Manufacturing,Small,1,8,0
CUST0410,3329803.17,256138.70538461537,13,2022-05-23,2025-02-04,2021-04-09,2025-02-21,52,182,165,Sarin Inc,Education,Mid-Market,49,9,0
CUST0411,600638.54,100106.42333333334,6,2022-08-20,2025-06-07,2022-12-25,2024-10-22,31,59,287,"Mallick, Kala and Deo",Education,Small,32,4,1
CUST0412,855830.21,171166.042,5,2022-03-29,2025-04-09,2023-05-03,2025-06-30,27,118,36,"Narayanan, Contractor and Divan",Manufacturing,Small,1,8,0
CUST0413,991716.78,90156.07090909091,11,2022-03-12,2025-06-30,2025-06-24,2025-06-30,1,36,36,Loke Inc,Tech,Enterprise,1,8,0
CUST0414,1325852.79,147316.97666666668,9,2022-06-07,2024-07-30,2023-12-03,2025-06-08,20,371,58,"Mannan, Dora and Gupta",Retail,Small,41,9,0
CUST0415,1383792.66,276758.532,5,2022-02-06,2024-09-06,2022-11-09,2025-06-30,33,333,36,"Varty, Kalita and Parsa",Healthcare,Small,1,8,0
CUST0416,1672605.69,139383.8075,12,2022-01-09,2024-10-17,2023-12-03,2025-06-30,20,292,36,Kala PLC,Government,Mid-Market,1,8,0
CUST0417,1285061.68,107088.47333333333,12,2022-06-07,2025-05-15,2024-05-12,2025-06-30,15,82,36,Dua PLC,Government,Enterprise,1,8,0
CUST0418,739121.51,61593.45916666667,12,2022-03-26,2025-05-06,2020-10-08,2025-06-30,58,91,36,"Nagy, Dey and Sankar",Education,Mid-Market,1,8,0
CUST0419,1440937.4,130994.30909090908,11,2022-02-01,2025-05-01,2020-05-01,2025-06-30,64,96,36,"Rama, Boase and Solanki",Retail,Enterprise,1,8,0
CUST0420,3486599.98,290549.99833333335,12,2022-12-22,2025-05-23,2024-05-18,2025-06-05,14,74,61,Rau-Pau,Education,Mid-Market,40,5,0
CUST0421,795414.27,132569.045,6,2022-08-26,2024-12-23,2023-04-09,2023-11-03,28,225,641,"Din, Bhatnagar and Kade",Retail,Mid-Market,30,5,1
CUST0422,854091.69,85409.169,10,2022-06-14,2024-10-21,2022-07-15,2025-02-02,37,288,184,Padmanabhan-Minhas,Finance,Enterprise,46,7,0
CUST0423,1195738.88,398579.62666666665,3,2022-10-05,2023-09-28,2024-01-25,2025-06-30,18,677,36,"Bal, Rao and Bhardwaj",Retail,Enterprise,1,8,0
CUST0424,2294820.3800000004,254980.04222222226,9,2022-03-03,2025-07-07,2019-10-17,2025-06-30,70,29,36,Suresh-Agarwal,Government,Small,1,8,0
CUST0425,1485161.77,148516.177,10,2022-02-04,2025-01-24,2025-02-12,2025-04-17,5,193,110,Jaggi-Sama,Government,Small,7,4,0
CUST0426,2084358.68,189487.1527272727,11,2022-01-24,2025-06-10,2019-08-07,2024-06-14,73,56,417,Pingle PLC,Finance,Enterprise,20,2,1
CUST0427,3446663.07,265127.92846153845,13,2022-01-01,2025-07-01,2025-06-18,2025-07-03,1,35,33,Sur-Gera,Tech,Mid-Market,22,10,0
CUST0428,604377.22,67153.02444444444,9,2022-02-09,2025-04-11,2020-09-08,2025-06-30,59,116,36,Virk and Sons,Manufacturing,Small,1,8,0
CUST0429,1793312.0,163028.36363636365,11,2023-01-28,2025-06-18,2022-03-06,2025-06-30,41,48,36,Jaggi-Gandhi,Healthcare,Small,1,8,0
CUST0430,361193.38,40132.59777777778,9,2022-01-15,2024-12-08,2020-01-01,2025-05-05,68,240,92,"Kamdar, Borra and Wagle",Healthcare,Small,13,8,0
CUST0431,1316175.8,131617.58000000002,10,2022-02-18,2024-06-21,2023-06-03,2024-03-26,26,410,497,"Palan, Sinha and Brahmbhatt",Retail,Small,24,5,0
CUST0432,1348152.11,96296.5792857143,14,2022-01-17,2025-02-10,2019-11-21,2025-06-30,69,176,36,"Mahajan, Shah and Parmer",Government,Small,1,8,0
CUST0433,1375840.2999999998,196548.61428571425,7,2022-02-22,2025-07-16,2025-05-09,2025-06-30,2,20,36,Nath Inc,Retail,Mid-Market,1,8,0
CUST0434,2670695.83,222557.98583333334,12,2022-05-26,2025-07-22,2021-08-28,2025-07-13,47,14,23,Banerjee PLC,Education,Mid-Market,7,10,0
CUST0435,1404639.28,200662.7542857143,7,2022-02-06,2025-03-19,2023-03-10,2023-07-31,29,139,736,Hayer-Krishna,Healthcare,Mid-Market,13,4,1
CUST0436,1933167.65,241645.95625,8,2022-12-28,2025-01-04,2022-08-20,2025-06-30,36,213,36,"Sarna, Sarma and Minhas",Healthcare,Enterprise,1,8,0
CUST0437,3826265.27,255084.35133333332,15,2022-01-12,2025-06-25,2022-02-08,2023-08-12,42,41,724,Sinha-Joshi,Healthcare,Mid-Market,44,2,1
CUST0438,1459118.53,132647.1390909091,11,2022-10-05,2025-02-03,2025-05-06,2025-01-05,3,183,212,"Narula, Garg and Sanghvi",Manufacturing,Small,50,5,1
CUST0439,833983.26,138997.21,6,2022-01-24,2025-07-17,2023-01-04,2024-09-16,31,19,323,Bhakta-Vig,Healthcare,Small,10,7,0
CUST0440,2557999.4699999997,284222.16333333333,9,2022-04-15,2025-05-12,2020-02-14,2025-06-30,66,85,36,Sekhon and Sons,Manufacturing,Mid-Market,1,8,0
CUST0441,1477440.15,147744.01499999998,10,2022-02-01,2025-07-20,2019-06-15,2025-05-25,74,16,72,Bumb-Gandhi,Manufacturing,Small,2,8,0
CUST0442,1955744.4100000001,279392.0585714286,7,2022-06-21,2025-02-22,2024-07-02,2024-10-30,13,164,279,Sahota-Dhawan,Manufacturing,Small,12,2,0
CUST0443,1597865.12,159786.51200000002,10,2022-03-24,2025-05-01,2023-11-16,2023-11-27,20,96,617,Malhotra Group,Healthcare,Enterprise,25,2,1
CUST0444,654767.36,59524.30545454545,11,2022-04-19,2025-03-24,2023-07-18,2025-06-30,24,134,36,Sachar and Sons,Manufacturing,Enterprise,1,8,0
CUST0445,282735.61,56547.121999999996,5,2022-09-05,2025-07-03,2021-07-29,2025-06-30,48,33,36,"Tailor, Borde and Saran",Finance,Mid-Market,1,8,0
CUST0446,1340441.41,148937.93444444443,9,2022-02-21,2025-01-18,2024-09-05,2024-12-04,11,199,244,"Maharaj, Sanghvi and Tiwari",Education,Small,12,7,0
CUST0447,1633906.86,125685.14307692308,13,2022-09-28,2025-04-04,2024-11-23,2025-06-30,8,123,36,Edwin-Lanka,Manufacturing,Mid-Market,1,8,0
CUST0448,2504297.36,192638.25846153844,13,2022-01-30,2024-12-17,2020-02-13,2025-06-30,66,231,36,Agrawal PLC,Retail,Enterprise,1,8,0
CUST0449,2616425.5300000003,261642.553,10,2022-01-28,2024-06-29,2025-02-05,2025-05-25,6,402,72,"Naidu, Tak and Chawla",Healthcare,Mid-Market,13,8,0
CUST0450,2235382.42,248375.82444444444,9,2022-02-03,2025-03-13,2019-01-07,2024-06-07,80,145,424,Patil LLC,Government,Mid-Market,34,3,1
CUST0451,754728.2,150945.63999999998,5,2022-01-23,2024-09-02,2019-11-20,2025-06-30,69,337,36,Rajagopalan-Narain,Manufacturing,Small,1,8,0
CUST0452,896641.11,149440.185,6,2022-02-18,2025-02-06,2020-05-30,2025-06-30,63,180,36,Balan Group,Government,Enterprise,1,8,0
CUST0453,1946061.82,216229.0911111111,9,2022-01-08,2025-05-18,2025-03-09,2025-06-30,4,79,36,Deep Ltd,Manufacturing,Mid-Market,1,8,0
CUST0454,2684093.3,141268.06842105262,19,2022-01-16,2025-05-12,2021-04-10,2024-10-01,52,85,308,Chawla-Chawla,Tech,Small,24,2,1
CUST0455,933118.86,93311.886,10,2022-01-04,2025-02-05,2024-11-16,2024-10-29,8,181,280,Yogi LLC,Tech,Small,49,3,1
CUST0456,2932330.35,266575.4863636364,11,2022-07-12,2025-06-02,2019-12-05,2025-06-30,69,64,36,Sunder-Mand,Healthcare,Mid-Market,1,8,0
CUST0457,642032.09,80254.01125,8,2023-04-13,2025-03-27,2021-12-01,2025-06-30,44,131,36,Sastry Inc,Manufacturing,Small,1,8,0
CUST0458,1101124.8599999999,122347.20666666665,9,2022-04-14,2024-08-15,2021-09-30,2025-06-30,46,355,36,Rastogi Ltd,Non-Profit,Mid-Market,1,8,0
CUST0459,1991295.9100000001,124455.99437500001,16,2022-03-12,2025-05-25,2023-01-04,2023-11-26,31,72,618,"Pillay, Mangal and Subramanian",Manufacturing,Mid-Market,22,3,1
CUST0460,911712.08,91171.208,10,2022-03-24,2025-07-06,2020-03-03,2025-06-30,66,30,36,Kumar-Gour,Healthcare,Mid-Market,1,8,0
CUST0461,2475321.06,176808.64714285714,14,2022-05-31,2025-07-07,2019-06-22,2025-06-30,74,29,36,Mistry LLC,Healthcare,Small,1,8,0
CUST0462,2378319.71,297289.96375,8,2022-04-10,2025-05-24,2020-08-02,2023-10-04,60,73,671,Dara-Oommen,Government,Mid-Market,19,3,0
CUST0463,376212.87,47026.60875,8,2023-02-10,2024-11-04,2025-04-04,2025-06-05,4,274,61,"Shah, Jain and Soni",Healthcare,Enterprise,1,9,0
CUST0464,836216.9299999999,104527.11624999999,8,2022-12-17,2025-05-20,2025-04-25,2025-06-30,3,77,36,Borah PLC,Manufacturing,Enterprise,1,8,0
CUST0465,1956522.17,150501.70538461537,13,2022-02-20,2025-05-01,2024-06-21,2025-06-30,13,96,36,Chana-Sood,Education,Mid-Market,1,8,0
CUST0466,2939448.39,267222.58090909093,11,2022-01-18,2024-10-19,2022-08-21,2024-10-31,36,290,278,Kumar-Ram,Non-Profit,Small,42,4,1
CUST0467,730415.2,56185.78461538461,13,2022-02-03,2025-05-31,2022-12-12,2025-06-30,32,66,36,"Soni, Samra and Divan",Manufacturing,Mid-Market,1,8,0
CUST0468,508086.43999999994,72583.77714285713,7,2022-06-30,2025-05-07,2024-03-06,2025-06-30,17,90,36,"Seshadri, Pau and Samra",Healthcare,Mid-Market,1,8,0
CUST0469,1067004.34,213400.86800000002,5,2022-11-10,2025-02-07,2023-12-03,2025-06-30,20,179,36,Shukla-Doctor,Tech,Enterprise,1,8,0
CUST0470,924998.76,132142.68,7,2022-03-04,2025-07-16,2019-02-20,2024-09-19,78,20,320,Bhagat-Sarkar,Tech,Small,41,6,0
CUST0471,632373.35,90339.05,7,2022-01-27,2024-11-24,2025-07-17,2025-07-21,0,254,15,Babu Group,Education,Small,3,6,0
CUST0472,2235977.2199999997,203270.65636363634,11,2022-06-11,2025-05-28,2021-01-08,2024-11-01,55,69,277,Talwar-Bhatnagar,Healthcare,Enterprise,0,10,0
CUST0473,2323226.2600000002,258136.25111111114,9,2022-12-18,2025-07-24,2019-07-02,2024-09-30,74,12,309,"Aurora, Sane and Basak",Tech,Mid-Market,34,2,1
CUST0474,2849484.27,316609.36333333334,9,2022-04-05,2024-10-29,2022-05-23,2025-06-30,39,280,36,Kale PLC,Tech,Enterprise,1,8,0
CUST0475,1053976.3599999999,105397.63599999998,10,2022-03-01,2025-07-07,2024-06-30,2025-06-30,13,29,36,Ramachandran-Muni,Tech,Enterprise,1,8,0
CUST0476,1205001.5699999998,109545.59727272726,11,2022-03-12,2025-06-21,2024-10-03,2025-06-30,10,45,36,"Ramakrishnan, Kapoor and Saraf",Retail,Mid-Market,1,8,0
CUST0477,1987099.57,198709.957,10,2022-05-25,2025-06-07,2021-08-11,2025-06-30,48,59,36,Rout and Sons,Retail,Enterprise,1,8,0
CUST0478,1101494.58,183582.43000000002,6,2022-08-22,2023-11-14,2023-05-19,2025-06-30,26,630,36,Padmanabhan Group,Finance,Small,1,8,0
CUST0479,1481411.4,134673.76363636364,11,2022-04-13,2025-06-14,2023-09-15,2025-06-30,23,52,36,Mitra Ltd,Non-Profit,Mid-Market,1,8,0
CUST0480,2340780.81,180060.0623076923,13,2022-01-27,2025-04-28,2021-10-23,2024-11-01,46,99,277,Pillay-Edwin,Education,Small,18,5,1
CUST0481,1102572.66,157510.37999999998,7,2024-01-24,2025-03-11,2019-06-19,2024-03-01,74,147,522,Raj Inc,Government,Mid-Market,3,6,0
CUST0482,1998876.26,222097.36222222223,9,2022-07-17,2025-07-01,2019-12-02,2025-06-30,69,35,36,Kamdar and Sons,Tech,Enterprise,1,8,0
CUST0483,1082781.95,120309.10555555555,9,2022-01-28,2025-06-07,2021-08-11,2024-11-24,48,59,254,Lala and Sons,Finance,Small,5,3,0
CUST0484,2168448.5300000003,271056.06625000003,8,2022-01-02,2025-06-10,2019-03-20,2025-06-30,77,56,36,"Pal, Saran and Choudhury",Tech,Mid-Market,1,8,0
CUST0485,684122.85,85515.35625,8,2022-02-06,2025-06-06,2020-10-15,2024-07-19,58,60,382,Comar Group,Manufacturing,Mid-Market,31,2,1
CUST0486,2224337.66,171102.89692307694,13,2022-03-09,2024-05-25,2024-12-03,2025-06-30,8,437,36,Bobal-Kulkarni,Healthcare,Mid-Market,1,8,0
CUST0487,2881448.44,221649.88,13,2022-03-14,2025-03-28,2021-07-03,2025-06-30,49,130,36,"Yadav, Sehgal and Agate",Finance,Mid-Market,1,8,0
CUST0488,1549973.51,172219.2788888889,9,2022-04-23,2024-10-30,2020-06-15,2025-06-30,62,279,36,"Kaur, Hans and Brahmbhatt",Retail,Enterprise,1,8,0
CUST0489,2534652.35,253465.23500000002,10,2022-03-19,2025-06-28,2019-12-24,2023-10-30,68,38,645,"Palla, Chaudhari and Reddy",Retail,Enterprise,31,2,1
CUST0490,2755652.64,196832.33142857143,14,2022-04-11,2025-03-23,2019-03-09,2025-06-30,78,135,36,Luthra PLC,Manufacturing,Enterprise,1,8,0
CUST0491,2354535.8200000003,168181.13000000003,14,2022-01-20,2025-04-06,2024-06-20,2025-04-09,13,121,118,Shankar-Dhillon,Manufacturing,Enterprise,41,9,0
CUST0492,1174056.97,130450.77444444444,9,2022-02-23,2025-07-01,2023-06-23,2025-06-30,25,35,36,Bhattacharyya Group,Manufacturing,Enterprise,1,8,0
CUST0493,1249306.19,249861.23799999998,5,2023-03-13,2025-02-06,2024-11-21,2025-06-30,8,180,36,"Sabharwal, Sheth and Sur",Healthcare,Enterprise,1,8,0
CUST0494,260772.12999999998,37253.161428571424,7,2022-07-07,2025-01-07,2020-03-29,2025-06-30,65,210,36,"Chawla, Issac and Devan",Finance,Small,1,8,0
CUST0495,1585245.06,132103.755,12,2022-01-04,2025-05-28,2025-01-01,2025-06-30,7,69,36,D’Alia-Verma,Non-Profit,Small,1,8,0
CUST0496,615936.45,61593.645,10,2022-02-02,2025-06-11,2019-03-04,2025-06-30,78,55,36,"Dass, Zachariah and Pingle",Finance,Mid-Market,1,8,0
CUST0497,2559258.68,255925.86800000002,10,2022-02-14,2025-03-29,2023-09-19,2024-11-23,22,129,255,"Walia, Prabhu and Oza",Finance,Enterprise,2,7,0
CUST0498,2050610.17,205061.017,10,2022-03-15,2025-03-12,2021-06-14,2024-10-20,50,146,289,"Nayar, Rout and Setty",Tech,Enterprise,14,2,1
CUST0499,1711994.9100000001,142666.24250000002,12,2022-01-09,2025-05-13,2024-08-22,2025-06-30,11,84,36,Vohra-Kata,Education,Enterprise,1,8,0
CUST0500,3024580.29,177916.48764705882,17,2022-03-11,2025-06-03,2019-03-20,2025-06-30,77,63,36,"Kothari, Kar and Bhargava",Non-Profit,Small,1,8,0
CUST0501,1501050.92,136459.17454545453,11,2022-04-08,2025-01-16,2024-11-20,2024-11-26,8,201,252,Balasubramanian PLC,Finance,Enterprise,13,8,0
CUST0502,988418.37,89856.21545454545,11,2022-04-03,2025-05-24,2020-03-24,2025-06-30,65,73,36,Narula LLC,Finance,Small,1,8,0
CUST0503,1453323.05,132120.27727272728,11,2023-01-06,2024-11-28,2020-10-11,2025-06-30,58,250,36,"Bal, Balay and Subramaniam",Non-Profit,Enterprise,1,8,0
CUST0504,686063.12,114343.85333333333,6,2022-03-21,2025-04-16,2019-04-15,2025-06-30,76,111,36,Handa-Patla,Retail,Mid-Market,1,8,0
CUST0505,1379997.75,106153.67307692308,13,2022-06-19,2025-07-21,2021-12-21,2025-06-30,44,15,36,Bhasin-Barad,Non-Profit,Mid-Market,1,8,0
CUST0506,1803510.32,163955.48363636364,11,2022-01-31,2025-06-22,2019-04-22,2025-06-30,76,44,36,Kar LLC,Manufacturing,Mid-Market,1,8,0
CUST0507,1965070.23,245633.77875,8,2023-03-17,2025-04-12,2024-03-16,2025-06-30,16,115,36,Sandal-Dutta,Tech,Small,1,8,0
CUST0508,2145106.17,178758.8475,12,2022-01-16,2025-05-08,2022-11-19,2025-06-30,33,89,36,Madan Ltd,Manufacturing,Mid-Market,1,8,0
CUST0509,1117863.38,85989.49076923076,13,2022-04-22,2025-04-26,2020-10-21,2025-01-23,58,101,194,"Kunda, Toor and Sarraf",Finance,Small,15,7,0
CUST0510,917067.54,152844.59,6,2023-01-06,2024-12-19,2022-06-19,2025-06-30,38,229,36,Dua and Sons,Tech,Mid-Market,1,8,0
CUST0511,2071091.73,147935.12357142856,14,2022-01-27,2025-06-16,2020-08-24,2025-06-30,60,50,36,Minhas-Khalsa,Education,Small,1,8,0
CUST0512,1357649.94,135764.994,10,2022-08-17,2025-05-06,2025-07-21,2025-06-30,0,91,36,Patil Inc,Manufacturing,Mid-Market,1,8,0
CUST0513,1308406.28,163550.785,8,2022-01-18,2025-04-08,2022-10-13,2025-06-30,34,119,36,"Yadav, Badal and Pandey",Non-Profit,Mid-Market,1,8,0
CUST0514,1129148.51,161306.93,7,2022-06-22,2025-07-12,2022-09-02,2025-06-30,35,24,36,"Kadakia, Naidu and Sarma",Government,Enterprise,1,8,0
CUST0515,1681855.62,152895.96545454545,11,2022-06-11,2025-06-30,2024-11-09,2024-10-22,8,36,287,"Kapoor, Dayal and Kulkarni",Education,Mid-Market,15,1,1
CUST0516,1229139.4100000001,153642.42625000002,8,2022-02-11,2024-02-26,2024-05-07,2025-06-30,15,526,36,Amble LLC,Education,Mid-Market,1,8,0
CUST0517,1102476.67,275619.1675,4,2022-05-10,2025-03-19,2024-09-16,2025-06-30,10,139,36,Dutta-Narain,Non-Profit,Mid-Market,1,8,0
CUST0518,967177.11,96717.711,10,2022-03-17,2025-05-12,2019-09-17,2025-06-30,71,85,36,"Salvi, Karan and Prakash",Finance,Small,1,8,0
CUST0519,1448990.81,181123.85125,8,2022-05-07,2025-06-11,2023-09-11,2025-06-30,23,55,36,"Keer, Mukhopadhyay and Memon",Tech,Small,1,8,0
CUST0520,1175552.0499999998,195925.34166666665,6,2022-03-04,2025-04-19,2021-07-26,2024-05-19,49,108,443,"Patel, Dutt and Chowdhury",Retail,Mid-Market,36,5,1
CUST0521,2564112.86,233101.16909090907,11,2022-05-12,2025-02-09,2020-11-06,2025-06-30,57,177,36,"Jha, Nori and Sekhon",Manufacturing,Mid-Market,1,8,0
CUST0522,746524.23,93315.52875,8,2022-03-11,2024-08-23,2022-07-12,2025-06-30,37,347,36,Gaba-Vaidya,Government,Mid-Market,1,8,0
CUST0523,2918685.59,182417.849375,16,2022-01-21,2025-06-27,2021-01-24,2025-06-30,55,39,36,Jani-Kapoor,Retail,Enterprise,1,8,0
CUST0524,1536182.1099999999,118167.85461538461,13,2022-12-07,2025-07-05,2021-04-09,2025-06-30,52,31,36,Sekhon and Sons,Finance,Small,1,8,0
CUST0525,2809346.36,216103.56615384616,13,2022-01-27,2025-06-30,2020-11-11,2025-06-30,57,36,36,Om Ltd,Non-Profit,Small,1,8,0
CUST0526,921997.62,92199.762,10,2022-07-10,2025-03-12,2021-11-10,2025-06-30,45,146,36,Yohannan-Rau,Non-Profit,Enterprise,1,8,0
CUST0527,957573.59,119696.69875,8,2022-04-15,2025-05-04,2021-11-28,2025-05-13,44,93,84,"Dutta, Rattan and Sehgal",Manufacturing,Mid-Market,7,10,0
CUST0528,1989744.7,198974.47,10,2022-11-24,2025-03-11,2023-03-25,2025-06-30,28,147,36,Suri-Padmanabhan,Manufacturing,Mid-Market,1,8,0
CUST0529,868784.98,86878.49799999999,10,2022-03-21,2025-05-09,2022-07-05,2025-06-12,37,88,54,"Lalla, Borde and Setty",Non-Profit,Mid-Market,3,7,0
CUST0530,608192.42,121638.48400000001,5,2022-03-26,2025-05-12,2021-01-07,2025-06-24,55,85,42,Munshi Group,Government,Mid-Market,37,6,0
CUST0531,4933389.89,290199.40529411763,17,2022-01-24,2025-05-17,2020-02-17,2025-06-30,66,80,36,"Tailor, Borra and Jayaraman",Government,Mid-Market,1,8,0
CUST0532,2551161.06,182225.79,14,2022-06-11,2025-05-16,2024-02-29,2025-06-30,17,81,36,Jha-Narayanan,Retail,Enterprise,1,8,0
CUST0533,812232.43,116033.2042857143,7,2022-10-14,2024-01-25,2020-10-05,2025-06-30,58,558,36,Dube-Koshy,Non-Profit,Mid-Market,1,8,0
CUST0534,1761517.37,125822.66928571429,14,2022-02-22,2025-07-16,2021-10-26,2024-05-01,45,20,461,"Kashyap, Date and Bassi",Manufacturing,Small,2,9,0
CUST0535,1863476.1400000001,186347.614,10,2022-06-09,2025-02-07,2021-03-27,2024-11-16,53,179,262,"Dhingra, Doctor and Din",Non-Profit,Small,17,2,1
CUST0536,1826550.03,130467.8592857143,14,2022-01-03,2025-02-19,2020-06-23,2025-06-30,62,167,36,Saran LLC,Tech,Small,1,8,0
CUST0537,302928.97,60585.793999999994,5,2022-03-24,2025-06-01,2019-04-27,2023-10-25,76,65,650,Bala LLC,Manufacturing,Enterprise,19,9,0
CUST0538,1142746.69,103886.06272727273,11,2022-10-09,2024-08-24,2019-09-12,2025-06-30,71,346,36,Mukherjee-Master,Manufacturing,Enterprise,1,8,0
CUST0539,1394140.43,174267.55375,8,2022-08-02,2025-04-19,2019-10-24,2025-06-30,70,108,36,"Ramachandran, D’Alia and Krishnan",Healthcare,Mid-Market,1,8,0
CUST0540,1017359.0499999999,127169.88124999999,8,2022-10-01,2025-07-02,2019-08-09,2023-08-05,72,34,731,D’Alia-Borra,Government,Enterprise,8,5,0
CUST0541,1578270.76,121405.44307692308,13,2022-01-04,2025-06-03,2019-05-03,2025-06-30,76,63,36,"Gopal, Kar and Barad",Tech,Small,29,8,0
CUST0542,1830591.18,130756.51285714285,14,2023-01-19,2025-07-02,2020-06-22,2025-01-04,62,34,213,Prasad LLC,Government,Enterprise,34,4,1
CUST0543,1324880.72,132488.072,10,2022-03-01,2025-02-24,2021-08-06,2025-06-30,48,162,36,Bava LLC,Manufacturing,Small,1,8,0
CUST0544,3257613.9299999997,296146.7209090909,11,2022-09-12,2024-12-25,2021-06-26,2025-06-30,50,223,36,Prasad Ltd,Government,Small,1,8,0
CUST0545,2816590.75,216660.82692307694,13,2022-03-31,2025-03-27,2023-04-06,2025-06-30,28,131,36,Ramachandran Ltd,Healthcare,Mid-Market,1,8,0
CUST0546,886777.61,147796.26833333334,6,2022-06-20,2025-06-30,2024-04-17,2025-06-30,15,36,36,Kala Ltd,Government,Enterprise,1,8,0
CUST0547,1763620.2299999997,195957.80333333332,9,2022-07-25,2025-06-05,2019-02-18,2025-06-30,78,61,36,Mittal and Sons,Retail,Mid-Market,1,8,0
CUST0548,1825421.97,165947.4518181818,11,2022-03-27,2025-01-15,2023-06-14,2025-06-30,26,202,36,Om Inc,Government,Enterprise,1,8,0
CUST0549,843158.3099999999,64858.331538461534,13,2022-02-10,2025-07-05,2019-10-01,2025-06-30,71,31,36,Shere-Kothari,Non-Profit,Mid-Market,1,8,0
CUST0550,1812184.41,139398.80076923076,13,2022-04-09,2024-09-14,2023-07-10,2025-06-30,25,325,36,"Palla, Lalla and Sachar",Government,Enterprise,1,8,0
CUST0551,1355877.1099999999,123261.55545454544,11,2022-03-30,2025-01-02,2021-08-22,2024-12-27,48,215,221,Hari-Jha,Manufacturing,Small,44,4,1
CUST0552,3059217.0300000003,254934.75250000003,12,2022-03-12,2025-05-19,2019-06-24,2025-06-30,74,78,36,Bansal and Sons,Healthcare,Mid-Market,1,8,0
CUST0553,650026.39,92860.91285714286,7,2023-07-05,2025-07-12,2023-11-16,2025-06-30,20,24,36,"Raj, Desai and Devi",Non-Profit,Small,1,8,0
CUST0554,1091595.13,109159.51299999999,10,2022-07-15,2025-03-07,2020-05-21,2025-06-30,63,151,36,Yohannan-Palla,Tech,Mid-Market,1,8,0
CUST0555,433697.73,86739.546,5,2023-08-30,2025-05-31,2023-11-18,2025-06-30,20,66,36,Gupta-Shah,Education,Mid-Market,1,8,0
CUST0556,912204.24,182440.848,5,2022-12-28,2024-09-12,2025-04-06,2025-05-30,4,327,67,Dugal-Brahmbhatt,Healthcare,Enterprise,12,9,0
CUST0557,894324.49,149054.08166666667,6,2022-01-16,2025-07-17,2019-11-10,2024-08-30,69,19,340,"Viswanathan, Chhabra and Khanna",Healthcare,Mid-Market,30,7,0
CUST0558,1990356.9100000001,199035.69100000002,10,2022-01-19,2025-01-18,2021-09-20,2025-06-30,47,199,36,"Kamdar, Gala and Naik",Education,Small,1,8,0
CUST0559,515349.48,171783.16,3,2023-11-10,2025-04-07,2021-01-24,2025-06-30,55,120,36,"Bali, Misra and Palla",Finance,Enterprise,1,8,0
CUST0560,1710761.12,114050.74133333334,15,2022-01-03,2025-03-24,2022-06-17,2024-08-16,38,134,354,Din-Kulkarni,Tech,Small,30,8,0
CUST0561,571636.16,81662.30857142857,7,2022-05-10,2025-02-07,2023-11-12,2024-12-07,21,179,241,"Kapadia, Jaggi and Batta",Government,Enterprise,28,3,1
CUST0562,2288417.58,176032.12153846154,13,2022-12-03,2025-04-04,2021-02-19,2024-03-30,54,123,493,"Chanda, Sarma and Murthy",Non-Profit,Mid-Market,18,5,1
CUST0563,1518981.1800000002,126581.76500000001,12,2022-07-26,2025-05-21,2021-04-07,2025-06-30,52,76,36,Maharaj-Gokhale,Education,Small,1,8,0
CUST0564,2516260.56,228750.96,11,2022-02-10,2025-03-31,2021-04-06,2025-06-30,52,127,36,"Soman, Divan and Swaminathan",Government,Enterprise,1,8,0
CUST0565,1354332.48,96738.03428571428,14,2022-06-04,2024-12-07,2021-02-05,2025-06-30,54,241,36,"Kunda, Nori and Uppal",Finance,Mid-Market,1,8,0
CUST0566,623707.6599999999,62370.76599999999,10,2022-02-17,2025-07-01,2025-04-01,2025-06-22,4,35,44,"Rastogi, Virk and Patil",Tech,Enterprise,36,9,0
CUST0567,2397535.81,217957.8009090909,11,2022-01-13,2025-05-20,2025-04-05,2025-07-17,4,77,19,"Seshadri, Solanki and Jain",Manufacturing,Enterprise,11,10,0
CUST0568,1260601.13,126060.11299999998,10,2022-06-17,2025-05-11,2019-11-12,2025-06-30,69,86,36,Dua-Dixit,Finance,Enterprise,1,8,0
CUST0569,2295843.25,191320.27083333334,12,2022-12-19,2024-10-12,2025-01-17,2025-02-27,6,297,159,Garde-Pingle,Education,Small,12,5,0
CUST0570,1189778.83,148722.35375,8,2022-01-09,2024-10-20,2024-02-15,2025-06-30,17,289,36,Sengupta-Banik,Education,Enterprise,1,8,0
CUST0571,1813945.22,181394.522,10,2022-06-09,2024-12-28,2022-02-04,2025-06-30,42,220,36,Khare-Sachdeva,Tech,Mid-Market,1,8,0
CUST0572,1260643.19,96972.55307692307,13,2022-06-01,2025-05-15,2020-06-25,2025-06-30,62,82,36,"Garde, Kade and Prasad",Finance,Enterprise,1,8,0
CUST0573,1938732.13,215414.6811111111,9,2022-01-23,2025-04-04,2025-01-02,2024-10-19,7,123,290,Radhakrishnan Ltd,Healthcare,Small,48,2,1
CUST0574,1985766.97,165480.58083333334,12,2022-08-26,2025-07-19,2019-04-08,2024-03-23,77,17,500,Sarkar-Kadakia,Tech,Small,8,8,0
CUST0575,783708.5900000001,87078.73222222223,9,2023-10-15,2025-06-11,2022-06-09,2025-06-30,38,55,36,"Mody, Lata and Chandra",Healthcare,Enterprise,1,8,0
CUST0576,2406204.6,185092.66153846154,13,2022-05-16,2025-04-16,2023-10-14,2025-06-30,22,111,36,"Wadhwa, Sama and Ganesan",Tech,Enterprise,1,8,0
CUST0577,2940553.17,267323.01545454544,11,2022-01-10,2024-09-02,2019-11-01,2025-06-30,70,337,36,Bath-Warrior,Finance,Enterprise,1,8,0
CUST0578,1263579.14,90255.65285714285,14,2022-08-19,2025-05-25,2019-04-22,2025-06-30,76,72,36,Srinivas-Desai,Healthcare,Small,1,8,0
CUST0579,80319.39,13386.565,6,2022-02-16,2024-09-25,2020-11-22,2025-07-19,57,314,17,Arya Group,Healthcare,Enterprise,6,10,0
CUST0580,4457398.84,318385.6314285714,14,2022-03-19,2024-11-27,2022-01-08,2025-06-30,43,251,36,Chaudhari-Edwin,Non-Profit,Small,1,8,0
CUST0581,934148.04,233537.01,4,2023-07-18,2024-12-20,2023-07-07,2024-12-21,25,228,227,Radhakrishnan and Sons,Retail,Enterprise,4,7,0
CUST0582,1712275.52,244610.78857142857,7,2022-05-07,2025-01-23,2020-08-26,2025-06-30,60,194,36,"Mukherjee, Lall and Jani",Tech,Mid-Market,1,8,0
CUST0583,2068122.1600000001,159086.32,13,2022-01-06,2025-04-10,2024-03-28,2025-06-30,16,117,36,Nayak-Choudhury,Healthcare,Enterprise,1,8,0
CUST0584,2057527.88,114307.10444444444,18,2022-02-23,2025-06-22,2022-11-09,2024-12-04,33,44,244,Master Inc,Tech,Mid-Market,22,2,1
CUST0585,1738270.94,115884.72933333334,15,2022-02-14,2025-05-13,2020-08-01,2025-06-30,61,84,36,Mander Inc,Education,Enterprise,1,8,0
CUST0586,3130665.88,195666.6175,16,2022-03-23,2025-06-08,2025-01-10,2025-06-30,6,58,36,Shankar LLC,Retail,Small,1,8,0
CUST0587,2885342.29,206095.87785714286,14,2022-03-01,2025-06-29,2024-05-28,2025-06-30,14,37,36,"Shan, Nigam and Patla",Government,Mid-Market,1,8,0
CUST0588,2104009.97,191273.63363636367,11,2022-03-28,2025-06-25,2019-07-05,2025-01-23,74,41,194,Garg Group,Education,Mid-Market,29,8,0
CUST0589,1507191.77,137017.43363636362,11,2022-02-09,2025-03-19,2023-04-03,2025-06-30,28,139,36,Mitra-Kamdar,Government,Mid-Market,1,8,0
CUST0590,1689443.62,140786.96833333335,12,2022-03-30,2025-06-27,2019-10-15,2025-07-23,70,39,13,Gulati and Sons,Government,Small,41,8,0
CUST0591,720547.66,120091.27666666667,6,2022-01-16,2025-01-11,2021-03-02,2025-06-30,53,206,36,Nigam and Sons,Non-Profit,Mid-Market,1,8,0
CUST0592,861348.68,123049.81142857144,7,2022-04-02,2024-10-17,2022-05-18,2025-06-30,39,292,36,Wason-Gola,Manufacturing,Enterprise,1,8,0
CUST0593,1718691.89,143224.32416666666,12,2022-04-03,2025-06-27,2023-09-30,2024-06-28,22,39,403,Din-Master,Education,Enterprise,24,10,0
CUST0594,2633851.3899999997,292650.1544444444,9,2022-03-02,2025-06-17,2019-09-15,2024-06-26,71,49,405,Arora Group,Education,Small,31,8,0
CUST0595,2250306.09,160736.1492857143,14,2022-05-28,2025-07-19,2024-02-25,2025-06-30,17,17,36,"Master, Natarajan and Dave",Finance,Mid-Market,1,8,0
CUST0596,423784.96,84756.992,5,2022-09-17,2024-08-13,2022-12-21,2025-06-30,31,357,36,Sem-Sha,Education,Small,1,8,0
CUST0597,2004801.97,167066.83083333334,12,2022-01-03,2024-02-24,2024-01-03,2025-06-30,19,528,36,Narula-Dalal,Education,Mid-Market,1,8,0
CUST0598,1236763.91,123676.39099999999,10,2022-03-21,2025-01-28,2024-02-06,2025-06-30,18,189,36,Nigam Ltd,Education,Small,1,8,0
CUST0599,1006690.5900000001,100669.05900000001,10,2022-02-28,2024-08-19,2023-04-26,2025-06-07,27,351,59,"Biswas, Saran and Chandran",Manufacturing,Enterprise,33,8,0
CUST0600,1066905.06,118545.00666666667,9,2022-01-24,2025-07-19,2022-02-28,2024-11-01,41,17,277,"Bhalla, Saini and Mistry",Healthcare,Small,37,3,1
CUST0601,719105.23,143821.046,5,2022-08-28,2024-11-06,2025-03-10,2025-06-30,4,272,36,Handa-Kala,Education,Mid-Market,1,8,0
CUST0602,3807424.16,271958.8685714286,14,2022-02-12,2025-05-30,2021-02-02,2025-06-30,54,67,36,"Patil, Dugar and Kibe",Retail,Mid-Market,1,8,0
CUST0603,2007726.16,200772.61599999998,10,2022-03-13,2025-05-02,2025-04-17,2025-04-30,3,95,97,Nagar-Jhaveri,Manufacturing,Small,28,9,0
CUST0604,227694.73,37949.121666666666,6,2022-07-02,2025-07-15,2020-12-10,2023-07-30,56,21,737,Kade-Dyal,Government,Enterprise,30,3,1
CUST0605,1167600.17,145950.02125,8,2022-03-20,2025-05-11,2021-06-27,2025-06-30,50,86,36,Rege Inc,Healthcare,Mid-Market,1,8,0
CUST0606,1158195.48,105290.49818181818,11,2022-05-09,2025-04-10,2021-07-29,2024-04-05,48,117,487,Rout LLC,Healthcare,Small,38,1,1
CUST0607,1033205.25,172200.875,6,2022-06-09,2025-05-06,2021-03-06,2025-06-30,53,91,36,Nanda-Nayar,Finance,Small,1,8,0
CUST0608,143372.68,20481.81142857143,7,2022-12-21,2025-04-03,2024-11-05,2025-06-30,9,124,36,"Mistry, Pradhan and Rege",Retail,Small,1,8,0
CUST0609,2032186.34,225798.48222222223,9,2022-02-24,2025-06-07,2019-12-23,2025-02-28,68,59,158,"Yogi, Bera and Mahajan",Government,Enterprise,11,10,0
CUST0610,3612311.01,240820.734,15,2023-04-14,2025-07-03,2025-05-16,2024-10-23,2,33,286,Uppal Group,Retail,Enterprise,46,1,1
CUST0611,662517.2,110419.53333333333,6,2022-11-12,2023-11-16,2021-04-17,2023-12-02,52,628,612,Varty-Kulkarni,Tech,Enterprise,41,2,1
CUST0612,1187962.3399999999,79197.48933333332,15,2022-02-28,2025-07-24,2021-01-26,2025-06-30,55,12,36,Mukhopadhyay-Garde,Education,Mid-Market,1,8,0
CUST0613,2272984.05,126276.89166666666,18,2022-03-15,2025-07-22,2024-08-02,2025-03-25,12,14,133,Verma-Sarraf,Retail,Mid-Market,43,4,0
CUST0614,3932756.7,561822.3857142858,7,2022-01-14,2024-09-23,2022-10-13,2025-06-30,34,316,36,Chaudhary-Balakrishnan,Tech,Small,1,8,0
CUST0615,1965896.26,178717.84181818183,11,2022-03-11,2025-03-22,2023-03-16,2025-06-30,29,136,36,Deol and Sons,Non-Profit,Small,1,8,0
CUST0616,620729.53,77591.19125,8,2022-05-23,2025-05-15,2021-12-18,2025-06-30,44,82,36,Gera-Date,Government,Small,1,8,0
CUST0617,1834884.96,152907.08,12,2022-04-30,2025-07-11,2023-11-18,2025-05-18,20,25,79,"Shetty, Prakash and Dhar",Non-Profit,Small,43,5,0
CUST0618,2211503.2399999998,201045.74909090906,11,2022-09-11,2025-06-21,2023-11-13,2025-06-30,21,45,36,Swaminathan Ltd,Government,Enterprise,1,8,0
CUST0619,2478429.19,137690.51055555555,18,2022-03-29,2025-07-01,2023-07-07,2024-05-15,25,35,447,"Vig, Luthra and Suresh",Manufacturing,Enterprise,39,4,1
CUST0620,1702376.65,170237.66499999998,10,2022-03-30,2025-02-17,2020-10-05,2025-06-30,58,169,36,Dhar-Goswami,Government,Enterprise,1,8,0
CUST0621,3587077.78,358707.778,10,2022-03-02,2024-03-22,2022-03-09,2025-06-30,41,501,36,"Anand, Yogi and Aggarwal",Non-Profit,Small,1,8,0
CUST0622,1869584.78,186958.478,10,2022-10-08,2025-06-20,2019-09-18,2024-03-15,71,46,508,Rout Group,Tech,Mid-Market,47,4,1
CUST0623,2743557.38,195968.38428571427,14,2022-05-19,2025-05-13,2025-02-25,2025-07-19,5,84,17,Yogi LLC,Education,Mid-Market,12,1,0
CUST0624,3382537.14,307503.3763636364,11,2022-01-28,2025-06-16,2024-12-26,2024-09-28,7,50,311,"Naidu, Batta and Pal",Healthcare,Small,6,3,1
CUST0625,1009748.7999999999,168291.46666666665,6,2022-05-17,2025-07-22,2019-05-12,2025-06-30,75,14,36,Nadkarni-Jani,Finance,Mid-Market,1,8,0
CUST0626,2687273.82,223939.485,12,2022-04-08,2024-11-29,2024-07-06,2025-06-30,13,249,36,Kurian-Keer,Finance,Small,1,8,0
CUST0627,1677834.1,119845.29285714286,14,2022-02-25,2025-05-16,2024-03-05,2025-06-30,17,81,36,Panchal-Prashad,Healthcare,Small,1,8,0
CUST0628,1118694.52,93224.54333333333,12,2022-02-09,2025-07-07,2020-05-03,2025-06-30,64,29,36,Jayaraman Inc,Tech,Enterprise,1,8,0
CUST0629,3035010.7800000003,252917.56500000003,12,2022-03-07,2025-07-19,2024-10-10,2024-10-28,9,17,281,"Lad, Bera and Purohit",Tech,Enterprise,12,4,1
CUST0630,3362474.01,240176.715,14,2022-06-01,2025-04-27,2024-12-08,2025-06-30,8,100,36,"Chawla, Sinha and Behl",Tech,Enterprise,1,8,0
CUST0631,1230469.17,123046.91699999999,10,2022-02-28,2025-07-02,2023-04-23,2025-06-30,27,34,36,Saini-Parekh,Government,Mid-Market,1,8,0
CUST0632,690378.33,86297.29125,8,2023-02-05,2024-09-19,2021-10-16,2025-06-30,46,320,36,Kade Inc,Manufacturing,Mid-Market,1,8,0
CUST0633,2405559.31,200463.27583333335,12,2022-02-17,2024-08-30,2024-02-14,2025-06-30,17,340,36,Kalita-Ratta,Manufacturing,Enterprise,1,8,0
CUST0634,1094796.26,182466.04333333333,6,2022-09-04,2024-12-26,2024-05-04,2025-06-30,15,222,36,Varghese-Hans,Healthcare,Enterprise,1,8,0
CUST0635,1211314.44,93178.03384615385,13,2022-01-10,2025-06-24,2021-06-19,2025-06-30,50,42,36,Chawla PLC,Government,Mid-Market,1,8,0
CUST0636,645465.69,215155.22999999998,3,2024-01-06,2024-11-06,2024-11-22,2024-09-29,8,272,310,"Taneja, Morar and Badami",Retail,Small,39,4,1
CUST0637,1023701.5,113744.61111111111,9,2022-03-03,2025-05-11,2022-12-10,2025-06-30,32,86,36,"Bansal, Nori and Char",Tech,Mid-Market,1,8,0
CUST0638,1911530.23,212392.24777777778,9,2022-04-20,2025-04-04,2019-02-26,2025-07-08,78,123,28,Viswanathan-Hegde,Non-Profit,Enterprise,1,1,0
CUST0639,861853.23,123121.89,7,2022-02-07,2025-05-03,2024-03-04,2025-05-28,17,94,69,Hans-Choudhury,Retail,Small,13,10,0
CUST0640,1543472.72,140315.7018181818,11,2022-03-18,2025-07-13,2024-04-16,2025-06-30,15,23,36,"Varkey, Dube and Pradhan",Retail,Small,1,8,0
CUST0641,2411425.48,219220.49818181817,11,2022-01-30,2025-07-03,2022-12-25,2023-11-29,31,33,615,"Bakshi, Khosla and Bedi",Non-Profit,Enterprise,16,3,1
CUST0642,1318542.87,146504.76333333334,9,2022-05-01,2024-04-27,2024-11-05,2025-06-30,9,465,36,Prabhakar-Bava,Non-Profit,Enterprise,1,8,0
CUST0643,2661382.17,177425.478,15,2022-01-31,2025-06-12,2022-10-25,2024-10-29,33,54,280,Khanna LLC,Education,Mid-Market,20,3,1
CUST0644,811636.43,115948.06142857144,7,2022-06-03,2025-03-09,2019-01-25,2025-02-18,79,149,168,"Badami, Bassi and Swamy",Retail,Enterprise,7,8,0
CUST0645,758488.96,94811.12,8,2022-04-09,2025-06-12,2020-02-14,2025-06-02,66,54,64,Atwal and Sons,Government,Small,34,1,0
CUST0646,1616043.67,134670.30583333332,12,2022-07-10,2025-05-29,2021-11-16,2025-06-30,45,68,36,Chaudhuri Ltd,Education,Small,1,8,0
CUST0647,1421376.48,129216.04363636364,11,2022-10-21,2025-07-23,2021-07-01,2025-06-30,49,13,36,Narula-Minhas,Education,Mid-Market,1,8,0
CUST0648,2641875.29,188705.37785714286,14,2022-09-26,2025-07-16,2020-01-17,2025-06-30,67,20,36,Loke PLC,Education,Mid-Market,1,8,0
CUST0649,1790151.2399999998,447537.80999999994,4,2022-12-28,2025-04-28,2024-01-31,2024-03-11,18,99,512,Bhagat Ltd,Tech,Mid-Market,12,6,0
CUST0650,848074.41,141345.73500000002,6,2022-07-23,2024-12-25,2020-04-14,2025-06-30,64,223,36,Saran and Sons,Non-Profit,Small,1,8,0
CUST0651,2514610.2199999997,279401.1355555555,9,2022-02-11,2024-06-19,2025-05-25,2025-06-26,2,412,40,Goda LLC,Finance,Enterprise,34,8,0
CUST0652,2303777.93,230377.793,10,2022-05-09,2024-11-29,2022-04-20,2025-06-30,40,249,36,"Subramaniam, Dhaliwal and Kar",Government,Mid-Market,1,8,0
CUST0653,2210327.85,147355.19,15,2022-01-12,2025-03-09,2022-01-24,2025-06-30,42,149,36,"Shetty, Mutti and Toor",Healthcare,Enterprise,1,8,0
CUST0654,1227525.87,102293.82250000001,12,2022-02-27,2025-03-07,2025-06-24,2025-06-30,1,151,36,Dhingra Ltd,Retail,Mid-Market,1,8,0
CUST0655,1633062.13,204132.76625,8,2022-05-01,2025-06-16,2020-06-11,2025-06-30,62,50,36,Mitter-Batta,Manufacturing,Small,1,8,0
CUST0656,1369267.28,136926.728,10,2022-05-03,2025-01-06,2025-01-15,2025-06-19,6,211,47,Iyer Group,Government,Small,6,9,0
CUST0657,3208391.12,229170.7942857143,14,2022-01-24,2024-12-30,2023-06-18,2024-12-31,25,218,217,"Shanker, Agate and Maharaj",Finance,Mid-Market,13,8,0
CUST0658,944884.94,118110.6175,8,2022-09-04,2024-09-14,2021-09-25,2024-12-14,47,325,234,Dey and Sons,Education,Enterprise,0,3,1
CUST0659,1571674.15,174630.4611111111,9,2022-05-11,2025-04-19,2021-05-02,2024-09-04,51,108,335,"Garde, Chatterjee and Sathe",Non-Profit,Enterprise,49,1,1
CUST0660,752530.68,75253.068,10,2022-02-18,2025-02-21,2023-01-19,2024-08-30,30,165,340,"Cheema, Rattan and Dhaliwal",Finance,Mid-Market,44,3,1
CUST0661,416866.29,104216.5725,4,2022-04-14,2024-09-01,2023-11-22,2024-10-08,20,338,301,Vyas-Nigam,Education,Mid-Market,42,4,1
CUST0662,505853.93,126463.4825,4,2022-10-26,2025-01-28,2020-10-25,2025-06-30,58,189,36,"Balan, Kumar and Badal",Manufacturing,Mid-Market,1,8,0
CUST0663,780961.45,86773.49444444444,9,2022-06-06,2025-06-20,2024-02-11,2025-06-30,18,46,36,Arya Inc,Retail,Mid-Market,1,8,0
CUST0664,1013615.17,84467.93083333333,12,2022-01-12,2025-07-11,2022-08-20,2025-06-30,36,25,36,"Raju, Mane and Shetty",Retail,Small,1,8,0
CUST0665,853445.66,77585.9690909091,11,2022-04-09,2025-04-16,2023-12-06,2025-06-30,20,111,36,"Iyengar, Dora and Atwal",Manufacturing,Small,1,8,0
CUST0666,1306680.99,217780.165,6,2022-03-08,2025-03-24,2020-10-10,2025-06-30,58,134,36,Chopra LLC,Finance,Mid-Market,1,8,0
CUST0667,446546.11,49616.234444444446,9,2022-01-03,2025-02-28,2024-11-07,2025-06-30,9,158,36,"Rastogi, Korpal and Rama",Education,Enterprise,1,8,0
CUST0668,584952.88,83564.69714285714,7,2023-04-24,2025-02-19,2021-03-30,2024-04-06,52,167,486,Pau Inc,Government,Small,46,1,1
CUST0669,1387523.76,138752.376,10,2022-10-14,2025-05-16,2023-09-04,2025-06-30,23,81,36,Sabharwal-Gandhi,Finance,Small,1,8,0
CUST0670,2444616.42,174615.45857142858,14,2022-03-25,2025-04-12,2021-03-22,2025-06-30,53,115,36,"Hora, Sarna and Nazareth",Government,Mid-Market,1,8,0
CUST0671,2073915.97,259239.49625,8,2022-01-16,2024-06-13,2025-07-01,2025-07-10,1,418,26,Dhillon-Bahl,Retail,Enterprise,1,7,0
CUST0672,1640011.42,234287.3457142857,7,2023-05-29,2025-03-14,2021-12-21,2025-06-30,44,144,36,Ramakrishnan and Sons,Manufacturing,Enterprise,1,8,0
CUST0673,1144748.28,143093.535,8,2022-11-02,2025-01-15,2021-01-05,2025-06-30,55,202,36,Master LLC,Education,Mid-Market,1,8,0
CUST0674,2960783.17,197385.54466666665,15,2022-01-19,2025-03-15,2024-08-29,2025-07-18,11,143,18,"Sankar, Solanki and Khare",Non-Profit,Mid-Market,10,10,0
CUST0675,1652688.42,150244.40181818182,11,2022-02-13,2025-04-12,2020-03-30,2025-06-30,65,115,36,Mohan Group,Education,Mid-Market,1,8,0
CUST0676,853110.14,71092.51166666667,12,2022-04-17,2025-02-13,2022-04-07,2024-08-01,40,173,369,Shetty-Nayak,Healthcare,Small,17,5,1
CUST0677,1507448.59,115957.58384615385,13,2022-08-10,2025-06-28,2020-05-08,2025-06-30,63,38,36,"Dada, Tank and Kulkarni",Healthcare,Mid-Market,1,8,0
CUST0678,2280720.55,228072.055,10,2022-03-29,2024-12-12,2021-10-31,2024-11-05,45,236,273,Nadkarni LLC,Retail,Enterprise,3,10,0
CUST0679,806851.73,89650.19222222222,9,2022-02-05,2025-03-27,2021-11-11,2025-06-30,45,131,36,Upadhyay-Bahl,Education,Small,1,8,0
CUST0680,2448042.49,204003.54083333336,12,2022-05-08,2024-12-09,2019-07-09,2023-11-27,73,239,617,"Sampath, Bains and Munshi",Retail,Enterprise,15,6,0
CUST0681,1809350.32,150779.19333333333,12,2022-04-14,2025-05-25,2022-11-04,2025-06-30,33,72,36,Mitter Ltd,Retail,Mid-Market,1,8,0
CUST0682,2499674.23,249967.423,10,2022-01-15,2025-05-25,2019-06-03,2025-06-30,75,72,36,Datta Ltd,Retail,Mid-Market,1,8,0
CUST0683,824089.46,74917.22363636363,11,2022-06-28,2024-11-21,2024-04-28,2025-06-30,15,257,36,Sood and Sons,Non-Profit,Enterprise,1,8,0
CUST0684,2022492.75,155576.36538461538,13,2022-04-21,2024-09-27,2023-06-03,2025-06-30,26,312,36,Prasad PLC,Manufacturing,Enterprise,1,8,0
CUST0685,2062431.4,229159.04444444444,9,2022-03-01,2023-11-26,2025-03-03,2025-06-30,5,618,36,"Doctor, Subramaniam and Kapur",Tech,Mid-Market,1,8,0
CUST0686,2109651.59,210965.15899999999,10,2022-01-26,2025-05-13,2023-09-04,2025-06-30,23,84,36,Subramaniam-Yohannan,Education,Mid-Market,1,8,0
CUST0687,1061094.72,88424.56,12,2022-01-25,2024-12-20,2022-12-06,2025-06-30,32,228,36,"Kulkarni, Modi and Jani",Government,Small,1,8,0
CUST0688,673552.8500000001,112258.80833333335,6,2022-07-29,2025-05-16,2019-01-29,2025-06-30,79,81,36,Dugal-Hegde,Retail,Enterprise,1,8,0
CUST0689,2199913.41,183326.11750000002,12,2022-01-22,2025-05-26,2024-07-05,2025-06-30,13,71,36,Keer Inc,Retail,Small,1,8,0
CUST0690,3532347.02,321122.45636363636,11,2022-02-13,2025-05-02,2025-03-10,2025-06-30,4,95,36,"Sahota, Mand and Kade",Non-Profit,Enterprise,1,8,0
CUST0691,1368982.57,152109.17444444445,9,2022-07-25,2025-05-26,2023-07-04,2024-04-22,25,71,470,Bakshi-Lal,Retail,Mid-Market,6,3,1
CUST0692,2590366.55,215863.87916666665,12,2022-02-04,2025-06-23,2019-10-25,2025-06-30,70,43,36,Mukhopadhyay-Ray,Finance,Enterprise,1,8,0
CUST0693,1805640.52,150470.04333333333,12,2022-09-05,2025-06-27,2024-03-02,2024-10-28,17,39,281,Basak and Sons,Healthcare,Mid-Market,48,8,0
CUST0694,1220231.8599999999,101685.98833333333,12,2022-01-05,2025-05-01,2020-01-09,2025-06-30,67,96,36,"Vaidya, Dasgupta and Solanki",Government,Enterprise,1,8,0
CUST0695,2087422.03,231935.7811111111,9,2022-08-22,2025-07-10,2024-08-26,2025-06-04,11,26,62,Deshpande-Sem,Healthcare,Mid-Market,6,4,0
CUST0696,1314221.26,146024.58444444445,9,2022-06-02,2025-05-16,2024-01-26,2024-09-30,18,81,309,"Patil, Rao and Dube",Government,Enterprise,6,8,0
CUST0697,2592287.4,152487.49411764706,17,2022-01-15,2025-07-15,2022-02-14,2023-12-16,42,21,598,"Pathak, Bhargava and Ben",Healthcare,Mid-Market,44,2,1
CUST0698,580005.37,116001.074,5,2022-03-26,2025-03-17,2020-05-04,2025-03-30,63,141,128,Patla Inc,Tech,Small,42,6,0
CUST0699,129772.18000000001,21628.696666666667,6,2022-07-04,2024-10-02,2024-01-31,2025-04-07,18,307,120,Apte-Balan,Retail,Small,19,9,0
CUST0700,1804900.8800000001,164081.8981818182,11,2022-01-18,2025-01-31,2021-09-13,2025-06-30,47,186,36,"Saxena, Dhillon and Bala",Retail,Mid-Market,1,8,0
CUST0701,1342935.37,122085.03363636365,11,2022-05-14,2025-07-04,2023-07-21,2025-06-30,24,32,36,"Kumar, Thakur and Roy",Retail,Small,1,8,0
CUST0702,221998.55,31714.07857142857,7,2022-08-04,2025-06-02,2021-04-06,2025-06-30,52,64,36,Nagi Group,Non-Profit,Small,1,8,0
CUST0703,1372444.97,105572.69,13,2022-04-28,2025-06-20,2020-04-12,2025-06-30,64,46,36,Saraf PLC,Tech,Enterprise,1,8,0
CUST0704,1510515.6,116193.5076923077,13,2022-06-17,2025-05-29,2020-10-17,2025-06-30,58,68,36,Rao and Sons,Manufacturing,Mid-Market,1,8,0
CUST0705,2262270.89,226227.089,10,2022-01-11,2025-05-25,2021-11-21,2023-07-29,45,72,738,Divan LLC,Government,Small,13,8,0
CUST0706,1517387.78,151738.778,10,2022-05-06,2024-10-26,2022-08-17,2025-06-30,36,283,36,Banik Group,Education,Mid-Market,1,8,0
CUST0707,715683.99,55052.61461538461,13,2022-02-09,2025-02-28,2019-07-06,2025-06-30,74,158,36,Sekhon-Sama,Healthcare,Mid-Market,1,8,0
CUST0708,669199.8,66919.98000000001,10,2022-06-06,2025-05-26,2024-08-08,2025-06-30,12,71,36,Jani and Sons,Government,Small,1,8,0
CUST0709,1416019.6500000001,157335.5166666667,9,2023-05-31,2025-04-18,2020-09-30,2025-06-30,59,109,36,"Solanki, Divan and Mangal",Healthcare,Enterprise,1,8,0
CUST0710,814914.99,135819.165,6,2022-10-01,2025-04-06,2020-08-09,2024-11-10,60,121,268,"Dube, Kata and Wali",Education,Mid-Market,46,5,1
CUST0711,793220.01,99152.50125,8,2022-02-25,2025-07-18,2024-07-24,2025-06-30,12,18,36,"Bhavsar, Rajan and Gala",Tech,Small,1,8,0
CUST0712,464904.28,58113.035,8,2022-04-18,2024-12-15,2019-10-17,2025-06-30,70,233,36,De LLC,Non-Profit,Mid-Market,1,8,0
CUST0713,1028161.47,73440.105,14,2022-03-14,2025-03-19,2023-09-03,2025-06-30,23,139,36,D’Alia-Basak,Tech,Small,1,8,0
CUST0714,1285773.16,128577.31599999999,10,2022-09-24,2024-10-22,2021-07-20,2025-07-10,49,287,26,"Bhatia, Kapoor and Kapadia",Finance,Small,17,2,0
CUST0715,2844650.0100000002,167332.35352941178,17,2022-02-28,2025-07-07,2019-10-19,2025-06-30,70,29,36,Tailor Group,Manufacturing,Enterprise,1,8,0
CUST0716,466044.99,77674.165,6,2023-05-27,2025-06-02,2024-08-06,2025-01-27,12,64,190,Palla-Varghese,Finance,Mid-Market,50,2,0
CUST0717,501518.93000000005,62689.86625000001,8,2022-09-17,2025-07-19,2020-10-03,2025-06-30,58,17,36,Sani LLC,Non-Profit,Small,1,8,0
CUST0718,1275116.77,159389.59625,8,2022-07-08,2025-07-14,2020-12-07,2024-05-01,56,22,461,"Badal, Tara and Madan",Tech,Small,23,3,1
CUST0719,1586528.0999999999,264421.35,6,2022-02-15,2025-05-03,2020-04-26,2025-06-30,64,94,36,"Comar, Ravel and Atwal",Non-Profit,Mid-Market,1,8,0
CUST0720,1718095.48,156190.49818181817,11,2022-03-23,2024-09-21,2022-08-16,2024-08-28,36,318,342,Kanda-Lad,Retail,Small,36,5,1
CUST0721,2086261.81,189660.16454545455,11,2022-02-20,2025-07-23,2025-03-20,2025-06-30,4,13,36,"Tandon, Nadkarni and Sarma",Finance,Mid-Market,1,8,0
CUST0722,3129737.84,223552.70285714284,14,2022-08-31,2025-03-19,2021-10-23,2025-06-30,46,139,36,"Ramakrishnan, Keer and Ganguly",Manufacturing,Mid-Market,1,8,0
CUST0723,1732250.8900000001,157477.35363636364,11,2022-04-11,2024-12-09,2023-01-20,2024-10-27,30,239,282,Kohli PLC,Healthcare,Mid-Market,30,7,0
CUST0724,1518013.15,168668.12777777776,9,2022-05-08,2025-04-25,2019-03-19,2024-04-23,77,102,469,Sane and Sons,Non-Profit,Mid-Market,23,7,0
CUST0725,1390539.44,231756.57333333333,6,2022-02-07,2025-04-24,2020-07-01,2024-06-26,62,103,405,Walia Inc,Healthcare,Small,26,10,0
CUST0726,2015819.31,167984.9425,12,2022-03-11,2025-03-04,2020-09-16,2025-06-30,59,154,36,"Sandal, Solanki and Ahuja",Non-Profit,Small,1,8,0
CUST0727,872726.28,96969.58666666667,9,2022-04-26,2025-02-18,2022-05-16,2025-06-30,39,168,36,Som Inc,Non-Profit,Enterprise,1,8,0
CUST0728,940859.0299999999,104539.89222222222,9,2022-05-24,2025-07-02,2024-06-23,2024-07-26,13,34,375,"Muni, Dhar and Baral",Tech,Enterprise,13,8,0
CUST0729,2007197.6199999999,182472.5109090909,11,2022-08-13,2025-03-13,2024-11-23,2025-06-30,8,145,36,Pant Ltd,Tech,Enterprise,1,8,0
CUST0730,2485376.66,191182.82,13,2022-09-03,2024-12-12,2024-11-20,2025-06-30,8,236,36,"Chowdhury, Kapoor and Khanna",Manufacturing,Small,1,8,0
CUST0731,875660.58,97295.62,9,2022-05-01,2025-05-24,2019-08-07,2025-06-30,73,73,36,Bhandari Group,Tech,Enterprise,1,8,0
CUST0732,1265058.69,126505.86899999999,10,2022-03-13,2025-04-21,2022-10-15,2025-06-30,34,106,36,Bajaj Inc,Government,Small,1,8,0
CUST0733,2876577.82,159809.87888888887,18,2022-02-27,2025-06-30,2023-11-07,2025-06-30,21,36,36,Chaudhari-Ghose,Tech,Enterprise,1,8,0
CUST0734,2111981.22,211198.12200000003,10,2022-05-02,2025-07-18,2021-02-08,2025-05-30,54,18,67,"Dhillon, Kaul and Sastry",Non-Profit,Small,11,10,0
CUST0735,1058315.35,117590.59444444446,9,2022-04-17,2025-05-26,2020-07-25,2025-06-30,61,71,36,"Vaidya, Patla and Kala",Healthcare,Small,1,8,0
CUST0736,1536980.2,128081.68333333333,12,2022-02-28,2025-07-24,2025-04-21,2025-06-16,3,12,50,"Prabhakar, Goswami and Prasad",Retail,Small,3,8,0
CUST0737,2446619.38,222419.94363636363,11,2022-02-07,2025-03-20,2021-11-17,2024-06-09,45,138,422,Soman-Sharaf,Manufacturing,Enterprise,28,2,1
CUST0738,568071.04,142017.76,4,2023-04-22,2025-07-09,2019-07-12,2025-06-30,73,27,36,Handa Inc,Education,Mid-Market,1,8,0
CUST0739,2665496.5300000003,242317.8663636364,11,2022-06-03,2024-07-05,2019-10-01,2025-06-30,71,396,36,"Sura, Kant and Bhattacharyya",Tech,Mid-Market,1,8,0
CUST0740,2898816.0100000002,222985.84692307696,13,2022-02-16,2025-05-19,2024-08-01,2025-06-30,12,78,36,"Zachariah, Narayanan and Karpe",Finance,Mid-Market,1,8,0
CUST0741,2926327.59,225102.1223076923,13,2022-02-14,2025-02-08,2024-07-23,2024-10-19,12,178,290,Pandya LLC,Education,Mid-Market,29,4,0
CUST0742,2511649.64,279072.1822222222,9,2022-07-13,2024-11-11,2023-07-08,2024-10-24,25,267,285,"Madan, Dash and Bobal",Manufacturing,Mid-Market,19,2,1
CUST0743,1073592.79,107359.27900000001,10,2022-07-01,2025-07-12,2019-12-09,2025-06-30,68,24,36,Das-Dada,Healthcare,Mid-Market,1,8,0
CUST0744,351303.9,58550.65,6,2022-07-04,2025-03-15,2021-10-13,2025-07-04,46,143,32,"Khare, Shere and Sheth",Tech,Mid-Market,19,3,0
CUST0745,1848027.75,205336.41666666666,9,2022-02-07,2025-03-30,2021-05-28,2025-06-30,51,128,36,Nayak-Prasad,Government,Enterprise,1,8,0
CUST0746,813461.53,135576.92166666666,6,2023-03-11,2025-03-03,2019-11-03,2024-08-19,70,155,351,"Kapadia, Hayer and Sampath",Government,Mid-Market,8,2,0
CUST0747,896735.31,224183.8275,4,2022-11-18,2023-07-06,2023-03-14,2024-10-08,29,761,301,"Deo, Mall and Morar",Finance,Small,8,10,0
CUST0748,1171041.87,117104.187,10,2023-04-13,2025-07-13,2024-05-05,2025-07-07,15,23,29,Venkatesh-Dada,Healthcare,Mid-Market,32,9,0
CUST0749,1733647.79,173364.779,10,2022-02-21,2025-07-08,2021-03-03,2025-06-30,53,28,36,Sekhon PLC,Tech,Small,1,8,0
CUST0750,1631889.38,233127.05428571426,7,2022-04-16,2024-05-27,2021-05-25,2025-06-30,51,435,36,Bedi PLC,Finance,Small,1,8,0
CUST0751,1011935.0700000001,168655.845,6,2022-01-17,2025-02-24,2022-04-18,2025-06-30,40,162,36,Nagarajan-Halder,Healthcare,Mid-Market,1,8,0
CUST0752,2917527.49,291752.749,10,2022-12-20,2025-06-26,2020-10-22,2025-05-31,58,40,66,"Bhatnagar, Yohannan and Ravel",Finance,Mid-Market,20,9,0
CUST0753,2368335.73,157889.04866666667,15,2023-03-07,2025-04-15,2020-02-11,2025-01-16,66,112,201,"Basak, Kari and Chana",Non-Profit,Mid-Market,37,5,1
CUST0754,1976977.8599999999,152075.22,13,2022-02-10,2025-02-24,2023-04-08,2024-05-21,28,162,441,"Ganguly, Kara and Khosla",Non-Profit,Mid-Market,8,6,0
CUST0755,741345.31,74134.531,10,2022-01-27,2025-06-14,2021-02-28,2025-06-30,53,52,36,Sankar PLC,Retail,Enterprise,1,8,0
CUST0756,735368.0,105052.57142857143,7,2022-04-08,2025-01-03,2019-08-15,2025-06-30,72,214,36,Chatterjee PLC,Non-Profit,Small,1,8,0
CUST0757,523196.67999999993,65399.58499999999,8,2022-08-07,2025-04-12,2023-10-01,2025-06-30,22,115,36,Bajaj-Dutt,Tech,Enterprise,1,8,0
CUST0758,1059671.53,105967.153,10,2022-04-07,2024-11-22,2021-05-05,2025-06-30,51,256,36,Saini Ltd,Education,Enterprise,1,8,0
CUST0759,1652245.22,150204.1109090909,11,2022-07-03,2025-06-04,2025-03-02,2025-04-29,5,62,98,Pandey-Raman,Tech,Enterprise,15,8,0
CUST0760,2807784.4,467964.06666666665,6,2022-06-22,2024-12-27,2025-01-08,2024-12-02,6,221,246,"Dutta, Pillay and Parmar",Non-Profit,Mid-Market,30,1,1
CUST0761,1124139.98,102194.54363636364,11,2022-05-11,2025-06-23,2019-12-16,2025-06-30,68,43,36,"Chada, Gill and Dash",Education,Mid-Market,1,8,0
CUST0762,1514766.91,216395.27285714285,7,2023-04-04,2025-03-15,2020-08-13,2025-06-30,60,143,36,Baral LLC,Finance,Mid-Market,1,8,0
CUST0763,1525422.6500000001,152542.265,10,2022-04-21,2025-03-20,2025-03-25,2025-06-30,4,138,36,"Gera, Dar and Lad",Finance,Enterprise,1,8,0
CUST0764,1229573.83,175653.4042857143,7,2022-07-12,2025-07-05,2020-07-17,2024-11-13,61,31,265,Badami-Shanker,Tech,Enterprise,13,10,0
CUST0765,3498487.82,249891.98714285714,14,2022-02-20,2025-07-17,2022-07-16,2024-08-20,37,19,350,"Dyal, Ganesh and Dhillon",Education,Mid-Market,29,2,0
CUST0766,2047417.1,186128.82727272727,11,2022-07-07,2025-01-14,2022-04-06,2025-06-30,40,203,36,Zacharia Ltd,Finance,Enterprise,1,8,0
CUST0767,1828139.18,152344.93166666667,12,2022-01-28,2025-04-23,2020-07-08,2025-02-28,61,104,158,Comar PLC,Finance,Small,41,3,0
CUST0768,1529366.07,152936.60700000002,10,2022-09-26,2025-05-16,2021-08-27,2025-02-13,47,81,173,Mane-Vig,Non-Profit,Enterprise,2,5,0
CUST0769,1831321.05,114457.565625,16,2022-03-13,2025-04-04,2024-02-03,2024-05-31,18,123,431,Kadakia-Hegde,Education,Enterprise,2,6,0
CUST0770,284343.76,94781.25333333334,3,2022-11-22,2025-01-25,2024-09-13,2025-01-27,10,192,190,Chander-Dutta,Government,Mid-Market,33,7,0
CUST0771,951073.0,135867.57142857142,7,2022-07-02,2024-11-12,2021-11-18,2025-06-30,45,266,36,Kaul-Naik,Non-Profit,Mid-Market,1,8,0
CUST0772,1254933.0999999999,179276.15714285712,7,2022-01-12,2024-08-08,2023-01-26,2025-06-30,30,362,36,Chaudry-Sarin,Education,Enterprise,1,8,0
CUST0773,1859691.92,185969.19199999998,10,2022-10-21,2025-05-17,2022-11-01,2025-05-31,33,80,66,Basu PLC,Education,Mid-Market,35,10,0
CUST0774,1290382.23,184340.31857142856,7,2022-03-30,2025-06-04,2020-01-06,2025-06-30,67,62,36,"Arora, Batra and Sandal",Education,Small,1,8,0
CUST0775,3213782.81,267815.2341666667,12,2022-01-28,2024-12-15,2020-04-16,2024-12-02,64,233,246,"Shetty, Ramanathan and Sandal",Retail,Enterprise,42,7,0
CUST0776,1356669.68,271333.936,5,2022-04-06,2025-02-24,2023-10-30,2024-05-05,21,162,457,"Patel, Banik and Borra",Government,Small,22,10,0
CUST0777,1134522.38,226904.47599999997,5,2022-01-30,2024-06-06,2023-12-13,2025-06-30,20,425,36,"Choudhary, Choudhry and Khanna",Manufacturing,Small,1,8,0
CUST0778,1880703.8900000001,125380.25933333334,15,2022-06-07,2025-04-01,2024-04-26,2024-05-13,15,126,449,Ramaswamy and Sons,Tech,Enterprise,26,1,1
CUST0779,2678264.16,382609.16571428574,7,2022-07-29,2025-06-04,2019-03-24,2023-12-11,77,62,603,Sane-Sarma,Manufacturing,Enterprise,37,5,1
CUST0780,2475723.5900000003,309465.44875000004,8,2022-04-20,2025-03-22,2019-08-11,2025-06-30,72,136,36,Merchant-Bhalla,Healthcare,Enterprise,1,8,0
CUST0781,3792300.98,189615.049,20,2022-03-13,2025-07-20,2024-04-02,2025-04-29,16,16,98,Halder Group,Education,Mid-Market,26,8,0
CUST0782,686411.15,85801.39375,8,2022-02-14,2025-03-15,2021-06-24,2025-06-30,50,143,36,"Kar, Mohan and Bhasin",Finance,Small,1,8,0
CUST0783,2983370.17,198891.34466666667,15,2022-04-16,2024-11-13,2023-02-12,2025-06-30,30,265,36,Saraf Inc,Non-Profit,Small,1,8,0
CUST0784,2234465.82,171881.98615384614,13,2022-07-16,2025-02-28,2023-09-20,2024-12-08,22,158,240,Dua-Vig,Healthcare,Mid-Market,26,5,1
CUST0785,1964208.27,140300.5907142857,14,2022-01-10,2025-02-26,2024-08-13,2025-06-18,11,160,48,Kunda-Suri,Manufacturing,Enterprise,10,8,0
CUST0786,3431463.77,343146.377,10,2022-04-17,2025-04-18,2022-02-11,2025-06-30,42,109,36,"Chokshi, Yogi and Contractor",Healthcare,Enterprise,1,8,0
CUST0787,2372476.33,215679.66636363638,11,2022-01-11,2025-01-19,2025-07-12,2025-01-16,0,198,201,Kaur PLC,Tech,Small,16,1,1
CUST0788,3974738.92,220818.82888888888,18,2022-01-11,2025-07-23,2021-02-15,2024-04-01,54,13,491,"Gaba, Setty and Pillay",Non-Profit,Small,6,3,1
CUST0789,1982673.96,165222.83,12,2022-06-10,2025-06-26,2021-11-28,2024-10-19,44,40,290,Bhatti-Suri,Government,Mid-Market,43,2,1
CUST0790,1791658.5200000003,223957.31500000003,8,2022-05-13,2024-07-24,2022-10-25,2024-11-10,33,377,268,Kothari Inc,Healthcare,Mid-Market,41,2,1
CUST0791,1029531.63,147075.94714285716,7,2022-10-23,2025-06-27,2022-07-27,2025-06-30,36,39,36,"Sachdev, Chauhan and Panchal",Non-Profit,Mid-Market,1,8,0
CUST0792,46615.59,11653.8975,4,2022-09-16,2024-07-05,2021-04-01,2025-06-30,52,396,36,Divan-Halder,Manufacturing,Small,1,8,0
CUST0793,888614.35,111076.79375,8,2022-02-04,2025-06-25,2020-01-08,2025-06-30,67,41,36,Ben-Sani,Healthcare,Enterprise,1,8,0
CUST0794,677633.84,135526.76799999998,5,2023-10-01,2025-04-02,2019-01-10,2023-10-29,79,125,646,Munshi Inc,Tech,Enterprise,40,4,0
CUST0795,2424404.23,220400.38454545455,11,2022-08-26,2025-04-07,2021-01-30,2025-06-30,54,120,36,Bala Group,Finance,Small,1,8,0
CUST0796,1842591.3,263227.3285714286,7,2022-06-12,2024-09-17,2021-07-28,2025-06-30,48,322,36,Patil-Ganesh,Education,Small,1,8,0
CUST0797,1067829.33,152547.04714285716,7,2022-03-12,2024-07-11,2025-03-16,2025-04-27,4,390,100,Mann Ltd,Government,Small,2,3,0
CUST0798,579088.2000000001,193029.40000000002,3,2022-12-12,2024-10-16,2022-11-18,2025-06-30,33,293,36,"Narula, Balasubramanian and Chaudhary",Healthcare,Enterprise,1,8,0
CUST0799,977039.41,97703.941,10,2022-04-01,2024-12-26,2024-01-04,2024-10-26,19,222,283,Lad-Master,Manufacturing,Small,27,2,1
CUST0800,2428485.6,269831.73333333334,9,2022-02-05,2025-05-12,2020-07-22,2025-06-30,61,85,36,"Chada, Khatri and Sen",Retail,Small,1,8,0
CUST0801,1771026.52,161002.41090909092,11,2022-06-23,2025-06-11,2024-05-08,2025-04-29,15,55,98,"Chokshi, Shetty and Andra",Manufacturing,Enterprise,4,5,0
CUST0802,1870467.53,155872.29416666666,12,2022-04-20,2025-02-27,2022-11-24,2025-06-30,32,159,36,Deshpande-Mital,Government,Small,1,8,0
CUST0803,656170.84,82021.355,8,2022-09-28,2025-05-05,2022-06-03,2024-02-03,38,92,549,Ratta-Kala,Healthcare,Enterprise,43,1,1
CUST0804,3048492.92,234499.45538461537,13,2022-01-08,2025-06-24,2021-11-08,2025-06-26,45,42,40,"Som, Naik and Dara",Tech,Small,17,9,0
CUST0805,1763180.6,146931.71666666667,12,2022-01-20,2025-05-17,2022-01-30,2025-07-23,42,80,13,Hari Inc,Non-Profit,Small,34,7,0
CUST0806,810188.72,135031.45333333334,6,2022-06-17,2025-07-07,2020-04-30,2024-10-13,64,29,296,"Devi, Nagi and Jain",Manufacturing,Small,3,4,0
CUST0807,1514841.53,168315.72555555555,9,2022-06-22,2025-07-24,2020-10-02,2025-06-30,58,12,36,"Barad, Bumb and Keer",Tech,Enterprise,1,8,0
CUST0808,2475115.13,190393.47153846154,13,2022-04-30,2025-06-09,2019-08-15,2025-06-30,72,57,36,"Chhabra, Cheema and Narasimhan",Retail,Mid-Market,1,8,0
CUST0809,1299783.55,118162.14090909091,11,2022-11-18,2025-06-14,2025-02-18,2025-03-31,5,52,127,Arora-Trivedi,Retail,Mid-Market,24,8,0
CUST0810,3800123.37,172732.88045454546,22,2022-01-06,2025-04-05,2024-11-28,2025-06-30,8,122,36,"Das, Badami and Handa",Manufacturing,Mid-Market,1,8,0
CUST0811,1240849.43,137872.1588888889,9,2022-06-30,2025-07-08,2022-08-10,2025-06-30,36,28,36,"Som, Konda and Bajwa",Manufacturing,Mid-Market,1,8,0
CUST0812,1213992.75,202332.125,6,2023-07-18,2025-07-06,2020-09-17,2025-06-30,59,30,36,"Gole, Boase and Banik",Non-Profit,Enterprise,1,8,0
CUST0813,111045.17,22209.034,5,2022-03-25,2025-02-19,2023-11-01,2025-06-30,21,167,36,Ghose-Doctor,Healthcare,Enterprise,1,8,0
CUST0814,0.0,0.0,2,2024-01-28,2025-04-02,2024-10-30,2025-06-30,9,125,36,Merchant-Deep,Finance,Small,1,8,0
CUST0815,417691.44,104422.86,4,2023-07-26,2025-06-06,2020-03-13,2024-10-20,65,60,289,Krishna LLC,Retail,Small,24,5,1
CUST0816,2553522.53,170234.83533333332,15,2022-05-21,2024-09-26,2019-11-10,2025-06-30,69,313,36,Bajwa-Tandon,Tech,Mid-Market,1,8,0
CUST0817,1189906.25,84993.30357142857,14,2022-02-23,2025-02-23,2024-08-08,2025-06-30,12,163,36,Pau Group,Education,Enterprise,1,8,0
CUST0818,1373597.44,228932.90666666665,6,2022-06-29,2025-07-18,2025-05-09,2025-05-23,2,18,74,"Rattan, Subramanian and Brahmbhatt",Tech,Enterprise,31,10,0
CUST0819,2652941.72,294771.30222222226,9,2022-02-26,2024-11-04,2022-12-23,2025-06-30,31,274,36,Shetty-Dalal,Retail,Small,1,8,0
CUST0820,3015473.52,274133.95636363636,11,2022-09-06,2025-06-04,2020-05-10,2025-06-30,63,62,36,Bahl Inc,Manufacturing,Mid-Market,1,8,0
CUST0821,418039.75,34836.645833333336,12,2022-01-05,2025-06-04,2022-06-10,2025-06-30,38,62,36,Gaba-Pai,Tech,Small,1,8,0
CUST0822,2013586.46,201358.646,10,2022-03-27,2025-03-31,2020-07-01,2025-06-30,62,127,36,Gera-Munshi,Retail,Enterprise,1,8,0
CUST0823,179346.58000000002,44836.645000000004,4,2022-03-31,2024-03-16,2019-03-27,2025-06-30,77,507,36,Dass-Bhardwaj,Finance,Enterprise,1,8,0
CUST0824,2138646.3,125802.72352941176,17,2022-05-13,2025-05-30,2023-07-31,2023-10-08,24,67,667,"Pandit, Zachariah and Lal",Manufacturing,Small,41,4,1
CUST0825,1910308.35,191030.83500000002,10,2022-02-21,2025-07-16,2020-01-19,2024-11-02,67,20,276,Devi-Bhasin,Education,Mid-Market,14,6,0
CUST0826,1378598.02,98471.28714285714,14,2022-03-22,2025-07-15,2025-07-10,2025-07-12,0,21,24,"Deshpande, Mukhopadhyay and Garg",Tech,Enterprise,13,6,0
CUST0827,1015990.5299999999,112887.83666666666,9,2022-01-14,2025-07-24,2022-07-30,2025-06-30,36,12,36,Sur-Singh,Non-Profit,Small,1,8,0
CUST0828,1052167.19,116907.46555555555,9,2022-05-19,2025-07-02,2023-12-12,2024-05-05,20,34,457,"Ratta, Keer and Mangat",Healthcare,Enterprise,28,4,1
CUST0829,3486716.23,348671.623,10,2022-03-22,2025-04-20,2023-06-22,2025-06-30,25,107,36,Chaudhry PLC,Government,Enterprise,1,8,0
CUST0830,1507721.94,215388.84857142856,7,2022-06-10,2025-05-25,2024-11-19,2025-01-14,8,72,203,Chowdhury Inc,Tech,Mid-Market,16,3,1
CUST0831,955203.9199999999,136457.70285714284,7,2023-02-02,2025-05-05,2021-10-19,2025-06-30,46,92,36,Agarwal-Chaudhary,Finance,Small,1,8,0
CUST0832,1377518.87,114793.23916666668,12,2022-02-02,2025-03-01,2022-07-07,2025-06-30,37,157,36,Misra-Dora,Non-Profit,Enterprise,1,8,0
CUST0833,1508651.6099999999,188581.45124999998,8,2022-04-06,2025-05-23,2024-08-24,2024-10-06,11,74,303,Boase Inc,Healthcare,Enterprise,46,10,0
CUST0834,470219.06999999995,78369.84499999999,6,2022-10-26,2025-07-18,2020-05-26,2024-05-27,63,18,435,Bedi Inc,Government,Small,16,6,0
CUST0835,1138139.22,162591.31714285715,7,2022-07-28,2025-03-16,2023-02-18,2025-05-17,29,142,80,Mittal-Loyal,Healthcare,Small,20,4,0
CUST0836,3068481.73,383560.21625,8,2022-01-03,2025-05-11,2020-03-23,2025-06-30,65,86,36,Dara-Rastogi,Government,Small,1,8,0
CUST0837,2018748.97,144196.355,14,2022-05-12,2025-06-15,2019-02-24,2025-06-30,78,51,36,"Kashyap, Nigam and Sant",Retail,Small,1,8,0
CUST0838,1064220.95,88685.07916666666,12,2022-05-01,2025-05-30,2024-06-02,2025-06-30,14,67,36,Doctor PLC,Non-Profit,Small,1,8,0
CUST0839,231274.15,46254.83,5,2022-07-04,2024-08-31,2021-10-20,2025-06-30,46,339,36,"Sur, Sekhon and Palan",Manufacturing,Small,1,8,0
CUST0840,1853225.1099999999,168475.00999999998,11,2022-01-02,2025-05-26,2024-08-05,2025-06-04,12,71,62,Pingle-Vasa,Finance,Enterprise,15,6,0
CUST0841,2358690.23,181437.71,13,2023-02-08,2025-03-08,2021-08-13,2025-05-28,48,150,69,Gandhi and Sons,Non-Profit,Enterprise,0,6,0
CUST0842,921808.26,153634.71,6,2022-03-31,2025-05-20,2022-03-03,2025-02-08,41,77,178,Lala LLC,Retail,Enterprise,16,9,0
CUST0843,3030272.3,189392.01875,16,2022-06-04,2025-07-04,2022-09-05,2025-04-06,35,32,121,Yogi-Agarwal,Tech,Enterprise,1,7,0
CUST0844,2315177.92,178090.60923076922,13,2022-03-01,2025-01-29,2024-02-14,2025-06-30,17,188,36,Baral Group,Education,Mid-Market,1,8,0
CUST0845,2320836.52,232083.652,10,2022-07-07,2024-11-16,2025-04-13,2024-09-28,3,262,311,"Luthra, Barman and Gokhale",Tech,Small,28,5,1
CUST0846,1977914.81,116347.93000000001,17,2022-02-17,2025-04-24,2023-09-08,2023-10-19,23,103,656,"Krish, Sanghvi and Karpe",Non-Profit,Small,6,10,0
CUST0847,2288524.94,254280.54888888888,9,2022-04-04,2024-10-11,2019-05-23,2025-06-30,75,298,36,"Bhalla, Loyal and Char",Education,Small,1,8,0
CUST0848,1259759.55,139973.28333333333,9,2022-09-11,2025-04-18,2022-11-18,2024-12-19,33,109,229,Sem-Biswas,Tech,Small,16,10,0
CUST0849,2109546.72,210954.67200000002,10,2022-10-31,2025-07-21,2023-10-14,2024-11-08,22,15,270,"Naidu, Randhawa and Shah",Finance,Mid-Market,34,3,1
CUST0850,1554983.17,119614.09,13,2022-01-05,2024-12-30,2019-11-17,2025-06-30,69,218,36,Khanna-Sha,Education,Enterprise,1,8,0
CUST0851,1084553.83,120505.98111111112,9,2022-06-28,2025-06-12,2019-05-09,2025-06-15,76,54,51,Trivedi LLC,Finance,Small,20,1,0
CUST0852,554726.61,79246.65857142858,7,2022-05-06,2025-06-28,2019-03-31,2025-06-30,77,38,36,"Parmar, Varma and Mahal",Education,Small,1,8,0
CUST0853,2113369.86,162566.91230769228,13,2022-01-23,2025-05-09,2020-05-03,2025-06-30,64,88,36,Balan-Ganesh,Retail,Enterprise,1,8,0
CUST0854,2175572.12,155398.00857142857,14,2022-02-09,2025-05-20,2023-03-14,2025-06-30,29,77,36,"Sibal, Chaudhary and Nayar",Manufacturing,Enterprise,1,8,0
CUST0855,2308172.24,256463.58222222223,9,2022-01-03,2025-05-17,2021-01-20,2025-06-30,55,80,36,Barman LLC,Finance,Mid-Market,1,8,0
CUST0856,2913901.45,264900.13181818184,11,2023-01-09,2025-04-16,2024-09-02,2025-06-30,11,111,36,"Taneja, Acharya and Chaudhry",Retail,Mid-Market,1,8,0
CUST0857,1236303.18,112391.19818181818,11,2022-01-28,2025-04-13,2022-12-22,2025-06-30,31,114,36,"Varghese, Peri and Dugar",Tech,Mid-Market,1,8,0
CUST0858,1753778.25,175377.825,10,2022-03-08,2025-04-16,2024-02-22,2025-06-30,17,111,36,"Deshmukh, Shukla and Lal",Government,Small,1,8,0
CUST0859,1549863.27,140896.66090909092,11,2023-01-17,2025-06-05,2019-02-05,2025-06-30,79,61,36,Shenoy LLC,Retail,Enterprise,1,8,0
CUST0860,821004.0,82100.4,10,2022-07-31,2025-04-29,2021-04-01,2025-06-30,52,98,36,Sunder-Mitra,Education,Mid-Market,1,8,0
CUST0861,1255813.41,156976.67625,8,2022-01-10,2025-07-04,2019-04-21,2024-06-03,76,32,428,Soni-Sridhar,Retail,Enterprise,23,2,1
CUST0862,2789386.24,164081.54352941178,17,2022-03-01,2025-02-16,2021-12-20,2025-06-30,44,170,36,Naik-Natt,Finance,Mid-Market,1,8,0
CUST0863,2204679.24,220467.92400000003,10,2022-01-03,2025-07-22,2019-01-30,2025-01-04,79,14,213,Misra-Swamy,Tech,Small,39,5,1
CUST0864,3210434.62,160521.731,20,2022-01-10,2025-06-19,2024-06-26,2025-06-30,13,47,36,"Talwar, Bhardwaj and Magar",Government,Mid-Market,1,8,0
CUST0865,1930209.37,175473.5790909091,11,2022-01-05,2025-05-04,2024-11-18,2025-06-30,8,93,36,Grover-Doshi,Education,Enterprise,1,8,0
CUST0866,631119.22,78889.9025,8,2022-01-16,2024-12-14,2023-12-19,2025-04-06,19,234,121,Rajagopalan PLC,Healthcare,Small,3,6,0
CUST0867,1666411.3199999998,185156.81333333332,9,2023-04-15,2025-03-26,2022-09-11,2025-06-30,35,132,36,"Salvi, Grewal and Nagar",Manufacturing,Small,1,8,0
CUST0868,2839825.67,258165.97,11,2022-03-22,2024-08-30,2021-05-19,2025-06-30,51,340,36,Jhaveri Group,Government,Mid-Market,1,8,0
CUST0869,1800939.13,225117.39125,8,2022-02-11,2023-12-03,2022-02-19,2023-08-15,42,611,721,Desai Ltd,Healthcare,Mid-Market,35,8,0
CUST0870,1160003.72,145000.465,8,2022-06-21,2025-04-03,2021-12-31,2025-06-30,43,124,36,Murty Inc,Non-Profit,Enterprise,1,8,0
CUST0871,1474075.7,134006.8818181818,11,2022-01-16,2024-11-22,2024-09-21,2025-06-30,10,256,36,Lad PLC,Manufacturing,Enterprise,1,8,0
CUST0872,1309642.0699999998,119058.36999999998,11,2022-01-07,2025-06-30,2021-01-28,2025-06-30,55,36,36,Sidhu Ltd,Manufacturing,Small,1,8,0
CUST0873,1753272.58,125233.75571428573,14,2022-03-15,2025-07-06,2019-05-14,2025-06-30,75,30,36,Vasa LLC,Healthcare,Mid-Market,1,8,0
CUST0874,2015425.0,167952.08333333334,12,2022-02-07,2025-05-05,2022-12-07,2025-04-21,32,92,106,Vasa-Lata,Education,Small,35,9,0
CUST0875,4111359.3,293668.52142857143,14,2022-02-10,2025-06-29,2020-08-29,2025-06-30,60,37,36,Deo and Sons,Retail,Mid-Market,1,8,0
CUST0876,2667881.9,222323.49166666667,12,2022-06-09,2024-08-18,2022-01-02,2025-06-30,43,352,36,Korpal Ltd,Manufacturing,Small,1,8,0
CUST0877,1594406.87,122646.68230769232,13,2022-01-20,2025-07-07,2025-05-25,2025-06-01,2,29,65,Issac Ltd,Retail,Mid-Market,8,1,0
CUST0878,3663060.3,333005.4818181818,11,2022-01-25,2025-05-19,2021-11-08,2025-06-30,45,78,36,Lala and Sons,Retail,Enterprise,1,8,0
CUST0879,2368669.94,263185.5488888889,9,2022-06-19,2024-09-14,2023-08-21,2024-10-06,23,325,303,Kari-Pillai,Healthcare,Small,16,2,1
CUST0880,1806891.8199999998,164262.8927272727,11,2022-04-18,2025-07-21,2019-06-03,2025-06-30,75,15,36,Purohit-Prasad,Government,Enterprise,1,8,0
CUST0881,2605214.73,236837.70272727273,11,2022-03-06,2024-11-09,2019-08-01,2024-09-13,73,269,326,Dash-Joshi,Manufacturing,Mid-Market,15,2,1
CUST0882,1247505.42,89107.53,14,2022-01-10,2025-06-12,2020-10-21,2025-06-30,58,54,36,Mammen LLC,Healthcare,Small,1,8,0
CUST0883,1629865.98,162986.598,10,2022-04-15,2024-10-15,2023-01-18,2025-06-30,31,294,36,Merchant-Singh,Tech,Enterprise,1,8,0
CUST0884,2802970.56,175185.66,16,2022-01-09,2024-10-14,2024-11-11,2025-03-02,8,295,156,Dey and Sons,Education,Small,11,10,0
CUST0885,1580926.5899999999,175658.50999999998,9,2022-08-21,2025-02-17,2023-10-08,2025-06-30,22,169,36,Setty-Trivedi,Healthcare,Small,1,8,0
CUST0886,1817066.1300000001,181706.613,10,2022-03-04,2025-07-06,2023-05-08,2025-06-30,27,30,36,Sangha PLC,Education,Enterprise,1,8,0
CUST0887,1138118.88,126457.65333333332,9,2022-04-24,2025-04-04,2025-06-07,2025-06-30,1,123,36,Minhas Inc,Finance,Enterprise,1,8,0
CUST0888,1512198.44,168022.04888888888,9,2022-07-03,2024-09-27,2022-07-22,2025-06-30,37,312,36,Sahota-Palan,Healthcare,Small,1,8,0
CUST0889,1243533.8,138170.42222222223,9,2022-05-16,2025-04-12,2024-10-01,2025-04-08,10,115,119,Bora-Batta,Tech,Mid-Market,48,6,0
CUST0890,2820341.44,313371.2711111111,9,2022-01-07,2025-07-16,2022-05-01,2024-12-25,39,20,223,Dugar Group,Government,Enterprise,13,2,1
CUST0891,2816044.32,281604.432,10,2022-04-20,2024-05-26,2023-12-04,2025-06-30,20,436,36,"Chaudhry, Mukherjee and Chauhan",Finance,Mid-Market,1,8,0
CUST0892,2032786.61,254098.32625,8,2022-02-27,2024-07-03,2025-01-24,2025-07-23,6,398,13,"Ramakrishnan, Guha and Sankaran",Retail,Small,13,7,0
CUST0893,1782803.1,222850.3875,8,2022-01-25,2025-07-07,2019-10-05,2025-06-30,71,29,36,"Sahni, Bansal and Chander",Non-Profit,Small,1,8,0
CUST0894,3897888.1599999997,278420.58285714284,14,2022-01-07,2025-05-30,2025-05-03,2025-06-30,3,67,36,Agarwal PLC,Retail,Small,1,8,0
CUST0895,2097192.39,299598.91285714286,7,2022-06-12,2025-06-05,2024-02-20,2024-11-06,17,61,272,Tank Group,Tech,Small,45,4,1
CUST0896,1365998.22,124181.65636363636,11,2022-03-24,2024-11-26,2020-04-09,2025-06-30,64,252,36,Sodhi-Sen,Government,Small,1,8,0
CUST0897,2555370.35,283930.0388888889,9,2022-02-16,2025-06-22,2021-09-13,2024-01-08,47,44,575,Luthra and Sons,Non-Profit,Mid-Market,33,2,1
CUST0898,1425793.29,101842.37785714286,14,2022-01-17,2024-09-01,2023-11-29,2025-07-15,20,338,21,Chaudhry Ltd,Non-Profit,Enterprise,32,2,0
CUST0899,650099.34,92871.33428571429,7,2022-02-09,2025-05-31,2024-08-10,2025-06-30,12,66,36,Rai LLC,Manufacturing,Enterprise,1,8,0
CUST0900,1143505.87,95292.15583333334,12,2022-03-29,2025-07-03,2021-03-16,2024-05-17,53,33,445,Dayal-Dhawan,Healthcare,Small,47,5,1
CUST0901,1468258.44,293651.68799999997,5,2023-03-23,2025-04-05,2023-04-05,2024-07-25,28,122,376,Doshi-Pant,Healthcare,Enterprise,23,2,1
CUST0902,2014489.3399999999,183135.39454545453,11,2022-01-24,2025-03-21,2023-11-16,2024-11-13,20,137,265,Peri and Sons,Manufacturing,Enterprise,27,3,1
CUST0903,1179586.75,131065.19444444444,9,2023-09-07,2025-03-12,2021-02-26,2025-06-30,54,146,36,Ben Group,Manufacturing,Enterprise,1,8,0
CUST0904,806893.74,115270.53428571428,7,2022-06-21,2025-06-22,2019-12-02,2025-06-30,69,44,36,"Krish, Mander and Oza",Retail,Small,1,8,0
CUST0905,2029186.03,156091.2330769231,13,2022-08-10,2025-01-04,2020-03-29,2025-06-30,65,213,36,Batra-Madan,Retail,Small,1,8,0
CUST0906,1920332.37,174575.67,11,2022-03-10,2025-06-16,2023-03-22,2024-11-01,28,50,277,Sani LLC,Government,Mid-Market,25,4,1
CUST0907,1163136.98,166162.42571428572,7,2022-01-10,2025-06-12,2023-04-23,2025-06-30,27,54,36,Peri-Sankaran,Healthcare,Mid-Market,1,8,0
CUST0908,1898537.8399999999,158211.48666666666,12,2022-03-12,2025-05-30,2025-07-16,2025-06-30,0,67,36,"Dhawan, Keer and Dora",Tech,Small,1,8,0
CUST0909,2489831.98,248983.198,10,2022-03-11,2024-08-04,2024-03-18,2024-06-01,16,366,430,Dass Group,Finance,Small,41,10,0
CUST0910,2180112.52,181676.04333333333,12,2022-09-05,2025-02-16,2024-06-22,2025-01-03,13,170,214,"Cheema, Shukla and Karnik",Finance,Small,48,4,1
CUST0911,2134997.55,237221.94999999998,9,2022-02-28,2025-03-20,2025-07-21,2025-06-30,0,138,36,Mohanty-Wadhwa,Government,Small,1,8,0
CUST0912,562458.01,93743.00166666666,6,2022-02-27,2024-10-03,2022-07-21,2025-06-30,37,306,36,Anne Inc,Manufacturing,Small,1,8,0
CUST0913,2900447.12,161135.95111111112,18,2022-05-11,2025-07-11,2021-03-12,2025-06-30,53,25,36,Chhabra Ltd,Education,Mid-Market,1,8,0
CUST0914,2260275.45,132957.3794117647,17,2022-01-25,2025-05-16,2022-06-15,2025-06-30,38,81,36,Pandya LLC,Healthcare,Mid-Market,1,8,0
CUST0915,2427134.0100000002,202261.1675,12,2022-02-10,2025-06-21,2022-01-12,2025-06-30,43,45,36,"Venkatesh, Sule and Madan",Retail,Enterprise,1,8,0
CUST0916,1921162.08,160096.84,12,2022-02-03,2025-07-22,2021-12-30,2025-06-23,43,14,43,Walla Inc,Non-Profit,Mid-Market,41,8,0
CUST0917,1153056.83,115305.683,10,2022-01-12,2025-06-08,2022-09-17,2025-06-30,35,58,36,"Misra, Yogi and Taneja",Finance,Mid-Market,1,8,0
CUST0918,1380414.9000000001,115034.57500000001,12,2022-03-24,2025-06-27,2021-08-16,2025-06-30,48,39,36,Lal Ltd,Manufacturing,Enterprise,1,8,0
CUST0919,1941042.4200000002,194104.24200000003,10,2022-01-31,2025-01-30,2020-03-04,2025-06-30,66,187,36,"Shankar, Swamy and Chada",Manufacturing,Mid-Market,1,8,0
CUST0920,2677243.67,205941.82076923078,13,2022-01-15,2025-06-05,2021-05-16,2024-02-17,51,61,535,Contractor-Patil,Healthcare,Enterprise,12,1,1
CUST0921,632556.19,42170.41266666666,15,2022-08-24,2025-04-26,2019-12-04,2025-06-30,69,101,36,Kota-Gupta,Education,Mid-Market,1,8,0
CUST0922,1536745.84,139704.16727272727,11,2022-01-22,2025-01-27,2024-06-29,2025-06-24,13,190,42,"Dhar, Jha and Char",Non-Profit,Small,42,8,0
CUST0923,470464.44,58808.055,8,2022-04-12,2025-07-19,2022-03-02,2025-06-30,41,17,36,"Mukherjee, Mangat and Patla",Education,Small,1,8,0
CUST0924,1791021.41,179102.141,10,2022-01-29,2025-06-21,2019-12-06,2024-07-26,68,45,375,Bhalla-Lad,Manufacturing,Small,38,3,1
CUST0925,1798606.4700000002,149883.87250000003,12,2022-01-29,2025-03-14,2021-05-23,2023-11-10,51,144,634,Nazareth Ltd,Manufacturing,Small,28,4,1
CUST0926,2925297.6,195019.84,15,2022-02-12,2025-02-19,2024-10-12,2025-06-30,9,167,36,Kumar Inc,Retail,Enterprise,1,8,0
CUST0927,1162019.91,145252.48875,8,2022-01-28,2025-07-05,2023-02-13,2023-09-16,30,31,689,"Jhaveri, Brahmbhatt and Bajwa",Retail,Small,39,10,0
CUST0928,806870.96,100858.87,8,2022-03-14,2025-07-07,2023-12-04,2025-06-30,20,29,36,"Jain, Vohra and Kota",Manufacturing,Enterprise,1,8,0
CUST0929,2260851.81,188404.3175,12,2022-01-28,2025-03-02,2023-04-02,2024-06-19,28,156,412,Sahni PLC,Finance,Enterprise,3,6,0
CUST0930,1684846.15,210605.76875,8,2022-04-08,2025-04-29,2025-05-03,2025-06-30,3,98,36,"Munshi, Ramanathan and Prasad",Education,Small,1,8,0
CUST0931,1437853.1199999999,119821.09333333332,12,2022-12-11,2025-01-14,2023-06-04,2025-06-30,26,203,36,Sengupta Ltd,Government,Small,1,8,0
CUST0932,787853.45,157570.69,5,2023-03-31,2025-01-22,2020-03-20,2025-06-30,65,195,36,Lanka-Aurora,Manufacturing,Mid-Market,1,8,0
CUST0933,2018277.14,144162.65285714285,14,2022-07-27,2025-06-05,2023-04-20,2025-02-01,27,61,185,Shroff Inc,Education,Enterprise,13,5,0
CUST0934,423087.68,70514.61333333333,6,2023-02-18,2025-04-08,2020-03-13,2023-09-01,65,119,704,Sheth-Lanka,Government,Small,44,9,0
CUST0935,881328.62,110166.0775,8,2023-01-09,2025-07-14,2023-03-16,2024-08-04,29,22,366,Jaggi and Sons,Education,Small,27,2,0
CUST0936,1512348.78,126029.065,12,2022-01-02,2025-05-26,2022-09-11,2025-06-30,35,71,36,"Sridhar, Tiwari and Swaminathan",Manufacturing,Small,1,8,0
CUST0937,1045748.77,174291.46166666667,6,2022-05-07,2024-06-26,2024-10-02,2025-02-23,10,405,163,Pall PLC,Education,Mid-Market,9,6,0
CUST0938,1478452.93,184806.61625,8,2022-03-17,2025-03-02,2019-08-15,2023-10-16,72,156,659,Kapoor-Tata,Education,Small,34,5,1
CUST0939,1853689.8499999999,185368.985,10,2022-04-25,2025-07-08,2021-08-27,2024-01-06,47,28,577,Rau Group,Government,Small,17,5,1
CUST0940,1267219.24,97478.40307692307,13,2023-02-25,2025-06-01,2019-01-16,2025-06-30,79,65,36,"Gokhale, Bhattacharyya and Kaul",Non-Profit,Mid-Market,1,8,0
CUST0941,1895462.4900000002,172314.77181818185,11,2022-03-25,2024-07-08,2024-08-31,2025-06-30,11,393,36,"Solanki, Kamdar and Saraf",Non-Profit,Small,1,8,0
CUST0942,1167603.33,116760.33300000001,10,2022-03-13,2025-06-20,2020-03-04,2025-07-21,66,46,15,"Zachariah, Subramanian and Bhandari",Retail,Small,18,7,0
CUST0943,3580892.84,325535.7127272727,11,2022-01-10,2025-06-09,2020-10-09,2024-08-17,58,57,353,Pandey PLC,Finance,Small,7,8,0
CUST0944,2688831.68,168051.98,16,2022-01-27,2025-06-25,2021-11-08,2025-06-30,45,41,36,"Keer, Dutt and Badami",Tech,Small,1,8,0
CUST0945,1905537.58,173230.6890909091,11,2022-04-05,2025-06-25,2024-12-27,2025-06-30,7,41,36,Mukhopadhyay-Sastry,Education,Enterprise,1,8,0
CUST0946,645764.74,107627.45666666667,6,2022-10-10,2025-04-11,2021-09-29,2025-06-30,46,116,36,"Devan, Dutt and Kibe",Non-Profit,Mid-Market,1,8,0
CUST0947,2646103.45,189007.3892857143,14,2022-03-05,2025-03-18,2024-05-23,2025-06-30,14,140,36,Deo-Chatterjee,Education,Small,1,8,0
CUST0948,156858.67,39214.6675,4,2022-01-29,2024-04-28,2021-10-24,2025-06-30,46,464,36,Cherian-Chatterjee,Healthcare,Small,1,8,0
CUST0949,2343730.1,292966.2625,8,2022-05-09,2025-05-14,2025-05-20,2025-07-01,2,83,35,"Rajagopal, Bhattacharyya and Maharaj",Non-Profit,Small,45,10,0
CUST0950,1804618.7,150384.89166666666,12,2022-02-25,2024-07-12,2020-08-24,2025-06-30,60,389,36,"Om, Krish and Dayal",Education,Mid-Market,1,8,0
CUST0951,1181246.21,147655.77625,8,2022-09-25,2025-06-17,2021-04-05,2023-08-27,52,49,709,Naidu-Mukherjee,Tech,Small,10,6,0
CUST0952,1490447.6400000001,149044.76400000002,10,2022-04-23,2025-05-22,2023-07-07,2025-06-30,25,75,36,"Memon, Randhawa and Rai",Retail,Enterprise,1,8,0
CUST0953,1566738.08,174082.0088888889,9,2022-01-21,2025-03-30,2022-11-12,2023-09-01,33,128,704,"Dua, Balay and Dewan",Retail,Enterprise,32,2,1
CUST0954,367409.37,45926.17125,8,2022-05-07,2025-07-20,2022-10-17,2025-06-30,34,16,36,"Biswas, Sen and Kulkarni",Retail,Enterprise,1,8,0
CUST0955,966211.79,107356.86555555556,9,2022-06-25,2025-07-04,2021-03-27,2025-01-07,53,32,210,"Balasubramanian, Dutta and Pal",Government,Small,3,5,1
CUST0956,1360975.71,151219.52333333332,9,2022-01-27,2023-11-28,2021-09-10,2025-06-30,47,616,36,Buch-Arora,Non-Profit,Mid-Market,1,8,0
CUST0957,1560928.84,195116.105,8,2022-03-05,2025-07-17,2022-12-25,2025-06-30,31,19,36,Murthy LLC,Finance,Mid-Market,1,8,0
CUST0958,1146872.99,163838.99857142856,7,2022-05-09,2024-08-08,2022-08-31,2025-06-30,35,362,36,Ray-Sastry,Manufacturing,Mid-Market,1,8,0
CUST0959,873040.27,174608.054,5,2023-07-21,2025-05-25,2019-07-18,2025-06-30,73,72,36,"Bhatt, Palan and Dhar",Government,Mid-Market,1,8,0
CUST0960,1058376.61,117597.40111111112,9,2022-01-20,2025-07-14,2020-12-06,2025-06-30,56,22,36,Shetty-Agate,Healthcare,Enterprise,1,8,0
CUST0961,704740.51,100677.21571428572,7,2022-07-05,2024-08-30,2022-05-05,2024-01-09,39,340,574,Bava-Bhandari,Non-Profit,Enterprise,14,3,1
CUST0962,1003454.95,167242.49166666667,6,2022-12-09,2025-07-22,2019-12-13,2025-06-30,68,14,36,Das PLC,Healthcare,Small,1,8,0
CUST0963,1142206.7,142775.8375,8,2022-01-30,2025-07-05,2023-09-28,2025-02-09,22,31,177,Tank-Manda,Healthcare,Small,19,8,0
CUST0964,660186.9,73354.1,9,2022-10-23,2024-11-18,2019-06-05,2024-08-03,75,260,367,"Vig, Balay and Doctor",Education,Small,1,5,0
CUST0965,1517484.75,168609.41666666666,9,2022-03-06,2025-04-30,2024-07-08,2025-06-30,13,97,36,Desai and Sons,Government,Small,1,8,0
CUST0966,3504772.99,206163.11705882355,17,2022-01-21,2025-02-08,2023-01-18,2025-06-30,31,178,36,"Chaudhari, Baral and Reddy",Healthcare,Enterprise,1,8,0
CUST0967,2155301.09,269412.63625,8,2022-12-11,2024-12-12,2024-09-21,2025-06-30,10,236,36,Bahl Ltd,Manufacturing,Mid-Market,1,8,0
CUST0968,2457827.29,144578.07588235295,17,2022-01-30,2025-07-13,2022-07-14,2025-06-30,37,23,36,Bobal-Khare,Non-Profit,Mid-Market,1,8,0
CUST0969,420484.54000000004,52560.567500000005,8,2022-03-25,2025-06-19,2019-05-12,2024-08-03,75,47,367,Oak-Gera,Finance,Small,0,1,1
CUST0970,785335.87,112190.83857142857,7,2022-12-13,2024-11-11,2022-07-03,2025-06-30,37,267,36,"Sami, Ravel and Dugar",Healthcare,Enterprise,1,8,0
CUST0971,2223472.4699999997,370578.74499999994,6,2022-08-25,2024-10-20,2025-01-07,2025-06-30,7,289,36,Saran LLC,Education,Enterprise,1,8,0
CUST0972,3366068.1399999997,210379.25874999998,16,2022-02-11,2025-06-13,2024-08-05,2024-12-19,12,53,229,"Memon, Balan and Grewal",Government,Mid-Market,14,1,1
CUST0973,480517.5,53390.833333333336,9,2022-10-09,2025-06-21,2019-02-23,2025-06-30,78,45,36,Tella and Sons,Tech,Enterprise,1,8,0
CUST0974,1364119.5799999998,124010.8709090909,11,2022-08-06,2025-06-21,2024-11-13,2024-12-23,8,45,225,Kalla and Sons,Manufacturing,Enterprise,26,3,1
CUST0975,1418166.96,177270.87,8,2022-05-10,2025-06-24,2020-05-07,2025-06-30,63,42,36,Morar Group,Government,Mid-Market,1,8,0
CUST0976,666263.3700000001,111043.89500000002,6,2023-02-25,2025-07-24,2021-11-28,2025-06-30,44,12,36,Shankar PLC,Government,Mid-Market,1,8,0
CUST0977,499603.28,71371.89714285715,7,2022-05-04,2025-03-14,2024-01-12,2024-12-27,19,144,221,Padmanabhan-Balakrishnan,Education,Enterprise,25,4,1
CUST0978,1196480.3199999998,170925.75999999998,7,2022-02-13,2025-06-02,2021-03-27,2024-11-07,53,64,271,Kamdar Inc,Healthcare,Enterprise,38,5,1
CUST0979,680565.76,136113.152,5,2022-06-07,2025-06-22,2022-10-15,2025-06-30,34,44,36,Dara-Raju,Finance,Enterprise,1,8,0
CUST0980,1440219.82,144021.98200000002,10,2023-02-02,2025-07-14,2022-09-16,2025-06-30,35,22,36,"Thakkar, Khanna and Keer",Retail,Mid-Market,1,8,0
CUST0981,2335877.33,194656.44416666668,12,2022-01-28,2025-05-13,2023-12-02,2024-06-30,20,84,401,"Kale, Sangha and Balay",Finance,Enterprise,22,3,1
CUST0982,1290082.1300000001,107506.84416666668,12,2022-07-18,2025-03-24,2022-01-15,2025-06-30,43,134,36,"Nair, Soni and Sem",Finance,Mid-Market,1,8,0
CUST0983,1595308.84,227901.26285714286,7,2022-03-25,2025-07-04,2023-04-05,2025-06-30,28,32,36,Lad Group,Education,Mid-Market,1,8,0
CUST0984,1749968.92,249995.56,7,2022-01-25,2025-05-24,2023-01-21,2025-06-30,30,73,36,"Narayan, Maharaj and Gandhi",Healthcare,Enterprise,1,8,0
CUST0985,1641626.5299999998,182402.94777777776,9,2022-04-23,2024-11-28,2022-05-18,2025-06-30,39,250,36,Kala Inc,Healthcare,Enterprise,1,8,0
CUST0986,2497108.82,138728.26777777777,18,2022-05-12,2025-02-27,2020-09-09,2024-03-20,59,159,503,Gopal Group,Healthcare,Mid-Market,0,2,1
CUST0987,598157.6,99692.93333333333,6,2022-05-08,2025-03-21,2025-01-06,2024-10-25,7,137,284,"Kamdar, Jain and Dutta",Government,Mid-Market,17,2,1
CUST0988,674362.2,84295.275,8,2022-04-12,2024-11-17,2023-04-19,2024-10-26,27,261,283,"Soman, Pingle and Kade",Manufacturing,Small,18,6,0
CUST0989,1458625.5899999999,182328.19874999998,8,2022-02-07,2025-06-12,2019-10-01,2025-06-30,71,54,36,Khosla-Memon,Finance,Mid-Market,1,8,0
CUST0990,1513486.02,168165.11333333334,9,2022-04-27,2025-06-29,2020-09-29,2025-06-30,59,37,36,Mangat Inc,Education,Mid-Market,1,8,0
CUST0991,2758209.05,250746.27727272725,11,2022-01-30,2025-04-17,2023-03-07,2025-06-30,29,110,36,Natarajan-Sarraf,Finance,Mid-Market,1,8,0
CUST0992,1519601.3900000001,94975.08687500001,16,2022-02-27,2025-06-28,2023-03-31,2025-06-30,28,38,36,"Swaminathan, Gara and Bedi",Finance,Mid-Market,1,8,0
CUST0993,830404.84,83040.484,10,2022-02-16,2024-09-12,2019-09-21,2025-06-30,71,327,36,Behl Group,Finance,Mid-Market,1,8,0
CUST0994,1624567.67,232081.0957142857,7,2022-05-17,2025-01-25,2022-03-02,2025-06-30,41,192,36,"Gupta, Dayal and Ravi",Non-Profit,Mid-Market,1,8,0
CUST0995,1083444.0699999998,216688.81399999995,5,2022-01-02,2025-04-15,2020-03-12,2025-06-30,65,112,36,Kannan LLC,Tech,Small,1,8,0
CUST0996,1254833.36,125483.33600000001,10,2022-06-15,2025-06-14,2023-10-29,2025-06-30,21,52,36,Bahl-Balay,Manufacturing,Enterprise,1,8,0
CUST0997,1712780.1099999999,214097.51374999998,8,2022-07-02,2025-06-20,2019-01-01,2025-06-30,80,46,36,"Jhaveri, Sunder and Soni",Non-Profit,Small,1,8,0
CUST0998,1574524.08,112466.00571428573,14,2022-09-18,2025-06-24,2025-05-05,2025-07-17,3,42,19,"Kamdar, Keer and Mukhopadhyay",Non-Profit,Enterprise,13,6,0
CUST0999,2996326.87,230486.6823076923,13,2022-05-14,2024-08-26,2019-04-29,2025-06-30,76,344,36,"Raju, Badal and Ghose",Education,Mid-Market,1,8,0
CUST1000,142778.82,15864.313333333334,9,2022-09-29,2024-08-27,2022-11-16,2025-06-30,33,343,36,"Rajagopalan, Krishna and Chanda",Tech,Enterprise,1,8,0
CUST1001,792055.84,198013.96,4,2022-08-22,2025-06-08,2022-03-22,2025-06-30,41,58,36,"Kumar, Mahajan and Sabharwal",Government,Small,1,8,0
CUST1002,1583581.0499999998,197947.63124999998,8,2022-04-27,2025-05-31,2020-09-03,2025-06-30,59,66,36,"Hegde, Boase and Srivastava",Retail,Enterprise,1,8,0
CUST1003,2029263.19,156097.16846153844,13,2022-03-27,2025-03-10,2019-08-18,2024-09-21,72,148,318,Radhakrishnan-Nori,Non-Profit,Mid-Market,29,6,0
CUST1004,1380162.17,115013.51416666666,12,2022-09-16,2025-05-17,2022-09-27,2025-06-30,34,80,36,"Balakrishnan, Hari and Tiwari",Healthcare,Enterprise,1,8,0
CUST1005,1435998.75,143599.875,10,2023-01-05,2025-07-16,2020-04-21,2023-10-14,64,20,661,Shah and Sons,Healthcare,Enterprise,40,7,0
CUST1006,2957556.49,246463.04083333336,12,2022-01-14,2025-02-13,2019-02-20,2025-06-30,78,173,36,Parikh Ltd,Non-Profit,Mid-Market,1,8,0
CUST1007,3206896.2199999997,213793.0813333333,15,2022-06-15,2025-05-19,2024-06-19,2025-06-30,13,78,36,"Ghosh, Cheema and Chadha",Manufacturing,Small,1,8,0
CUST1008,1641505.39,136792.11583333332,12,2022-06-25,2025-06-20,2023-08-24,2025-06-30,23,46,36,Aggarwal-Issac,Government,Mid-Market,1,8,0
CUST1009,1462063.03,132914.82090909092,11,2022-02-07,2025-04-27,2021-07-22,2025-06-30,49,100,36,Patil-Parmer,Finance,Small,1,8,0
CUST1010,1773085.97,177308.597,10,2022-05-19,2025-06-01,2021-01-07,2025-06-30,55,65,36,"Jha, Rai and Dada",Retail,Small,1,8,0
CUST1011,1429058.26,142905.826,10,2022-06-18,2025-07-07,2025-06-02,2025-07-10,2,29,26,"Rattan, Narasimhan and Kalita",Education,Small,9,9,0
CUST1012,2004628.34,133641.88933333333,15,2022-02-04,2025-07-14,2022-07-13,2025-05-01,37,22,96,Saha Ltd,Education,Mid-Market,14,1,0
CUST1013,327937.74,29812.521818181816,11,2022-07-07,2025-05-06,2025-04-26,2025-05-11,3,91,86,Ratti-Chana,Finance,Mid-Market,7,8,0
CUST1014,850820.84,121545.83428571429,7,2022-04-29,2025-06-16,2019-01-27,2025-06-30,79,50,36,"Muni, D’Alia and Dube",Non-Profit,Small,1,8,0
CUST1015,1803195.8599999999,180319.58599999998,10,2022-03-28,2025-03-10,2023-06-11,2024-07-27,26,148,374,"Krishnan, Dewan and Gole",Non-Profit,Mid-Market,5,6,0
CUST1016,2914758.64,323862.07111111115,9,2022-01-05,2024-12-30,2023-04-10,2025-06-30,28,218,36,Sengupta-Kamdar,Finance,Small,1,8,0
CUST1017,762454.42,84717.15777777779,9,2022-09-10,2025-05-19,2022-09-27,2025-06-30,34,78,36,Mander Ltd,Healthcare,Small,1,8,0
CUST1018,1638941.69,148994.6990909091,11,2022-05-05,2025-05-29,2021-06-12,2024-11-17,50,68,261,"Dani, Nair and Venkataraman",Finance,Enterprise,28,4,1
CUST1019,2163750.2800000003,196704.57090909092,11,2022-03-07,2025-01-24,2023-01-23,2025-06-30,30,193,36,"Gera, Sangha and Ramaswamy",Government,Enterprise,1,8,0
CUST1020,1719463.64,122818.83142857142,14,2022-01-06,2025-03-04,2019-05-04,2025-03-22,76,154,136,Shankar-Hora,Retail,Enterprise,40,9,0
CUST1021,682270.6699999999,68227.067,10,2022-08-20,2025-07-22,2021-07-08,2025-06-30,49,14,36,Sant-Zacharia,Manufacturing,Small,1,8,0
CUST1022,1812642.02,302107.00333333336,6,2022-01-27,2024-06-04,2025-06-10,2025-07-17,1,427,19,Karpe PLC,Retail,Mid-Market,40,7,0
CUST1023,829052.75,138175.45833333334,6,2022-01-29,2024-10-01,2022-07-31,2025-06-30,36,308,36,Minhas-Reddy,Manufacturing,Enterprise,1,8,0
CUST1024,411890.12,58841.44571428571,7,2023-01-19,2025-04-29,2024-08-03,2025-05-26,12,98,71,Chana-Divan,Manufacturing,Mid-Market,3,10,0
CUST1025,2664176.44,333022.055,8,2022-02-05,2024-03-04,2024-11-16,2025-03-31,8,519,127,Mane Group,Education,Mid-Market,34,10,0
CUST1026,3106859.73,221918.55214285714,14,2022-04-25,2025-05-01,2020-10-07,2024-11-13,58,96,265,"Acharya, Mandal and Kothari",Education,Small,4,10,0
CUST1027,1608757.6400000001,134063.1366666667,12,2022-02-16,2024-10-14,2024-05-17,2024-12-20,14,295,228,Mital Group,Non-Profit,Small,0,4,1
CUST1028,239972.03,39995.33833333333,6,2022-06-19,2025-01-23,2023-09-20,2025-06-30,22,194,36,Sampath-Misra,Finance,Small,1,8,0
CUST1029,608892.14,60889.214,10,2022-02-04,2025-03-09,2019-05-28,2025-06-30,75,149,36,Warrior-Padmanabhan,Manufacturing,Enterprise,1,8,0
CUST1030,1260025.41,90001.81499999999,14,2022-02-11,2024-11-05,2020-10-18,2025-06-30,58,273,36,Chanda-Mani,Finance,Enterprise,1,8,0
CUST1031,4144797.2199999997,230266.5122222222,18,2022-02-15,2025-07-04,2019-04-15,2024-12-23,76,32,225,Ghose Inc,Finance,Small,19,4,1
CUST1032,2241490.69,186790.89083333334,12,2022-07-05,2025-03-31,2024-09-01,2024-12-29,11,127,219,Munshi Inc,Finance,Small,1,9,0
CUST1033,1827845.06,182784.506,10,2022-11-17,2024-07-08,2022-06-29,2025-06-30,37,393,36,Mand-Bansal,Government,Enterprise,1,8,0
CUST1034,1618852.82,134904.40166666667,12,2022-02-18,2025-06-15,2020-07-30,2025-06-30,61,51,36,"Balasubramanian, Kalla and Vora",Education,Small,1,8,0
CUST1035,1220776.74,122077.674,10,2022-02-17,2025-02-08,2021-10-12,2025-06-30,46,178,36,Deep Ltd,Retail,Small,1,8,0
CUST1036,3598655.83,224915.989375,16,2022-02-07,2024-10-23,2020-09-04,2025-06-30,59,286,36,"Solanki, Luthra and Wason",Education,Enterprise,1,8,0
CUST1037,1653197.6300000001,236171.09000000003,7,2022-01-04,2025-04-06,2019-12-10,2025-06-30,68,121,36,"Magar, Trivedi and Aggarwal",Manufacturing,Small,1,8,0
CUST1038,1081084.45,108108.44499999999,10,2022-06-25,2025-02-24,2019-02-16,2025-06-30,78,162,36,"Warrior, Pal and Soman",Government,Enterprise,1,8,0
CUST1039,889862.5700000001,80896.59727272727,11,2022-04-23,2025-07-21,2019-06-25,2025-06-30,74,15,36,"Sachdev, Nair and Trivedi",Education,Enterprise,1,8,0
CUST1040,3625240.56,362524.056,10,2022-02-28,2025-07-09,2021-02-10,2025-06-30,54,27,36,"Datta, Cheema and Butala",Healthcare,Enterprise,1,8,0
CUST1041,2796482.32,233040.19333333333,12,2022-06-20,2025-05-16,2023-02-26,2025-06-30,29,81,36,Rout-Dayal,Retail,Mid-Market,1,8,0
CUST1042,1962074.8,130804.98666666666,15,2022-02-04,2025-06-18,2022-11-26,2025-06-30,32,48,36,"Agrawal, Sabharwal and Jaggi",Manufacturing,Mid-Market,1,8,0
CUST1043,1781272.37,222659.04625,8,2022-04-28,2025-01-11,2020-08-20,2025-06-30,60,206,36,Anne-Konda,Tech,Small,1,8,0
CUST1044,1397126.76,174640.845,8,2022-09-16,2025-07-16,2024-05-16,2025-06-30,14,20,36,Dhawan-Lala,Education,Mid-Market,1,8,0
CUST1045,1261004.46,114636.76909090909,11,2022-02-07,2025-07-21,2022-08-26,2023-10-22,35,15,653,Om LLC,Education,Mid-Market,35,1,1
CUST1046,1220768.1400000001,203461.3566666667,6,2022-09-18,2024-11-24,2023-01-22,2025-06-30,30,254,36,"Kamdar, Gulati and Brahmbhatt",Manufacturing,Enterprise,1,8,0
CUST1047,1168543.96,129838.21777777777,9,2022-01-06,2024-11-14,2023-02-28,2025-06-30,29,264,36,"Keer, Hans and Ben",Tech,Enterprise,1,8,0
CUST1048,2050033.1600000001,157694.85846153848,13,2022-02-19,2025-06-23,2024-01-16,2025-06-07,18,43,59,More and Sons,Healthcare,Enterprise,33,8,0
CUST1049,1720750.6700000002,172075.067,10,2022-02-08,2024-06-30,2019-04-26,2025-06-30,76,401,36,Sachar and Sons,Tech,Mid-Market,1,8,0
CUST1050,1114446.04,123827.33777777778,9,2022-08-24,2025-06-15,2023-06-14,2025-06-30,26,51,36,"Sachdev, Ganesan and Patla",Finance,Small,1,8,0
CUST1051,2742193.64,228516.1366666667,12,2022-02-10,2025-03-24,2021-02-27,2024-08-08,54,134,362,Bumb-Bajaj,Government,Enterprise,37,4,1
CUST1052,1936507.72,242063.465,8,2022-01-25,2024-09-11,2020-01-17,2025-06-30,67,328,36,Dalal-Shanker,Education,Enterprise,1,8,0
CUST1053,362050.51,60341.75166666667,6,2022-04-06,2024-11-09,2019-04-24,2025-06-30,76,269,36,"Sane, Hans and Sagar",Education,Mid-Market,1,8,0
CUST1054,2209232.0,184102.66666666666,12,2022-09-22,2025-05-04,2021-12-16,2024-01-17,44,93,566,Dora-Sethi,Finance,Enterprise,2,1,0
CUST1055,3599017.68,257072.69142857144,14,2022-03-09,2025-03-01,2019-03-07,2025-06-30,78,157,36,Ram-Mahajan,Healthcare,Enterprise,1,8,0
CUST1056,1521513.0,138319.36363636365,11,2022-01-03,2025-06-07,2021-02-24,2025-06-30,54,59,36,"Mannan, Prabhakar and Divan",Government,Enterprise,1,8,0
CUST1057,3404807.83,340480.783,10,2022-09-25,2025-07-20,2022-04-15,2025-06-30,40,16,36,Bava-Dada,Non-Profit,Small,1,8,0
CUST1058,1781834.7599999998,254547.82285714283,7,2023-03-16,2025-06-14,2019-02-28,2025-06-30,78,52,36,"Mangal, Doshi and Tara",Manufacturing,Mid-Market,1,8,0
CUST1059,1534419.71,219202.8157142857,7,2022-05-13,2025-06-13,2020-03-13,2025-06-30,65,53,36,Sidhu-Khare,Tech,Mid-Market,1,8,0
CUST1060,650161.42,81270.1775,8,2022-03-14,2025-04-12,2021-08-07,2023-09-26,48,115,679,"Ganguly, Garde and Buch",Education,Enterprise,37,8,0
CUST1061,629274.74,78659.3425,8,2022-03-21,2025-04-03,2025-04-15,2025-06-30,3,124,36,"Chatterjee, Agate and Rama",Tech,Small,1,8,0
CUST1062,1000929.9700000001,166821.66166666668,6,2022-11-28,2024-10-21,2021-02-15,2025-06-30,54,288,36,Jaggi PLC,Manufacturing,Enterprise,1,8,0
CUST1063,2078495.67,259811.95875,8,2022-03-12,2024-10-10,2022-04-14,2025-06-30,40,299,36,Padmanabhan Group,Non-Profit,Enterprise,1,8,0
CUST1064,3025938.21,252161.5175,12,2022-01-01,2025-07-20,2019-08-23,2025-06-30,72,16,36,"Patla, Purohit and Swaminathan",Government,Enterprise,1,8,0
CUST1065,1470251.29,147025.12900000002,10,2022-02-22,2025-03-07,2019-02-25,2025-06-30,78,151,36,Talwar Ltd,Education,Enterprise,1,8,0
CUST1066,142707.52,71353.76,2,2022-12-21,2024-06-21,2021-05-31,2025-06-30,50,410,36,Chauhan-Butala,Government,Enterprise,1,8,0
CUST1067,1109057.75,123228.63888888889,9,2022-03-07,2025-03-10,2025-05-29,2025-06-06,2,148,60,Pai-Muni,Tech,Small,41,8,0
CUST1068,1096409.68,137051.21,8,2022-01-03,2024-10-14,2024-12-01,2025-06-30,8,295,36,Zachariah LLC,Healthcare,Enterprise,1,8,0
CUST1069,507432.32,56381.36888888889,9,2022-02-05,2024-07-26,2020-08-15,2025-06-30,60,375,36,Agate and Sons,Government,Enterprise,1,8,0
CUST1070,2108909.16,263613.645,8,2022-03-02,2024-10-22,2020-05-05,2025-06-30,63,287,36,"Babu, Sant and Bassi",Tech,Small,1,8,0
CUST1071,1991117.0,104795.63157894737,19,2022-01-09,2025-06-03,2019-05-22,2025-06-30,75,63,36,Nagar Ltd,Finance,Enterprise,1,8,0
CUST1072,3569178.02,356917.802,10,2022-11-12,2025-07-11,2024-11-23,2025-06-30,8,25,36,"Comar, Karan and Buch",Tech,Mid-Market,1,8,0
CUST1073,893273.65,127610.52142857143,7,2022-11-20,2025-02-14,2020-10-20,2025-06-30,58,172,36,Sarkar Ltd,Manufacturing,Small,1,8,0
CUST1074,552865.1799999999,110573.036,5,2022-08-25,2025-06-15,2020-01-25,2025-06-30,67,51,36,Narayan and Sons,Finance,Mid-Market,1,8,0
CUST1075,1367075.38,113922.94833333332,12,2022-02-04,2024-11-12,2019-07-16,2025-04-03,73,266,124,Ranganathan-Samra,Healthcare,Small,10,9,0
CUST1076,639740.63,106623.43833333334,6,2022-01-04,2024-10-23,2021-11-22,2025-06-30,45,286,36,Dada PLC,Healthcare,Small,1,8,0
CUST1077,1421335.48,157926.16444444444,9,2022-02-10,2025-04-14,2019-06-21,2024-09-25,74,113,314,"Sood, Sridhar and Dhingra",Government,Enterprise,7,6,0
CUST1078,3072316.38,256026.365,12,2022-01-02,2025-05-04,2020-02-11,2025-06-30,66,93,36,"Ghose, Rao and Brahmbhatt",Healthcare,Small,1,8,0
CUST1079,1796484.4100000001,199609.3788888889,9,2022-05-31,2025-03-02,2021-10-23,2025-01-26,46,156,191,Shukla and Sons,Tech,Small,35,5,0
CUST1080,402764.0,44751.555555555555,9,2022-03-19,2025-05-25,2019-03-16,2025-06-30,77,72,36,Rege-Master,Government,Enterprise,1,8,0
CUST1081,89141.88,22285.47,4,2022-04-10,2025-04-01,2019-07-23,2025-06-30,73,126,36,Boase Ltd,Non-Profit,Enterprise,1,8,0
CUST1082,856783.3999999999,107097.92499999999,8,2022-12-13,2025-04-28,2023-04-10,2024-09-25,28,99,314,"Divan, Sethi and Wable",Education,Enterprise,3,5,0
CUST1083,1441656.55,144165.655,10,2022-05-23,2025-03-04,2020-01-25,2025-06-30,67,154,36,Balasubramanian-Bhardwaj,Retail,Small,1,8,0
CUST1084,1095752.7,156536.1,7,2023-01-03,2025-03-28,2023-12-28,2024-12-25,19,130,223,Kalita Group,Retail,Enterprise,26,3,1
CUST1085,1091772.31,218354.462,5,2022-07-15,2024-07-14,2022-10-12,2025-06-30,34,387,36,"Bose, Bhardwaj and Rau",Manufacturing,Mid-Market,1,8,0
CUST1086,1359292.3900000001,169911.54875000002,8,2022-01-29,2025-01-20,2020-04-07,2023-08-21,64,197,715,Bali-Iyengar,Retail,Mid-Market,8,4,0
CUST1087,2374111.67,169579.405,14,2022-01-26,2025-05-09,2021-10-31,2023-10-13,45,88,662,Pradhan-Pillay,Manufacturing,Enterprise,30,3,1
CUST1088,1410629.93,94041.99533333333,15,2022-08-31,2025-06-12,2024-08-18,2024-09-01,11,54,338,Oommen-Chaudhari,Manufacturing,Enterprise,30,10,0
CUST1089,1327782.4,265556.48,5,2022-10-09,2025-04-30,2023-01-08,2025-06-30,31,97,36,Bhandari and Sons,Manufacturing,Mid-Market,1,8,0
CUST1090,1279373.22,98413.32461538461,13,2022-06-10,2025-02-01,2020-12-08,2025-06-30,56,185,36,Kibe PLC,Education,Enterprise,1,8,0
CUST1091,1599466.3900000001,199933.29875000002,8,2022-04-12,2025-07-18,2021-07-15,2025-06-30,49,18,36,Ram PLC,Non-Profit,Enterprise,1,8,0
CUST1092,696301.45,139260.28999999998,5,2023-01-15,2025-04-12,2021-06-24,2024-08-26,50,115,344,Ramakrishnan-Goswami,Finance,Small,9,10,0
CUST1093,2701174.0,300130.44444444444,9,2022-08-27,2025-07-13,2025-01-29,2025-06-30,6,23,36,Pillai-Venkatesh,Healthcare,Mid-Market,27,5,0
CUST1094,1113535.59,123726.17666666668,9,2022-01-16,2025-06-16,2021-09-05,2025-06-30,47,50,36,"Basu, Dixit and Varty",Education,Small,1,8,0
CUST1095,4010672.48,222815.13777777777,18,2022-05-05,2025-06-22,2020-01-02,2025-06-30,68,44,36,Dhingra-Vyas,Manufacturing,Small,1,8,0
CUST1096,1603029.96,160302.99599999998,10,2022-01-28,2025-06-12,2021-09-27,2025-06-30,46,54,36,Lad-Merchant,Finance,Mid-Market,1,8,0
CUST1097,715100.03,119183.33833333333,6,2022-04-12,2024-12-22,2024-05-25,2024-06-01,14,226,430,Batra-Som,Government,Mid-Market,33,5,0
CUST1098,1458041.13,162004.56999999998,9,2022-04-26,2025-06-08,2020-10-28,2023-10-27,58,58,648,Sura PLC,Manufacturing,Enterprise,21,4,1
CUST1099,2916394.55,162021.91944444444,18,2022-01-27,2025-05-09,2021-09-06,2024-06-18,47,88,413,"Deol, Dalal and Gill",Education,Mid-Market,4,5,1
CUST1100,1200691.36,109153.76000000001,11,2022-06-20,2025-07-18,2022-01-08,2024-12-31,43,18,217,"Dayal, Mital and Arora",Healthcare,Small,35,7,0
CUST1101,604353.6,100725.59999999999,6,2022-01-21,2025-01-11,2023-06-01,2025-06-30,26,206,36,Sibal Ltd,Retail,Mid-Market,1,8,0
CUST1102,588928.48,117785.696,5,2022-10-06,2025-07-17,2023-06-23,2025-06-30,25,19,36,"Muni, Bali and Sarin",Healthcare,Mid-Market,1,8,0
CUST1103,2069134.99,188103.1809090909,11,2022-01-24,2025-03-13,2024-01-24,2024-10-01,18,145,308,"Morar, Nagar and Cherian",Government,Small,1,6,0
CUST1104,1067578.49,118619.83222222222,9,2022-01-08,2025-06-16,2024-05-18,2025-06-30,14,50,36,Narain-Bora,Healthcare,Mid-Market,1,8,0
CUST1105,1236876.9,123687.68999999999,10,2022-02-18,2025-07-20,2025-05-05,2025-05-12,3,16,85,Mangat Ltd,Retail,Small,20,10,0
CUST1106,887473.72,73956.14333333333,12,2022-02-01,2025-05-17,2025-07-09,2025-07-13,0,80,23,Aurora LLC,Retail,Mid-Market,21,5,0
CUST1107,1037227.42,115247.49111111111,9,2022-02-07,2025-01-23,2023-10-06,2024-02-12,22,194,540,"Chada, Narula and Parikh",Healthcare,Small,38,1,1
CUST1108,443611.46,73935.24333333333,6,2022-08-09,2024-10-24,2024-09-29,2024-10-22,10,285,287,"Shankar, Srivastava and Kumar",Tech,Enterprise,49,3,1
CUST1109,2082419.3199999998,189310.84727272726,11,2022-02-02,2025-06-27,2023-08-23,2025-06-30,23,39,36,Lall-Kapadia,Non-Profit,Small,1,8,0
CUST1110,1855862.8900000001,231982.86125000002,8,2022-01-25,2024-12-30,2020-06-28,2025-07-04,62,218,32,"Solanki, Mahajan and Pall",Manufacturing,Small,10,10,0
CUST1111,1571585.79,142871.43545454546,11,2022-09-29,2025-03-23,2021-04-11,2025-06-30,52,135,36,Zachariah-Bal,Healthcare,Mid-Market,1,8,0
CUST1112,913612.1,76134.34166666666,12,2022-02-14,2025-05-05,2023-03-30,2025-04-29,28,92,98,"Mukhopadhyay, Raj and Bumb",Manufacturing,Small,6,5,0
CUST1113,1973490.52,197349.052,10,2022-05-29,2025-05-28,2021-07-29,2025-06-30,48,69,36,Comar Group,Non-Profit,Small,1,8,0
CUST1114,2344751.54,195395.96166666667,12,2022-01-14,2024-12-21,2019-06-16,2024-04-22,74,227,470,Ravi-Patla,Non-Profit,Enterprise,39,2,1
CUST1115,1617442.93,124418.68692307692,13,2022-02-26,2025-02-21,2019-05-11,2025-06-30,75,165,36,Dutt Group,Retail,Mid-Market,1,8,0
CUST1116,3157502.25,263125.1875,12,2022-11-03,2025-04-17,2019-01-18,2025-06-30,79,110,36,Singh Inc,Manufacturing,Small,1,8,0
CUST1117,1841993.91,263141.9871428571,7,2022-03-28,2025-03-09,2022-02-08,2025-06-30,42,149,36,Bumb-Borde,Education,Small,1,8,0
CUST1118,1820839.6600000001,165530.8781818182,11,2022-04-27,2025-01-26,2022-01-12,2025-06-05,43,191,61,Morar LLC,Finance,Small,30,9,0
CUST1119,1998910.55,133260.70333333334,15,2022-03-04,2025-07-01,2023-02-03,2025-06-30,30,35,36,"Gill, Bansal and Doshi",Education,Enterprise,1,8,0
CUST1120,2960276.31,197351.75400000002,15,2022-07-01,2025-05-19,2021-05-20,2024-09-23,51,78,316,Chokshi and Sons,Tech,Mid-Market,14,3,1
CUST1121,1719684.4000000001,171968.44,10,2022-01-11,2025-04-21,2022-01-03,2025-06-30,43,106,36,"Dyal, Misra and Wali",Healthcare,Enterprise,1,8,0
CUST1122,464686.20999999996,77447.70166666666,6,2022-09-11,2025-05-16,2021-03-15,2025-06-30,53,81,36,Devi-Deshmukh,Retail,Small,1,8,0
CUST1123,1246884.3800000001,124688.43800000001,10,2022-10-30,2025-05-02,2023-10-19,2025-06-30,21,95,36,Naik Ltd,Tech,Mid-Market,1,8,0
CUST1124,1388881.47,138888.147,10,2022-01-28,2025-07-08,2024-05-04,2025-06-30,15,28,36,Pillay-Walla,Finance,Small,1,8,0
CUST1125,2117835.4699999997,162910.42076923075,13,2022-08-29,2025-05-22,2021-07-04,2025-06-30,49,75,36,"Varkey, Viswanathan and Sahni",Tech,Enterprise,1,8,0
CUST1126,1382362.39,115196.86583333333,12,2022-10-02,2025-07-01,2023-05-15,2025-06-30,27,35,36,Nadkarni Group,Non-Profit,Enterprise,1,8,0
CUST1127,1564874.71,156487.471,10,2022-02-26,2024-11-18,2023-04-25,2024-04-03,27,260,489,Kalita-Puri,Retail,Mid-Market,36,2,1
CUST1128,1349026.18,149891.79777777777,9,2022-10-02,2025-07-05,2024-12-19,2025-06-30,7,31,36,"Dyal, Mital and Kar",Manufacturing,Small,1,8,0
CUST1129,2177468.0300000003,128086.35470588238,17,2022-01-11,2025-07-13,2025-04-02,2025-06-30,4,23,36,Sachar Inc,Finance,Enterprise,1,8,0
CUST1130,1241041.9000000001,137893.54444444447,9,2022-10-11,2025-07-24,2024-10-26,2025-06-30,9,12,36,Aurora-Mannan,Education,Small,1,8,0
CUST1131,644110.22,80513.7775,8,2022-01-29,2025-01-25,2021-01-15,2025-06-30,55,192,36,"Venkatesh, Sur and Jha",Healthcare,Enterprise,1,8,0
CUST1132,1155828.34,144478.5425,8,2022-05-28,2025-02-04,2025-05-28,2025-06-30,2,182,36,Bedi LLC,Manufacturing,Small,1,8,0
CUST1133,2114345.19,140956.346,15,2022-06-08,2025-04-22,2023-04-09,2024-09-23,28,105,316,Shanker Inc,Tech,Mid-Market,50,3,0
CUST1134,1281894.6,160236.825,8,2023-03-12,2025-06-01,2024-03-31,2025-06-30,16,65,36,Tata Group,Healthcare,Small,1,8,0
CUST1135,4004915.9699999997,500614.49624999997,8,2022-07-08,2024-12-23,2025-01-24,2025-07-19,6,225,17,"Karan, Dhaliwal and Gandhi",Tech,Small,13,9,0
CUST1136,820392.47,205098.1175,4,2022-11-17,2025-03-26,2022-07-31,2025-06-30,36,132,36,Deo-Pillai,Tech,Enterprise,1,8,0
CUST1137,3196706.6100000003,290609.69181818183,11,2022-05-05,2025-03-05,2023-07-21,2024-11-02,24,153,276,Barman-Saini,Education,Mid-Market,30,5,1
CUST1138,1237807.74,103150.645,12,2022-01-11,2025-05-14,2021-11-21,2025-06-30,45,83,36,Master-Hayre,Non-Profit,Small,1,8,0
CUST1139,1053758.28,87813.19,12,2022-07-17,2025-07-24,2024-11-24,2025-02-13,8,12,173,Basu Inc,Manufacturing,Mid-Market,49,3,0
CUST1140,290744.42000000004,48457.40333333334,6,2022-03-13,2024-06-22,2019-10-26,2025-02-03,70,409,183,Deo-Chand,Government,Small,5,1,0
CUST1141,2677425.05,243402.27727272725,11,2022-01-10,2025-07-24,2019-01-24,2025-06-30,79,12,36,Nigam-Pillai,Manufacturing,Mid-Market,1,8,0
CUST1142,299172.32,33241.36888888889,9,2022-06-27,2025-07-12,2022-05-22,2025-06-30,39,24,36,"Dey, Samra and Kadakia",Retail,Mid-Market,1,8,0
CUST1143,661867.9400000001,94552.56285714287,7,2023-02-15,2025-01-14,2019-09-16,2025-06-30,71,203,36,Rai-Comar,Manufacturing,Enterprise,1,8,0
CUST1144,3260552.18,326055.218,10,2022-05-28,2024-04-03,2023-12-25,2024-04-04,19,489,488,Banerjee and Sons,Manufacturing,Small,11,1,0
CUST1145,2450449.2399999998,188496.09538461536,13,2022-08-14,2025-06-06,2022-12-10,2024-09-10,32,60,329,Gera and Sons,Manufacturing,Enterprise,44,1,1
CUST1146,678630.0800000001,113105.01333333335,6,2022-02-17,2025-01-05,2024-10-30,2024-12-29,9,212,219,"Mittal, Jain and Chandra",Retail,Small,45,4,1
CUST1147,2160486.2,216048.62000000002,10,2022-05-16,2025-04-21,2025-04-28,2025-06-30,3,106,36,Sethi-Nagy,Education,Mid-Market,1,8,0
CUST1148,1104600.96,220920.19199999998,5,2022-09-24,2025-07-06,2021-12-03,2024-04-21,44,30,471,Narayan Ltd,Retail,Mid-Market,10,4,1
CUST1149,2101167.0500000003,210116.70500000002,10,2022-02-02,2025-07-09,2019-07-23,2025-06-30,73,27,36,Chakrabarti-Barad,Education,Enterprise,1,8,0
CUST1150,1472366.8699999999,210338.12428571426,7,2022-06-09,2025-01-15,2022-10-13,2024-06-27,34,202,404,Chada-Kumar,Tech,Mid-Market,12,5,0
CUST1151,637862.8200000001,79732.85250000001,8,2022-01-10,2024-05-04,2023-10-28,2024-11-14,21,458,264,"Kamdar, Mannan and Sibal",Retail,Small,15,2,1
CUST1152,1238754.09,154844.26125,8,2022-05-24,2025-06-10,2025-02-12,2025-06-30,5,56,36,Gill-Ramaswamy,Education,Enterprise,1,8,0
CUST1153,1062365.4100000001,106236.54100000001,10,2022-03-08,2025-03-18,2019-08-15,2025-06-30,72,140,36,"Lall, Agarwal and Ahuja",Manufacturing,Small,1,8,0
CUST1154,1329875.6199999999,94991.11571428571,14,2022-05-01,2025-06-30,2022-12-02,2025-06-30,32,36,36,Chand Group,Finance,Small,1,8,0
CUST1155,3786259.79,291250.7530769231,13,2022-01-13,2024-12-22,2019-09-29,2024-06-01,71,226,430,"Mutti, Som and Palla",Government,Enterprise,2,6,0
CUST1156,2836437.4699999997,202602.6764285714,14,2022-01-01,2025-07-13,2019-03-11,2024-12-06,77,23,242,Seth-Mukherjee,Tech,Small,29,9,0
CUST1157,2220635.16,170818.08923076926,13,2022-01-09,2025-06-21,2025-07-17,2025-07-18,0,45,18,"Ratti, Vala and Manne",Tech,Small,43,1,0
CUST1158,3616615.85,258329.70357142857,14,2022-01-17,2025-05-13,2020-12-20,2024-11-05,56,84,273,"Nagi, Tandon and Dhaliwal",Non-Profit,Enterprise,39,2,1
CUST1159,1100945.39,122327.26555555554,9,2022-08-22,2025-06-25,2024-07-15,2024-10-13,12,41,296,Oommen-Jaggi,Manufacturing,Enterprise,9,8,0
CUST1160,2173983.32,241553.7022222222,9,2022-01-06,2025-03-29,2024-02-06,2025-06-30,18,129,36,Patla Group,Manufacturing,Enterprise,1,8,0
CUST1161,351934.50999999995,70386.90199999999,5,2022-05-20,2024-05-28,2025-03-20,2025-06-30,4,434,36,Chanda LLC,Tech,Enterprise,1,8,0
CUST1162,2487013.36,248701.33599999998,10,2022-05-08,2025-03-13,2021-11-08,2023-07-28,45,145,739,Muni-Badal,Finance,Small,20,8,0
CUST1163,2471751.55,176553.68214285714,14,2022-05-11,2024-10-14,2021-09-24,2025-02-14,47,295,172,Bahl Ltd,Government,Small,0,1,0
CUST1164,2087055.3,231895.03333333333,9,2022-01-27,2025-07-14,2019-12-22,2025-06-30,68,22,36,Kapoor-Deshmukh,Manufacturing,Enterprise,1,8,0
CUST1165,1367304.87,151922.76333333334,9,2022-02-04,2024-11-29,2023-03-01,2023-09-26,29,249,679,Lal-Kaur,Finance,Mid-Market,37,9,0
CUST1166,842833.47,168566.694,5,2022-08-16,2025-07-20,2020-06-26,2023-07-27,62,16,740,"Ramachandran, Dalal and Buch",Non-Profit,Enterprise,1,5,0
CUST1167,1659654.63,165965.463,10,2022-12-24,2025-06-06,2024-02-22,2025-06-30,17,60,36,Dhingra-Mital,Manufacturing,Small,1,8,0
CUST1168,2131566.65,304509.52142857143,7,2022-02-27,2025-06-25,2022-01-21,2024-03-08,43,41,515,"Karan, Ganguly and Khanna",Non-Profit,Mid-Market,9,5,1
CUST1169,2448032.89,188310.2223076923,13,2022-01-09,2025-04-11,2021-04-30,2024-02-24,51,116,528,Savant-Jha,Retail,Small,10,2,1
CUST1170,2163902.02,216390.202,10,2022-02-13,2025-03-26,2022-03-18,2025-06-30,41,132,36,"Sagar, Lal and Ram",Tech,Mid-Market,1,8,0
CUST1171,771253.87,96406.73375,8,2022-02-20,2024-12-01,2023-12-21,2025-06-30,19,247,36,Varghese Group,Manufacturing,Mid-Market,1,8,0
CUST1172,2393499.55,159566.63666666666,15,2022-01-13,2025-02-04,2024-06-25,2025-03-11,13,182,147,Oak Inc,Healthcare,Mid-Market,11,5,0
CUST1173,2843650.27,284365.027,10,2023-03-01,2025-05-09,2024-06-14,2025-06-30,13,88,36,"Suri, Sehgal and Krishnan",Retail,Enterprise,1,8,0
CUST1174,2233331.3400000003,279166.41750000004,8,2022-05-13,2024-10-24,2020-02-07,2025-06-30,66,285,36,"Oza, Salvi and Cherian",Education,Enterprise,1,8,0
CUST1175,1758710.09,146559.17416666666,12,2022-02-05,2025-07-18,2023-05-26,2025-06-30,26,18,36,Bala PLC,Non-Profit,Mid-Market,1,8,0
CUST1176,2883487.53,288348.75299999997,10,2022-04-27,2024-07-07,2025-07-06,2025-06-30,1,394,36,"Issac, Doctor and Peri",Non-Profit,Small,1,8,0
CUST1177,2935436.2199999997,266857.83818181814,11,2022-11-11,2025-06-19,2019-12-17,2025-06-30,68,47,36,"Dada, Sachdeva and Divan",Non-Profit,Mid-Market,1,8,0
CUST1178,2018853.58,336475.5966666667,6,2022-06-29,2025-06-21,2021-10-27,2025-03-03,45,45,155,Desai LLC,Retail,Mid-Market,2,7,0
CUST1179,3420869.82,310988.16545454547,11,2022-03-26,2024-11-18,2021-07-31,2025-05-01,48,260,96,Ganesh and Sons,Manufacturing,Small,48,7,0
CUST1180,774352.03,70395.6390909091,11,2022-03-12,2025-06-18,2022-07-01,2025-05-15,37,48,82,"Sant, Merchant and Lad",Tech,Mid-Market,36,7,0
CUST1181,1236132.72,123613.272,10,2022-01-24,2024-11-05,2019-11-17,2025-06-30,69,273,36,Comar Ltd,Government,Mid-Market,1,8,0
CUST1182,753007.66,83667.51777777779,9,2022-10-23,2025-07-24,2024-06-11,2025-06-30,14,12,36,Issac-Garde,Retail,Enterprise,1,8,0
CUST1183,862310.94,107788.8675,8,2022-07-11,2025-01-26,2023-03-01,2025-06-30,29,191,36,"Dani, Patel and Sekhon",Education,Enterprise,1,8,0
CUST1184,1914199.5899999999,319033.26499999996,6,2022-02-15,2024-12-08,2020-01-27,2025-06-30,67,240,36,Buch Group,Education,Small,1,8,0
CUST1185,2010676.84,167556.40333333335,12,2022-07-16,2025-02-03,2019-12-16,2025-07-23,68,183,13,"Mitter, Puri and Acharya",Education,Enterprise,6,5,0
CUST1186,1010382.3300000001,112264.70333333334,9,2022-03-23,2025-06-29,2021-11-01,2025-06-30,45,37,36,Gulati Inc,Retail,Enterprise,1,8,0
CUST1187,2029892.0899999999,156145.54538461537,13,2022-07-19,2025-04-19,2023-11-29,2024-10-19,20,108,290,"Roy, Boase and Sarraf",Retail,Mid-Market,24,5,1
CUST1188,1251124.68,139013.85333333333,9,2022-01-17,2025-07-18,2021-11-21,2023-10-12,45,18,663,Maharaj-Mukhopadhyay,Education,Enterprise,3,1,1
CUST1189,3335924.3,166796.215,20,2022-05-12,2025-03-23,2022-02-28,2024-08-06,41,135,364,Padmanabhan-Barman,Finance,Mid-Market,35,3,1
CUST1190,2209594.5100000002,200872.2281818182,11,2022-06-24,2024-12-23,2021-01-20,2025-07-21,55,225,15,"Dutt, Chakrabarti and Kumer",Government,Enterprise,2,9,0
CUST1191,1450838.07,103631.29071428571,14,2022-08-02,2025-06-13,2024-05-18,2024-07-25,14,53,376,Keer-Sarma,Government,Mid-Market,32,10,0
CUST1192,2681901.73,243809.24818181817,11,2022-02-12,2025-03-12,2022-02-11,2024-10-15,42,146,294,"Tiwari, Varkey and Narang",Education,Small,1,10,0
CUST1193,301642.66000000003,50273.77666666667,6,2022-01-22,2024-01-12,2025-01-31,2025-04-02,6,571,125,Kala Inc,Non-Profit,Mid-Market,7,6,0
CUST1194,641900.74,128380.148,5,2022-06-17,2025-02-28,2023-01-29,2025-06-30,30,158,36,Chaudhuri-Goel,Non-Profit,Small,1,8,0
CUST1195,1896142.32,189614.23200000002,10,2022-01-31,2025-03-11,2020-10-22,2025-03-21,58,147,137,"Pandit, Bahl and Anand",Tech,Enterprise,0,5,0
CUST1196,277606.53,46267.755000000005,6,2022-06-20,2024-07-19,2021-05-26,2024-10-31,51,382,278,"Johal, Wable and Kothari",Government,Enterprise,47,3,1
CUST1197,1026995.48,205399.096,5,2022-02-20,2025-01-20,2022-05-10,2025-06-30,39,197,36,"Suri, Kala and Chawla",Manufacturing,Small,1,8,0
CUST1198,2937633.2399999998,225971.78769230767,13,2022-01-06,2025-07-16,2021-03-20,2024-12-20,53,20,228,Sur PLC,Retail,Small,1,10,0
CUST1199,1679816.18,167981.618,10,2022-03-16,2025-07-16,2021-07-06,2025-06-30,49,20,36,"Atwal, Setty and Divan",Finance,Small,1,8,0
CUST1200,1139726.13,126636.23666666665,9,2022-08-22,2025-06-29,2019-05-01,2025-06-30,76,37,36,Kade and Sons,Retail,Mid-Market,1,8,0
CUST1201,1498150.87,136195.53363636366,11,2022-01-04,2025-03-31,2025-01-09,2025-06-30,6,127,36,Mohanty-Sibal,Education,Small,1,8,0
CUST1202,1970778.2,151598.3230769231,13,2022-05-06,2025-07-01,2023-02-12,2025-05-04,30,35,93,"Jain, Setty and Devan",Tech,Enterprise,4,6,0
CUST1203,1193508.0899999999,91808.3146153846,13,2022-01-10,2025-06-29,2025-02-09,2025-05-12,5,37,85,Toor-Mann,Retail,Mid-Market,47,8,0
CUST1204,813441.24,90382.36,9,2022-07-11,2024-11-17,2020-03-17,2023-10-03,65,261,672,Vala-Bali,Education,Mid-Market,11,3,1
CUST1205,1880298.36,235037.295,8,2022-07-07,2024-12-25,2020-07-27,2025-02-17,61,223,169,Hayre-Bakshi,Tech,Mid-Market,45,1,0
CUST1206,1447807.8800000001,131618.8981818182,11,2022-01-08,2025-05-29,2020-07-30,2025-06-30,61,68,36,Bahri-Narain,Healthcare,Mid-Market,1,8,0
CUST1207,1674665.74,209333.2175,8,2022-11-16,2025-01-08,2022-08-22,2025-06-30,35,209,36,Bir LLC,Finance,Enterprise,1,8,0
CUST1208,1368041.95,97717.28214285713,14,2022-01-01,2025-02-27,2019-11-16,2025-06-30,69,159,36,"Guha, Khurana and Nori",Non-Profit,Mid-Market,1,8,0
CUST1209,515940.22,57326.69111111111,9,2022-03-10,2025-07-05,2020-07-18,2025-06-30,61,31,36,Bajwa PLC,Healthcare,Mid-Market,1,8,0
CUST1210,1239517.68,112683.42545454545,11,2022-07-19,2024-12-25,2020-05-15,2024-03-23,63,223,500,Parikh PLC,Government,Small,2,8,0
CUST1211,1916245.81,191624.581,10,2023-01-18,2025-05-03,2022-03-10,2025-07-22,41,94,14,Hayre Group,Manufacturing,Enterprise,46,5,0
CUST1212,1686759.42,153341.76545454544,11,2022-10-04,2024-05-24,2022-08-30,2025-06-30,35,438,36,Kant LLC,Retail,Small,1,8,0
CUST1213,1843685.18,115230.32375,16,2022-03-02,2025-07-03,2021-07-11,2025-06-30,49,33,36,Date-Parmer,Tech,Enterprise,1,8,0
CUST1214,339890.51,56648.418333333335,6,2022-05-13,2025-02-20,2023-05-30,2025-06-30,26,166,36,"Anand, Vora and Mammen",Education,Mid-Market,1,8,0
CUST1215,144550.45,28910.090000000004,5,2022-05-13,2024-11-26,2022-08-23,2025-06-30,35,252,36,Rau Ltd,Manufacturing,Small,1,8,0
CUST1216,727502.47,72750.247,10,2022-04-12,2025-05-29,2023-11-02,2025-06-30,21,68,36,Ravel and Sons,Government,Small,1,8,0
CUST1217,1186895.27,118689.527,10,2022-02-06,2025-03-01,2022-10-24,2025-06-30,33,157,36,Halder and Sons,Government,Enterprise,1,8,0
CUST1218,1005532.5299999999,100553.253,10,2022-02-08,2025-01-30,2022-11-23,2024-12-31,32,187,217,Golla-Mangal,Healthcare,Small,48,3,1
CUST1219,533803.51,76257.64428571428,7,2022-03-14,2025-05-16,2019-11-21,2025-06-30,69,81,36,Lala-Hari,Tech,Mid-Market,1,8,0
CUST1220,3303454.1399999997,194320.83176470586,17,2022-03-24,2025-07-16,2022-08-18,2025-06-30,36,20,36,Khatri Ltd,Retail,Small,1,8,0
CUST1221,1414947.99,157216.44333333333,9,2022-12-25,2025-01-08,2024-09-05,2025-06-30,11,209,36,Ray Inc,Finance,Mid-Market,1,8,0
CUST1222,2142089.0,267761.125,8,2023-05-05,2024-12-04,2023-07-22,2025-06-18,24,244,48,Shenoy PLC,Education,Small,29,5,0
CUST1223,1935731.21,161310.93416666667,12,2022-04-26,2025-07-20,2023-01-02,2025-06-30,31,16,36,Kumer-Salvi,Retail,Mid-Market,1,8,0
CUST1224,2053110.28,186646.3890909091,11,2022-04-19,2025-04-17,2019-01-16,2025-06-30,79,110,36,"Vohra, Palla and Balakrishnan",Non-Profit,Enterprise,1,8,0
CUST1225,2039209.23,203920.923,10,2022-03-11,2025-03-12,2025-06-13,2025-06-30,1,146,36,Gola Ltd,Retail,Enterprise,1,8,0
CUST1226,1528764.3900000001,254794.06500000003,6,2022-05-14,2025-03-26,2021-07-17,2025-06-30,49,132,36,Kuruvilla Group,Healthcare,Enterprise,1,8,0
CUST1227,2139135.13,213913.51299999998,10,2022-06-01,2025-04-13,2024-09-02,2024-12-29,11,114,219,Rege-Doctor,Finance,Mid-Market,5,6,0
CUST1228,502416.45999999996,125604.11499999999,4,2022-08-31,2024-09-02,2021-08-21,2025-06-30,48,337,36,"Lad, Hayre and Chahal",Tech,Enterprise,1,8,0
CUST1229,886720.8300000001,88672.08300000001,10,2022-02-14,2025-02-05,2020-04-17,2025-06-30,64,181,36,Sant-Mohan,Government,Enterprise,1,8,0
CUST1230,990340.63,123792.57875,8,2022-02-19,2025-05-12,2020-02-21,2024-02-16,66,85,536,Dayal Ltd,Finance,Enterprise,18,4,1
CUST1231,358939.8,89734.95,4,2022-11-29,2024-09-01,2023-06-16,2024-07-21,26,338,380,Gara Ltd,Non-Profit,Mid-Market,14,1,0
CUST1232,1312256.46,131225.646,10,2022-05-06,2025-07-13,2022-04-20,2025-06-30,40,23,36,Reddy-Varkey,Government,Enterprise,1,8,0
CUST1233,2033704.73,203370.473,10,2022-05-15,2025-05-19,2019-05-25,2024-12-07,75,78,241,Sachdeva-Manne,Education,Mid-Market,30,3,1
CUST1234,1581166.05,175685.11666666667,9,2022-02-26,2025-03-06,2021-05-09,2025-06-30,51,152,36,"Kibe, Oommen and Ram",Education,Enterprise,1,8,0
CUST1235,1326892.8900000001,120626.62636363637,11,2022-04-03,2025-07-16,2022-03-03,2025-06-30,41,20,36,Varughese Group,Non-Profit,Small,1,8,0
CUST1236,992368.26,110263.14,9,2022-05-08,2025-04-24,2020-01-10,2025-06-30,67,103,36,Modi LLC,Non-Profit,Small,1,8,0
CUST1237,1859222.99,185922.299,10,2022-03-29,2025-04-10,2022-04-24,2025-06-30,39,117,36,"Varughese, Natarajan and Bala",Finance,Mid-Market,1,8,0
CUST1238,1323928.72,101840.67076923077,13,2022-01-19,2025-03-06,2020-06-15,2025-06-30,62,152,36,Gole-Banik,Healthcare,Small,1,8,0
CUST1239,2303948.9,164567.77857142856,14,2022-01-27,2025-06-18,2022-12-01,2024-02-01,32,48,551,"Sani, Kala and Srivastava",Non-Profit,Mid-Market,30,4,0
CUST1240,1352395.68,150266.18666666665,9,2022-11-16,2025-05-23,2022-02-04,2025-06-30,42,74,36,Mangal Group,Tech,Enterprise,1,8,0
CUST1241,2428341.26,142843.60352941175,17,2022-05-23,2025-06-29,2021-04-23,2023-07-27,52,37,740,Lala-Verma,Finance,Mid-Market,36,5,0
CUST1242,2850312.9699999997,237526.0808333333,12,2022-07-02,2025-05-24,2023-01-20,2025-06-30,30,73,36,"Minhas, Mody and Rana",Finance,Mid-Market,1,8,0
CUST1243,938613.14,104290.3488888889,9,2022-03-27,2025-05-07,2019-10-19,2025-06-30,70,90,36,Kohli and Sons,Healthcare,Mid-Market,1,8,0
CUST1244,2646474.82,220539.56833333333,12,2022-02-01,2025-02-23,2022-04-29,2025-06-30,39,163,36,Reddy-Sama,Non-Profit,Mid-Market,1,8,0
CUST1245,1537384.3,219626.32857142857,7,2022-01-09,2025-02-27,2024-05-13,2025-06-30,14,159,36,"Parmar, Oza and Kanda",Tech,Mid-Market,1,8,0
CUST1246,1389251.32,126295.57454545455,11,2022-07-04,2025-04-19,2020-09-07,2025-06-30,59,108,36,Menon-Raval,Finance,Small,1,8,0
CUST1247,1582310.4100000001,197788.80125000002,8,2022-04-28,2025-02-19,2020-05-13,2025-06-30,63,167,36,Anne-Chandra,Tech,Enterprise,1,8,0
CUST1248,2528395.23,361199.3185714286,7,2022-07-13,2024-05-11,2019-02-28,2025-03-09,78,451,149,Hayre-Misra,Healthcare,Mid-Market,25,3,0
CUST1249,946114.67,105123.85222222222,9,2022-04-11,2025-03-30,2024-01-29,2025-04-18,18,128,109,"Sarin, Raghavan and Naik",Government,Mid-Market,5,8,0
CUST1250,2165811.2199999997,196891.92909090908,11,2022-05-21,2025-03-21,2020-03-26,2025-06-30,65,137,36,"Kunda, Prabhu and Sangha",Manufacturing,Enterprise,1,8,0
CUST1251,1484848.66,212121.23714285714,7,2022-03-18,2025-07-15,2022-08-11,2025-06-30,36,21,36,"Shah, Keer and Bhardwaj",Government,Enterprise,1,8,0
CUST1252,1758164.7,146513.725,12,2022-08-11,2025-06-05,2021-11-11,2025-06-30,45,61,36,Din PLC,Finance,Enterprise,1,8,0
CUST1253,1903776.16,118986.01,16,2022-06-07,2025-04-07,2021-10-17,2024-09-03,46,120,336,Gera-Tak,Retail,Enterprise,8,10,0
CUST1254,1368915.79,195559.39857142858,7,2022-02-11,2025-05-06,2019-04-27,2025-06-30,76,91,36,Krishnan Ltd,Manufacturing,Mid-Market,1,8,0
CUST1255,2036198.98,254524.8725,8,2022-02-01,2025-07-19,2022-05-20,2025-06-30,39,17,36,Krishna LLC,Tech,Small,1,8,0
CUST1256,1870578.8900000001,187057.88900000002,10,2022-04-27,2025-04-05,2022-07-07,2025-06-30,37,122,36,"Vig, Handa and Bali",Tech,Small,1,8,0
CUST1257,1531462.1099999999,153146.21099999998,10,2022-06-04,2025-03-16,2024-04-10,2024-09-04,16,142,335,Pillai and Sons,Government,Small,5,10,0
CUST1258,1256932.33,209488.72166666668,6,2022-03-17,2025-05-27,2024-11-17,2025-06-30,8,70,36,Jha Ltd,Finance,Mid-Market,1,8,0
CUST1259,987211.91,246802.9775,4,2022-04-15,2024-03-01,2022-11-02,2025-06-30,33,522,36,Venkataraman-Toor,Manufacturing,Mid-Market,1,8,0
CUST1260,685192.85,68519.285,10,2022-01-26,2024-05-05,2022-09-13,2023-08-20,35,457,716,Kala-Sankar,Education,Small,14,8,0
CUST1261,1516287.73,151628.773,10,2023-03-30,2024-12-09,2020-09-01,2024-08-06,59,239,364,Karnik-Sathe,Finance,Enterprise,1,5,1
CUST1262,2598482.77,236225.70636363636,11,2022-03-27,2025-04-02,2020-03-28,2025-06-30,65,125,36,"Goel, Deshmukh and Morar",Healthcare,Small,1,8,0
CUST1263,939866.1799999999,187973.23599999998,5,2022-02-24,2025-07-17,2025-04-17,2025-06-30,3,19,36,"Pillay, Dutt and Datta",Manufacturing,Enterprise,1,8,0
CUST1264,1432156.32,102296.88,14,2022-02-15,2025-07-05,2020-05-01,2025-03-16,64,31,142,"Bhalla, Kala and Mody",Finance,Enterprise,0,10,0
CUST1265,1257844.9,139760.54444444444,9,2022-01-04,2025-03-13,2023-12-22,2024-03-31,19,145,492,"Dhar, Nath and Dutta",Finance,Mid-Market,19,9,0
CUST1266,3095653.85,171980.76944444445,18,2022-04-29,2025-06-25,2025-05-29,2025-06-30,2,41,36,Gola-Khosla,Healthcare,Enterprise,1,8,0
CUST1267,967906.21,120988.27625,8,2022-04-18,2025-06-14,2024-04-08,2025-06-30,16,52,36,Oza-Soni,Education,Small,1,8,0
CUST1268,1983283.5999999999,283326.22857142857,7,2022-06-17,2025-03-06,2021-05-28,2023-10-09,51,152,666,Purohit-Cheema,Education,Mid-Market,21,3,0
CUST1269,742984.53,61915.3775,12,2022-03-15,2025-02-01,2024-05-26,2024-07-05,14,185,396,Raval-Sule,Manufacturing,Enterprise,45,2,1
CUST1270,1639711.9300000002,182190.21444444446,9,2022-06-01,2025-06-22,2022-04-21,2025-06-30,40,44,36,"Memon, Swamy and Bal",Manufacturing,Small,1,8,0
CUST1271,942768.37,134681.1957142857,7,2022-05-28,2025-06-03,2020-11-19,2023-09-30,57,63,675,Saraf-Garde,Non-Profit,Enterprise,35,3,1
CUST1272,2148878.0100000002,238764.22333333336,9,2022-01-15,2025-05-12,2022-06-15,2025-06-30,38,85,36,Sen LLC,Healthcare,Small,1,8,0
CUST1273,1593780.32,144889.12,11,2022-01-16,2025-03-23,2019-06-29,2025-06-30,74,135,36,"Balasubramanian, Jha and Narang",Manufacturing,Enterprise,1,8,0
CUST1274,1921719.1300000001,147824.54846153848,13,2022-07-01,2025-04-15,2020-01-18,2025-05-25,67,112,72,Ramesh-Raval,Education,Mid-Market,42,5,0
CUST1275,3100084.34,281825.84909090906,11,2022-08-15,2025-05-20,2019-06-10,2025-06-30,74,77,36,Jaggi and Sons,Manufacturing,Enterprise,1,8,0
CUST1276,2146059.23,178838.26916666667,12,2022-03-11,2025-07-13,2024-03-27,2025-06-30,16,23,36,Chana-Sanghvi,Healthcare,Enterprise,1,8,0
CUST1277,3396876.33,377430.70333333337,9,2022-02-20,2025-02-20,2020-12-04,2025-06-30,56,166,36,Kaur-Issac,Government,Small,1,8,0
CUST1278,2078154.47,188923.13363636364,11,2022-01-03,2025-05-25,2020-10-12,2025-06-30,58,72,36,"Dey, Bahl and Mitra",Manufacturing,Enterprise,1,8,0
CUST1279,2193086.5,199371.5,11,2022-06-06,2024-12-25,2022-01-21,2025-06-30,43,223,36,Comar-Palla,Tech,Enterprise,1,8,0
CUST1280,1937276.21,161439.68416666667,12,2022-04-22,2025-05-22,2022-11-11,2025-06-30,33,75,36,Ben-Ramakrishnan,Government,Mid-Market,1,8,0
CUST1281,3006185.3,250515.44166666665,12,2022-01-21,2025-04-23,2021-05-03,2025-06-30,51,104,36,Chauhan Group,Healthcare,Small,1,8,0
CUST1282,1413851.67,128531.96999999999,11,2022-04-18,2024-10-24,2024-09-11,2025-06-30,10,285,36,Korpal PLC,Education,Mid-Market,1,8,0
CUST1283,1874255.53,156187.96083333335,12,2022-01-07,2025-06-28,2022-07-02,2023-11-13,37,38,631,Tank Group,Retail,Small,8,5,1
CUST1284,2250998.56,187583.21333333335,12,2022-01-17,2025-06-22,2020-12-08,2025-06-30,56,44,36,Singh and Sons,Finance,Mid-Market,1,8,0
CUST1285,2628867.52,175257.83466666666,15,2022-01-13,2025-07-13,2023-06-30,2025-06-30,25,23,36,Deshpande PLC,Finance,Small,1,8,0
CUST1286,1551269.2000000002,310253.84,5,2022-04-05,2024-07-15,2023-07-06,2025-06-30,25,386,36,Thakur LLC,Education,Enterprise,1,8,0
CUST1287,3442257.0500000003,245875.5035714286,14,2022-04-16,2025-05-22,2019-05-19,2025-06-30,75,75,36,"Bumb, Raju and Karnik",Finance,Small,1,8,0
CUST1288,1167196.05,166742.29285714286,7,2022-06-02,2025-02-04,2021-12-06,2025-06-30,44,182,36,Sharaf-Patel,Manufacturing,Mid-Market,1,8,0
CUST1289,2786666.69,214358.97615384616,13,2022-03-02,2025-07-14,2019-12-22,2025-06-30,68,22,36,Datta-Kapadia,Government,Mid-Market,1,8,0
CUST1290,2194202.2199999997,243800.24666666664,9,2022-05-01,2025-03-08,2020-12-12,2025-06-30,56,150,36,Yadav PLC,Education,Small,1,8,0
CUST1291,1969831.48,179075.58909090908,11,2022-02-28,2024-12-04,2019-04-26,2024-08-31,76,244,339,"Srivastava, Sekhon and Rana",Government,Enterprise,46,9,0
CUST1292,3239621.72,215974.78133333335,15,2022-01-24,2025-05-06,2019-02-03,2025-06-30,79,91,36,Malhotra-Dugar,Healthcare,Mid-Market,1,8,0
CUST1293,3583535.52,275656.5784615385,13,2022-01-08,2025-04-08,2019-11-22,2025-06-30,69,119,36,Ram-Kara,Government,Mid-Market,1,8,0
CUST1294,1269004.35,105750.3625,12,2022-02-23,2025-07-23,2022-08-22,2024-10-25,35,13,284,Aggarwal Ltd,Retail,Mid-Market,10,1,0
CUST1295,913581.4,456790.7,2,2022-06-03,2025-05-05,2024-09-08,2025-06-30,11,92,36,"Rajan, Karnik and Sule",Retail,Mid-Market,1,8,0
CUST1296,1399326.21,139932.62099999998,10,2022-02-06,2025-05-30,2019-08-08,2024-09-17,72,67,322,Deshpande-Issac,Manufacturing,Mid-Market,41,1,1
CUST1297,143792.03,28758.406,5,2022-04-16,2025-01-07,2024-09-13,2025-06-30,10,210,36,Memon-Dass,Tech,Mid-Market,1,8,0
CUST1298,2147261.49,195205.59000000003,11,2022-07-27,2025-06-26,2021-03-24,2025-06-26,53,40,40,"Kalla, Mohan and Dara",Non-Profit,Enterprise,14,10,0
CUST1299,908837.77,151472.96166666667,6,2022-03-24,2025-03-12,2024-05-29,2025-06-30,14,146,36,"Pai, Ghosh and Bhardwaj",Education,Mid-Market,1,8,0
CUST1300,1567059.31,195882.41375,8,2022-03-13,2025-07-03,2022-06-03,2025-06-30,38,33,36,"Zacharia, Pai and Palla",Tech,Mid-Market,1,8,0
CUST1301,2006268.97,182388.08818181817,11,2022-01-09,2025-06-14,2020-07-17,2025-01-27,61,52,190,Sen Ltd,Retail,Enterprise,32,7,0
CUST1302,1906668.94,119166.80875,16,2022-01-25,2025-06-21,2020-12-03,2025-06-30,56,45,36,Arya-Misra,Tech,Enterprise,1,8,0
CUST1303,2234438.87,139652.429375,16,2022-09-11,2025-07-11,2020-08-03,2025-06-30,60,25,36,Biswas-Ranganathan,Healthcare,Enterprise,1,8,0
CUST1304,2299651.66,153310.11066666667,15,2022-03-03,2025-06-30,2019-08-11,2024-09-14,72,36,325,"Rajagopalan, Gulati and Shetty",Finance,Enterprise,46,1,1
CUST1305,4218473.59,301319.54214285716,14,2022-04-12,2025-06-17,2019-10-26,2025-04-26,70,49,101,Kibe and Sons,Healthcare,Enterprise,1,5,0
CUST1306,1666586.94,238083.84857142856,7,2023-03-09,2025-04-27,2020-07-06,2025-07-12,61,100,24,"Khatri, Kalla and Thakur",Manufacturing,Small,30,2,0
CUST1307,1659963.17,138330.26416666666,12,2022-03-06,2025-07-06,2022-04-15,2025-06-30,40,30,36,Kant-Kala,Education,Enterprise,1,8,0
CUST1308,1061681.6700000002,88473.47250000002,12,2022-01-29,2025-07-17,2024-02-25,2024-07-01,17,19,400,Garg LLC,Tech,Small,38,3,1
CUST1309,2580644.95,215053.74583333335,12,2022-02-18,2025-03-08,2020-03-14,2024-09-16,65,150,323,"Sampath, Agarwal and Issac",Manufacturing,Mid-Market,41,5,1
CUST1310,2376976.46,148561.02875,16,2022-02-04,2025-07-13,2021-06-17,2025-06-30,50,23,36,"Misra, Sridhar and Arya",Education,Small,1,8,0
CUST1311,2515323.38,419220.5633333333,6,2022-01-10,2025-04-10,2019-11-14,2024-08-31,69,117,339,Mannan LLC,Healthcare,Enterprise,7,7,0
CUST1312,4591060.5,286941.28125,16,2022-02-11,2025-04-21,2021-09-17,2024-03-14,47,106,509,"Dayal, Naik and Deshmukh",Education,Mid-Market,0,5,0
CUST1313,2683485.35,243953.21363636365,11,2022-04-24,2025-01-02,2024-11-02,2025-05-11,9,215,86,Ganesan-Chakrabarti,Healthcare,Mid-Market,34,3,0
CUST1314,954883.39,95488.339,10,2022-04-27,2024-12-18,2022-02-27,2025-06-30,41,230,36,"Roy, Kohli and Varma",Non-Profit,Mid-Market,1,8,0
CUST1315,1223545.1400000001,152943.14250000002,8,2022-01-26,2025-03-10,2021-03-13,2025-06-30,53,148,36,"Devan, Pathak and Patla",Retail,Mid-Market,1,8,0
CUST1316,3541039.71,252931.40785714285,14,2022-02-13,2025-07-20,2021-07-19,2025-06-30,49,16,36,Dewan and Sons,Education,Mid-Market,1,8,0
CUST1317,1842541.01,141733.92384615383,13,2022-01-05,2025-04-15,2022-09-07,2024-12-21,35,112,227,Shetty-Jha,Healthcare,Enterprise,15,9,0
CUST1318,1265126.45,210854.40833333333,6,2022-05-25,2024-07-07,2025-02-13,2025-02-15,5,394,171,Contractor-Chaudhary,Education,Mid-Market,26,3,0
CUST1319,2192341.4,146156.09333333332,15,2022-05-09,2025-07-14,2024-03-14,2025-06-30,16,22,36,"Lalla, Doctor and Bandi",Healthcare,Mid-Market,1,8,0
CUST1320,1017912.16,145416.02285714287,7,2023-01-14,2025-06-28,2023-02-26,2025-06-30,29,38,36,Das Group,Manufacturing,Small,1,8,0
CUST1321,2199555.92,244395.10222222222,9,2022-01-25,2024-10-01,2023-03-28,2025-06-30,28,308,36,"Deol, Subramaniam and Virk",Finance,Mid-Market,1,8,0
CUST1322,986440.47,123305.05875,8,2022-02-26,2024-10-09,2020-05-29,2024-09-05,63,300,334,Baria-Sharma,Education,Enterprise,9,5,0
CUST1323,2719688.19,226640.6825,12,2022-02-10,2025-06-09,2021-11-18,2025-03-26,45,57,132,Saini LLC,Government,Enterprise,2,2,0
CUST1324,1121329.1099999999,140166.13874999998,8,2022-01-16,2025-05-22,2019-07-17,2024-02-29,73,75,523,Sodhi Ltd,Education,Enterprise,45,2,0
CUST1325,846536.7,105817.0875,8,2022-08-24,2025-03-30,2021-06-10,2025-06-30,50,128,36,"Mohan, Korpal and Nayar",Finance,Enterprise,1,8,0
CUST1326,1661002.33,184555.81444444446,9,2022-01-02,2024-11-27,2024-07-30,2025-06-30,12,251,36,Mand-Saini,Retail,Small,1,8,0
CUST1327,1198492.46,92191.72769230769,13,2022-03-22,2025-07-21,2023-05-18,2024-01-05,27,15,578,"Mani, Kant and Sandal",Tech,Mid-Market,31,1,1
CUST1328,2845411.72,218877.82461538463,13,2022-04-21,2025-06-13,2019-04-30,2025-02-03,76,53,183,Padmanabhan PLC,Tech,Mid-Market,49,8,0
CUST1329,361731.59,40192.39888888889,9,2022-08-03,2024-11-16,2023-08-22,2023-09-10,23,262,695,"Trivedi, Kashyap and Banerjee",Manufacturing,Mid-Market,22,5,1
CUST1330,3093106.7,343678.52222222224,9,2022-02-25,2024-11-13,2019-08-21,2024-04-16,72,265,476,"Panchal, Bedi and Agarwal",Finance,Small,8,4,1
CUST1331,1220053.72,122005.372,10,2022-01-26,2025-02-15,2019-01-26,2024-10-27,79,171,282,Prasad-Rajan,Education,Small,13,2,0
CUST1332,2575584.15,257558.41499999998,10,2022-02-09,2025-07-16,2022-09-07,2024-04-26,35,20,466,Merchant-Luthra,Government,Small,13,6,0
CUST1333,3347552.95,223170.19666666668,15,2022-04-15,2025-05-07,2021-02-14,2025-06-30,54,90,36,Vora-Walla,Retail,Mid-Market,1,8,0
CUST1334,255387.58,36483.939999999995,7,2022-07-26,2024-11-16,2019-01-10,2025-06-30,79,262,36,Parsa Group,Government,Enterprise,1,8,0
CUST1335,459523.2,153174.4,3,2023-01-12,2025-06-01,2024-12-04,2025-01-26,8,65,191,Dugar-Virk,Education,Mid-Market,6,10,0
CUST1336,2257198.9699999997,173630.68999999997,13,2022-04-09,2025-06-01,2023-04-09,2025-06-30,28,65,36,Rattan LLC,Healthcare,Small,1,8,0
CUST1337,894639.4099999999,89463.94099999999,10,2022-05-02,2025-05-13,2024-07-18,2024-08-07,12,84,363,Morar-Arora,Government,Mid-Market,18,2,1
CUST1338,904723.51,226180.8775,4,2022-05-18,2024-09-22,2019-04-17,2025-06-30,76,317,36,Solanki-Sidhu,Retail,Enterprise,1,8,0
CUST1339,2607749.1100000003,325968.63875000004,8,2022-04-25,2025-03-24,2020-03-14,2025-06-30,65,134,36,Yogi PLC,Tech,Enterprise,1,8,0
CUST1340,1118728.95,93227.41249999999,12,2022-10-28,2024-12-28,2023-05-30,2025-06-30,26,220,36,Thakkar-Srinivas,Tech,Small,1,8,0
CUST1341,1701220.13,212652.51625,8,2022-06-02,2025-02-23,2024-09-10,2025-05-14,10,163,83,Nanda-Nagi,Finance,Mid-Market,35,6,0
CUST1342,990605.47,123825.68375,8,2022-03-01,2025-05-10,2024-04-04,2025-05-23,16,87,74,"Bala, Maharaj and Brahmbhatt",Non-Profit,Enterprise,24,6,0
CUST1343,4046223.34,311247.94923076924,13,2022-02-09,2024-12-29,2021-05-24,2025-06-30,51,219,36,Kaur Ltd,Healthcare,Enterprise,1,8,0
CUST1344,1196081.68,149510.21,8,2022-04-09,2024-12-06,2021-05-26,2025-06-30,51,242,36,Choudhry Ltd,Retail,Mid-Market,1,8,0
CUST1345,1491216.31,149121.631,10,2022-09-01,2024-12-13,2019-11-14,2025-06-30,69,235,36,Sawhney Ltd,Tech,Small,1,8,0
CUST1346,1978503.15,219833.68333333332,9,2023-01-29,2025-01-11,2022-09-22,2025-06-30,34,206,36,Balay Ltd,Non-Profit,Small,1,8,0
CUST1347,885076.8999999999,126439.55714285713,7,2022-12-26,2025-06-08,2022-12-30,2025-06-30,31,58,36,Shukla LLC,Education,Enterprise,1,8,0
CUST1348,2210426.82,184202.235,12,2022-05-24,2025-07-18,2024-08-24,2025-06-30,11,18,36,Chhabra PLC,Tech,Enterprise,1,8,0
CUST1349,2654276.51,294919.6122222222,9,2022-06-26,2024-07-27,2021-11-21,2025-06-30,45,374,36,Deshmukh-Venkataraman,Non-Profit,Enterprise,1,8,0
CUST1350,3379329.19,225288.61266666665,15,2022-01-24,2024-12-11,2022-05-19,2025-03-30,39,237,128,Choudhury Inc,Non-Profit,Small,48,8,0
CUST1351,2739754.79,182650.31933333335,15,2022-01-22,2024-12-25,2020-02-05,2024-03-03,66,223,520,Din-Sodhi,Manufacturing,Enterprise,10,9,0
CUST1352,2607963.7,200612.59230769234,13,2022-06-05,2025-05-23,2023-05-14,2024-10-09,27,74,300,Vaidya-Loke,Healthcare,Small,1,7,0
CUST1353,1901115.02,126741.00133333333,15,2022-04-03,2025-01-11,2021-01-18,2025-06-30,55,206,36,"Chand, Anand and Oommen",Manufacturing,Enterprise,1,8,0
CUST1354,1075553.66,153650.52285714285,7,2022-03-09,2025-05-02,2022-09-26,2025-06-30,34,95,36,Sachdeva-Mitra,Non-Profit,Small,1,8,0
CUST1355,3725981.34,206998.96333333332,18,2022-03-04,2025-05-12,2022-03-15,2025-06-30,41,85,36,Bhattacharyya-Shan,Government,Enterprise,1,8,0
CUST1356,2392755.35,199396.27916666667,12,2022-01-29,2025-07-10,2024-06-26,2025-06-30,13,26,36,Gokhale-Dixit,Non-Profit,Enterprise,1,8,0
CUST1357,1251322.69,208553.78166666665,6,2022-01-12,2024-03-16,2025-05-12,2025-06-30,2,507,36,Vora-Behl,Government,Enterprise,1,8,0
CUST1358,1936050.74,193605.074,10,2022-05-08,2024-08-27,2019-01-05,2025-06-30,80,343,36,"Kant, Deep and Gera",Government,Mid-Market,1,8,0
CUST1359,1102923.81,183820.635,6,2023-04-19,2024-11-21,2022-11-22,2025-06-30,32,257,36,"Bains, Lal and Varughese",Tech,Mid-Market,1,8,0
CUST1360,1772952.5799999998,104291.3282352941,17,2022-02-12,2025-04-30,2024-11-18,2025-03-18,8,97,140,Dube-Rau,Retail,Mid-Market,6,5,0
CUST1361,1373155.78,228859.29666666666,6,2022-02-08,2024-06-04,2024-01-19,2024-02-15,18,427,537,Bhardwaj Inc,Government,Mid-Market,2,3,0
CUST1362,2575102.91,183935.92214285716,14,2022-10-16,2025-05-28,2021-12-31,2025-06-30,43,69,36,Zachariah Ltd,Education,Mid-Market,1,8,0
CUST1363,1170848.92,117084.89199999999,10,2022-02-21,2025-03-18,2023-10-24,2025-06-30,21,140,36,"Hari, Bail and Wadhwa",Tech,Small,1,8,0
CUST1364,1195368.4899999998,132818.72111111108,9,2022-02-13,2025-01-11,2020-01-25,2025-06-30,67,206,36,Mody-Chaudhary,Manufacturing,Enterprise,1,8,0
CUST1365,2996256.69,299625.669,10,2022-04-07,2025-07-20,2023-10-05,2025-06-30,22,16,36,Raja-Sant,Government,Mid-Market,1,8,0
CUST1366,3583769.04,325797.1854545455,11,2022-02-24,2025-01-11,2024-02-02,2025-06-30,18,206,36,Nayak-Khalsa,Healthcare,Mid-Market,1,8,0
CUST1367,683112.17,97587.45285714287,7,2022-11-06,2025-06-24,2020-11-24,2025-02-04,57,42,182,Rajagopalan Ltd,Non-Profit,Enterprise,2,8,0
CUST1368,729256.9099999999,104179.55857142856,7,2022-08-10,2024-11-01,2024-05-07,2024-11-26,15,277,252,Suresh-Solanki,Finance,Mid-Market,44,4,1
CUST1369,2388247.97,238824.79700000002,10,2022-03-05,2025-06-30,2023-01-24,2025-02-26,30,36,160,Kurian Inc,Finance,Small,18,9,0
CUST1370,2680943.21,178729.54733333332,15,2022-06-20,2025-07-16,2019-03-03,2024-01-17,78,20,566,Rama Inc,Government,Enterprise,50,5,0
CUST1371,850268.5499999999,141711.425,6,2022-04-05,2025-06-16,2021-02-04,2023-09-13,54,50,692,Modi-Murthy,Finance,Enterprise,23,2,1
CUST1372,1687893.33,140657.7775,12,2022-01-15,2025-06-20,2019-02-17,2025-06-30,78,46,36,Sarna and Sons,Education,Enterprise,1,8,0
CUST1373,1943834.3900000001,194383.439,10,2022-03-06,2025-05-26,2019-01-25,2025-04-06,79,71,121,Lata LLC,Government,Enterprise,33,4,0
CUST1374,1270107.54,141123.06,9,2022-06-25,2025-05-15,2025-05-16,2025-06-16,2,82,50,Nadkarni PLC,Retail,Mid-Market,12,6,0
CUST1375,1781005.87,137000.45153846155,13,2022-05-17,2025-06-16,2021-01-30,2025-03-29,54,50,129,Chahal Inc,Retail,Mid-Market,7,8,0
CUST1376,1711104.37,155554.94272727275,11,2022-01-07,2025-06-02,2023-07-24,2025-06-30,24,64,36,Kara-Kanda,Finance,Small,1,8,0
CUST1377,3243602.77,170715.9352631579,19,2022-05-03,2025-06-16,2022-09-10,2025-06-30,35,50,36,"Wason, Baral and Rege",Manufacturing,Small,1,8,0
CUST1378,1737635.97,157966.90636363637,11,2022-01-21,2025-06-26,2020-04-25,2024-04-26,64,40,466,Rege-Guha,Healthcare,Enterprise,32,1,1
CUST1379,1593505.1300000001,132792.09416666668,12,2022-04-06,2025-07-06,2019-01-31,2025-06-30,79,30,36,Rana-Deshmukh,Government,Small,1,8,0
CUST1380,1313936.52,145992.94666666666,9,2022-02-09,2024-10-25,2021-05-29,2025-06-30,50,284,36,Bhavsar and Sons,Education,Small,1,8,0
CUST1381,1414963.47,128633.04272727272,11,2022-03-14,2024-12-25,2020-08-12,2024-03-31,60,223,492,"Gera, Wason and Goda",Manufacturing,Enterprise,8,3,1
CUST1382,1804995.38,150416.28166666665,12,2022-04-05,2025-05-26,2022-11-01,2025-06-30,33,71,36,Chaudhry Group,Healthcare,Mid-Market,1,8,0
CUST1383,2790417.4,253674.30909090908,11,2022-05-24,2025-07-05,2022-03-15,2025-06-30,41,31,36,Parsa-Tella,Non-Profit,Enterprise,1,8,0
CUST1384,488777.23,54308.58111111111,9,2022-11-22,2025-03-30,2021-06-21,2025-01-21,50,128,196,Mittal PLC,Healthcare,Enterprise,12,9,0
CUST1385,2217539.85,246393.31666666668,9,2022-02-19,2025-07-22,2020-11-08,2025-06-30,57,14,36,Kata Group,Manufacturing,Small,1,8,0
CUST1386,2163040.08,240337.78666666668,9,2022-01-12,2025-04-03,2023-06-28,2023-10-10,25,124,665,Loyal Ltd,Tech,Small,26,4,1
CUST1387,2297375.45,208852.31363636366,11,2022-01-19,2025-06-03,2020-10-07,2024-09-08,58,63,331,"Kapadia, Chaudhuri and Pant",Education,Mid-Market,42,7,0
CUST1388,1936812.96,129120.864,15,2022-07-04,2025-07-23,2024-01-12,2025-06-30,19,13,36,Soni LLC,Tech,Mid-Market,1,8,0
CUST1389,1433528.73,159280.97,9,2022-05-02,2025-06-18,2019-10-18,2025-06-30,70,48,36,Saini and Sons,Retail,Small,1,8,0
CUST1390,835421.0900000001,83542.10900000001,10,2022-04-20,2024-10-02,2020-04-03,2025-06-30,65,307,36,Manda-Bhatia,Manufacturing,Small,1,8,0
CUST1391,1735916.05,173591.605,10,2022-03-13,2025-06-02,2022-07-26,2025-06-30,36,64,36,Narasimhan Ltd,Education,Enterprise,1,8,0
CUST1392,1905741.2899999998,190574.129,10,2022-01-17,2024-12-27,2022-03-17,2025-06-30,41,221,36,Sengupta Inc,Healthcare,Mid-Market,1,8,0
CUST1393,806781.25,73343.75,11,2022-08-11,2025-06-16,2019-05-16,2023-12-15,75,50,599,Jaggi and Sons,Non-Profit,Mid-Market,43,7,0
CUST1394,1913136.44,159428.03666666665,12,2023-01-04,2024-09-15,2024-08-17,2025-06-30,11,324,36,Parmar-Krishna,Finance,Enterprise,1,8,0
CUST1395,3718709.52,286054.5784615385,13,2022-04-22,2025-04-06,2023-07-06,2025-06-30,25,121,36,"Pillai, Dar and Agarwal",Manufacturing,Small,1,8,0
CUST1396,1204448.76,109495.34181818181,11,2022-03-20,2025-03-06,2022-08-16,2025-06-30,36,152,36,"Vyas, Apte and Agate",Non-Profit,Enterprise,1,8,0
CUST1397,865036.88,123576.69714285714,7,2022-01-20,2025-06-08,2023-05-19,2024-05-19,26,58,443,Koshy LLC,Education,Enterprise,14,5,1
CUST1398,1958898.15,178081.65,11,2022-10-04,2025-05-06,2021-12-29,2025-06-30,43,91,36,Butala and Sons,Manufacturing,Mid-Market,1,8,0
CUST1399,1045551.05,174258.50833333333,6,2022-05-22,2025-06-04,2022-09-24,2024-11-30,34,62,248,"Ray, Sachdeva and Badami",Education,Small,16,6,0
CUST1400,3413463.14,170673.157,20,2022-01-02,2025-04-28,2025-01-20,2025-06-26,6,99,40,Sen Group,Non-Profit,Small,9,10,0
CUST1401,445915.08999999997,111478.77249999999,4,2023-02-04,2025-03-23,2021-04-11,2024-10-15,52,135,294,"Trivedi, Balay and Ravi",Healthcare,Enterprise,3,3,1
CUST1402,2378241.5,139896.5588235294,17,2022-01-29,2025-04-17,2019-06-29,2025-06-30,74,110,36,"Doctor, Sawhney and Deshpande",Tech,Small,1,8,0
CUST1403,1483744.65,247290.775,6,2022-06-10,2025-04-16,2022-08-22,2025-06-30,35,111,36,"Contractor, Sankar and Golla",Manufacturing,Small,1,8,0
CUST1404,1313135.3599999999,164141.91999999998,8,2022-04-04,2025-04-16,2021-02-19,2025-06-30,54,111,36,Mittal Group,Healthcare,Enterprise,1,8,0
CUST1405,1587193.98,226741.99714285714,7,2022-05-02,2025-05-05,2023-12-05,2025-06-30,20,92,36,Solanki LLC,Tech,Enterprise,1,8,0
CUST1406,1885493.3900000001,157124.4491666667,12,2022-08-13,2025-05-21,2021-01-13,2025-06-30,55,76,36,Dhar LLC,Tech,Enterprise,1,8,0
CUST1407,1143136.96,163305.28,7,2022-06-10,2025-07-20,2019-04-05,2025-06-30,77,16,36,Kadakia-Edwin,Tech,Small,1,8,0
CUST1408,987624.4199999999,123453.05249999999,8,2022-06-05,2024-11-16,2019-11-21,2024-05-10,69,262,452,"Mistry, Sarma and Raman",Tech,Enterprise,9,6,0
CUST1409,773291.3300000001,85921.2588888889,9,2022-06-06,2025-03-16,2021-03-27,2025-06-30,53,142,36,Sarna LLC,Non-Profit,Enterprise,1,8,0
CUST1410,1003491.57,91226.50636363636,11,2022-02-22,2025-07-02,2019-10-01,2023-12-26,71,34,588,"Korpal, Dugar and Mannan",Government,Mid-Market,42,6,0
CUST1411,3177377.12,226955.50857142857,14,2022-01-09,2025-06-22,2024-06-05,2025-06-30,14,44,36,Gulati-Acharya,Non-Profit,Small,1,8,0
CUST1412,2322086.02,193507.16833333333,12,2022-02-14,2025-07-13,2023-11-24,2025-06-30,20,23,36,Badami-Dhar,Government,Enterprise,1,8,0
CUST1413,1194664.56,199110.76,6,2022-05-28,2024-07-20,2020-10-23,2025-06-30,58,381,36,Misra-Krishna,Retail,Mid-Market,1,8,0
CUST1414,136681.26,27336.252,5,2022-08-13,2024-08-24,2019-04-27,2025-06-30,76,346,36,Mitter-Kapur,Tech,Small,1,8,0
CUST1415,986608.6,123326.075,8,2022-04-30,2024-12-28,2020-02-10,2025-06-30,66,220,36,"Shankar, Yogi and Dasgupta",Government,Small,1,8,0
CUST1416,2255303.96,205027.63272727272,11,2022-01-14,2025-07-24,2022-11-07,2024-03-29,33,12,494,Chada-Bava,Retail,Enterprise,6,5,0
CUST1417,719457.23,102779.60428571429,7,2022-04-29,2025-06-06,2020-01-30,2025-06-30,67,60,36,Magar and Sons,Non-Profit,Small,1,8,0
CUST1418,2590489.13,152381.71352941176,17,2022-07-26,2025-03-20,2023-02-24,2025-01-13,29,138,204,Balay PLC,Healthcare,Small,43,5,1
CUST1419,1121916.12,140239.515,8,2022-02-06,2025-05-31,2020-08-31,2025-06-30,60,66,36,"Handa, Varkey and Chander",Retail,Small,1,8,0
CUST1420,1092538.45,156076.92142857143,7,2022-08-06,2025-06-11,2021-06-01,2025-06-30,50,55,36,"Hayre, Merchant and Varghese",Government,Small,1,8,0
CUST1421,1549669.72,140879.06545454546,11,2022-01-31,2025-07-01,2025-06-03,2025-06-30,2,35,36,Dua Group,Manufacturing,Mid-Market,1,8,0
CUST1422,1580753.5899999999,225821.94142857142,7,2022-04-01,2025-04-11,2021-01-11,2025-06-30,55,116,36,"Kota, Sangha and Murthy",Retail,Enterprise,1,8,0
CUST1423,1569860.93,130821.74416666666,12,2022-08-26,2025-04-12,2019-01-02,2025-03-13,80,115,145,Dutt Ltd,Education,Mid-Market,24,5,0
CUST1424,1484798.77,185599.84625,8,2022-05-04,2025-03-16,2023-05-20,2025-06-30,26,142,36,Rai LLC,Government,Enterprise,1,8,0
CUST1425,1840142.3599999999,167285.66909090907,11,2022-03-28,2025-06-30,2020-04-26,2025-06-30,64,36,36,"Nori, Babu and Deshpande",Education,Small,1,8,0
CUST1426,3165708.16,186218.12705882353,17,2022-07-23,2025-07-16,2022-04-14,2025-06-30,40,20,36,Seshadri PLC,Finance,Small,1,8,0
CUST1427,1498620.53,187327.56625,8,2022-02-27,2025-05-29,2021-11-05,2025-01-19,45,68,198,"Warrior, Ganesan and Bhat",Manufacturing,Mid-Market,16,3,1
CUST1428,4093441.1500000004,454826.7944444445,9,2022-03-16,2024-06-20,2021-05-14,2025-03-28,51,411,130,Iyer Inc,Manufacturing,Enterprise,31,1,0
CUST1429,1560409.52,141855.41090909092,11,2022-01-24,2025-02-19,2022-10-04,2025-06-30,34,167,36,"Raj, Kota and Pathak",Education,Enterprise,1,8,0
CUST1430,538767.46,48978.85999999999,11,2022-02-22,2025-04-14,2021-02-04,2025-06-30,54,113,36,"Vohra, Raja and Chakraborty",Retail,Enterprise,1,8,0
CUST1431,676331.52,84541.44,8,2022-01-15,2025-06-10,2023-12-19,2025-06-30,19,56,36,Chana-Basu,Retail,Mid-Market,1,8,0
CUST1432,2416585.17,219689.5609090909,11,2022-08-13,2025-07-22,2024-10-26,2025-01-26,9,14,191,"Kothari, Chad and Srinivasan",Retail,Small,1,1,0
CUST1433,640941.83,106823.63833333332,6,2022-04-12,2024-11-09,2022-06-16,2025-06-30,38,269,36,"Chanda, Banik and Deshpande",Non-Profit,Enterprise,1,8,0
CUST1434,618931.42,123786.28400000001,5,2022-06-17,2024-03-28,2020-06-18,2025-05-29,62,495,68,Tella and Sons,Retail,Small,4,1,0
CUST1435,3453021.39,181737.96789473685,19,2022-09-13,2025-07-16,2021-05-09,2025-06-30,51,20,36,Divan-Nadig,Tech,Mid-Market,1,8,0
CUST1436,1597604.29,177511.58777777778,9,2022-03-17,2025-05-16,2022-04-10,2025-06-30,40,81,36,Parekh-Sahota,Finance,Enterprise,1,8,0
CUST1437,1994537.46,153425.95846153845,13,2022-05-12,2025-07-12,2023-03-18,2025-02-07,29,24,179,Master PLC,Manufacturing,Mid-Market,13,5,0
CUST1438,2329691.91,179207.07,13,2022-01-22,2025-02-28,2023-06-04,2025-06-30,26,158,36,"Ahluwalia, Brar and Keer",Non-Profit,Small,1,8,0
CUST1439,873635.47,124805.06714285714,7,2022-09-25,2024-09-17,2023-05-06,2025-06-30,27,322,36,Dayal-Bahl,Finance,Enterprise,1,8,0
CUST1440,1786381.31,137413.94692307693,13,2022-06-22,2025-06-17,2023-02-21,2025-06-30,29,49,36,"Badami, Dua and Ratti",Government,Mid-Market,1,8,0
CUST1441,3436632.81,229108.854,15,2022-04-08,2025-06-26,2019-06-22,2025-06-30,74,40,36,Shan Ltd,Healthcare,Small,1,8,0
CUST1442,854400.54,94933.39333333334,9,2022-04-08,2025-05-26,2019-10-31,2025-06-30,70,71,36,"Som, Talwar and Sheth",Government,Mid-Market,1,8,0
CUST1443,760880.79,108697.25571428573,7,2022-09-17,2024-09-16,2021-08-04,2025-06-30,48,323,36,Chad LLC,Tech,Mid-Market,1,8,0
CUST1444,1296154.63,259230.92599999998,5,2022-04-17,2024-05-09,2025-03-13,2025-05-26,4,453,71,Dayal-Gokhale,Finance,Enterprise,11,10,0
CUST1445,1244733.72,207455.62,6,2023-03-01,2025-01-28,2022-03-01,2024-02-23,41,189,529,Kant-Dutta,Tech,Enterprise,27,5,1
CUST1446,944788.15,134969.73571428572,7,2022-08-15,2025-07-20,2019-07-25,2023-08-13,73,16,723,"Varkey, De and Anne",Education,Enterprise,29,6,0
CUST1447,1327172.79,147463.64333333334,9,2022-03-05,2025-01-24,2023-08-07,2025-04-19,24,193,108,"Upadhyay, Gade and Shetty",Government,Mid-Market,36,10,0
CUST1448,905062.3899999999,181012.47799999997,5,2022-06-07,2025-07-11,2020-10-14,2025-07-17,58,25,19,Yogi-Vasa,Tech,Small,43,1,0
CUST1449,1490693.09,165632.56555555557,9,2022-03-25,2025-07-22,2019-07-24,2025-06-30,73,14,36,Natt-Tripathi,Non-Profit,Enterprise,1,8,0
CUST1450,3545059.59,354505.959,10,2022-06-28,2025-03-29,2024-07-19,2025-06-30,12,129,36,Saraf-Pant,Tech,Enterprise,1,8,0
CUST1451,109449.23999999999,15635.605714285713,7,2022-07-03,2025-05-10,2023-05-29,2025-06-30,26,87,36,"Chandran, Nanda and Panchal",Education,Enterprise,1,8,0
CUST1452,5266105.47,292561.415,18,2022-03-06,2025-01-31,2023-01-31,2025-06-30,30,186,36,"Mishra, Shere and Chaudhari",Healthcare,Mid-Market,1,8,0
CUST1453,2316578.7,154438.58000000002,15,2022-02-05,2025-06-12,2022-11-03,2025-06-30,33,54,36,Rau-Bhavsar,Manufacturing,Enterprise,1,8,0
CUST1454,498792.5,83132.08333333333,6,2022-04-04,2024-06-29,2019-04-10,2025-06-30,76,402,36,Ganguly LLC,Finance,Small,1,8,0
CUST1455,2935665.49,266878.6809090909,11,2022-01-08,2025-05-23,2021-05-09,2025-06-30,51,74,36,Narayan-Chander,Education,Enterprise,1,8,0
CUST1456,1723761.1700000002,191529.0188888889,9,2022-07-02,2025-07-23,2020-08-02,2025-06-30,60,13,36,Sule-Keer,Healthcare,Mid-Market,1,8,0
CUST1457,1468902.42,244817.06999999998,6,2022-01-20,2025-06-07,2023-05-11,2024-11-11,27,59,267,Kale-Garde,Education,Enterprise,0,10,0
CUST1458,2075358.16,159642.93538461538,13,2022-01-14,2025-03-18,2021-05-10,2025-06-30,51,140,36,Kara Ltd,Manufacturing,Small,1,8,0
CUST1459,2181830.55,167833.11923076923,13,2022-03-14,2025-05-26,2023-11-06,2025-06-30,21,71,36,Vora PLC,Non-Profit,Enterprise,1,8,0
CUST1460,386064.41,64344.06833333333,6,2023-04-26,2025-04-15,2022-03-14,2023-12-13,41,112,601,"Mishra, Garde and Bakshi",Tech,Small,46,3,1
CUST1461,193280.74,96640.37,2,2022-05-11,2023-04-24,2019-11-27,2025-06-30,69,834,36,"Suresh, Magar and Manne",Education,Enterprise,1,8,0
CUST1462,2262439.77,251382.19666666666,9,2022-01-19,2025-04-07,2021-03-28,2025-06-30,53,120,36,Badami-Basu,Healthcare,Small,1,8,0
CUST1463,887031.54,126718.79142857144,7,2023-01-25,2025-06-04,2023-05-02,2025-06-30,27,62,36,Uppal-Mann,Tech,Enterprise,1,8,0
CUST1464,1305777.88,217629.64666666664,6,2022-04-28,2025-05-23,2024-04-04,2025-01-07,16,74,210,Konda-Ahuja,Healthcare,Enterprise,27,2,1
CUST1465,1119453.02,124383.66888888889,9,2022-03-30,2025-05-13,2023-09-14,2024-08-24,23,84,346,Chada PLC,Education,Mid-Market,30,3,1
CUST1466,586209.06,97701.51000000001,6,2022-03-20,2025-07-15,2021-02-20,2025-06-30,54,21,36,Prakash-Magar,Retail,Enterprise,1,8,0
CUST1467,962166.06,120270.7575,8,2022-09-23,2025-05-11,2019-09-01,2024-08-20,72,86,350,"Konda, Biswas and Dhar",Finance,Small,40,4,1
CUST1468,1067567.65,106756.76499999998,10,2022-04-11,2025-02-02,2021-03-29,2023-09-03,53,184,702,"Dutta, Dugal and Toor",Education,Enterprise,45,9,0
CUST1469,1887014.41,209668.26777777777,9,2022-09-17,2025-03-06,2020-12-30,2025-06-30,55,152,36,"Walla, Bhandari and Zachariah",Retail,Enterprise,1,8,0
CUST1470,1041882.47,115764.71888888889,9,2022-10-08,2025-05-29,2022-10-20,2025-06-30,34,68,36,Bains PLC,Government,Enterprise,1,8,0
CUST1471,2214627.15,170355.9346153846,13,2022-02-16,2025-06-22,2023-12-07,2024-10-21,20,44,288,Sahni-Chaudhry,Manufacturing,Enterprise,30,6,0
CUST1472,1035898.38,79684.49076923078,13,2022-03-25,2025-05-21,2019-10-24,2025-06-30,70,76,36,"More, Loyal and Oak",Finance,Mid-Market,1,8,0
CUST1473,1166554.04,106050.36727272728,11,2022-02-09,2025-04-24,2020-08-20,2025-06-30,60,103,36,"Bhasin, Ravi and Sridhar",Tech,Small,1,8,0
CUST1474,1524898.24,152489.824,10,2022-05-12,2024-11-28,2023-03-05,2025-06-30,29,250,36,Ramesh-Naidu,Education,Small,1,8,0
CUST1475,1252568.81,104380.73416666668,12,2022-02-08,2025-07-21,2019-07-31,2025-06-30,73,15,36,"Gaba, Nanda and Mishra",Manufacturing,Small,1,8,0
CUST1476,1760411.02,160037.36545454545,11,2022-07-07,2025-04-10,2020-11-24,2025-06-30,57,117,36,"Murthy, Deshpande and Narasimhan",Education,Small,1,8,0
CUST1477,1886833.21,314472.20166666666,6,2022-02-01,2024-12-13,2024-01-28,2024-02-25,18,235,527,Tak and Sons,Healthcare,Mid-Market,12,10,0
CUST1478,6017704.31,376106.519375,16,2022-01-03,2025-04-25,2021-11-19,2025-06-30,45,102,36,"Mani, Shroff and Sen",Finance,Enterprise,1,8,0
CUST1479,767014.22,95876.7775,8,2022-03-09,2024-12-13,2025-06-15,2025-06-27,1,235,39,"Khurana, Bali and Chana",Retail,Small,3,8,0
CUST1480,2223835.11,202166.82818181816,11,2022-02-03,2025-03-12,2022-09-24,2025-06-30,34,146,36,Shetty-Konda,Government,Mid-Market,1,8,0
CUST1481,1435897.16,84464.53882352941,17,2022-07-23,2025-07-11,2024-05-09,2025-06-30,15,25,36,Zacharia-Ravel,Manufacturing,Enterprise,1,8,0
CUST1482,1517459.19,189682.39875,8,2022-06-05,2025-04-05,2023-07-23,2025-06-30,24,122,36,Thakkar-Raja,Manufacturing,Enterprise,1,8,0
CUST1483,1380634.44,197233.49142857143,7,2022-11-17,2025-03-27,2021-04-19,2024-09-21,52,131,318,Setty-Gokhale,Non-Profit,Enterprise,11,2,1
CUST1484,1225458.26,87532.73285714285,14,2022-03-29,2024-10-21,2020-11-01,2025-06-30,57,288,36,"Mall, Bhatia and Bains",Finance,Enterprise,1,8,0
CUST1485,1637190.68,327438.136,5,2022-04-19,2025-02-03,2023-11-10,2025-06-30,21,183,36,Rana-Parikh,Finance,Small,1,8,0
CUST1486,957801.39,136828.77,7,2022-08-24,2025-07-03,2024-04-24,2024-06-24,15,33,407,Bera-Ravi,Finance,Mid-Market,42,1,1
CUST1487,2122257.0999999996,163250.54615384614,13,2022-03-15,2024-10-09,2020-11-30,2025-06-30,56,300,36,"Barad, Sridhar and Rama",Manufacturing,Small,1,8,0
CUST1488,1714633.0699999998,171463.30699999997,10,2022-07-15,2025-04-08,2020-08-23,2025-06-30,60,119,36,"Shah, Prashad and Dash",Government,Small,1,8,0
CUST1489,1347331.53,103640.88692307692,13,2022-02-19,2025-03-30,2019-02-28,2025-06-30,78,128,36,"Chowdhury, Rai and Mand",Government,Enterprise,1,8,0
CUST1490,1492804.9,248800.81666666665,6,2022-08-02,2025-03-03,2021-02-07,2025-06-30,54,155,36,Sehgal-Bansal,Government,Small,1,8,0
CUST1491,2147375.02,165182.69384615385,13,2022-01-19,2025-06-29,2020-11-27,2025-06-30,57,37,36,"Krishna, Sani and Choudhury",Retail,Small,1,8,0
CUST1492,2093284.49,161021.88384615385,13,2022-03-13,2025-05-28,2019-10-17,2025-06-23,70,69,43,Ravel-Virk,Finance,Mid-Market,29,7,0
CUST1493,439614.89,146538.29666666666,3,2023-01-23,2025-03-31,2024-12-04,2025-06-30,8,127,36,Pau-Nayak,Tech,Enterprise,1,8,0
CUST1494,1467958.99,104854.21357142857,14,2022-01-16,2025-04-25,2024-01-24,2024-10-23,18,102,286,"Kibe, Acharya and Mall",Education,Mid-Market,34,2,1
CUST1495,2089542.47,174128.53916666665,12,2022-12-12,2025-07-04,2024-11-27,2025-06-30,8,32,36,Cheema-Bera,Retail,Enterprise,1,8,0
CUST1496,563566.37,93927.72833333333,6,2022-01-15,2024-10-09,2021-11-24,2025-02-27,45,300,159,Ganesh and Sons,Retail,Small,49,10,0
CUST1497,2332476.0100000002,259164.00111111114,9,2022-08-25,2025-06-28,2021-04-25,2025-06-11,52,38,55,Suresh-Vaidya,Manufacturing,Small,34,10,0
CUST1498,646689.22,161672.305,4,2022-04-28,2024-06-28,2023-06-10,2025-06-30,26,403,36,"Dyal, Krishnamurthy and Nori",Manufacturing,Small,1,8,0
CUST1499,1573918.29,174879.81,9,2023-04-29,2025-05-03,2019-05-04,2025-06-30,76,94,36,Hegde-Sachdev,Manufacturing,Small,1,8,0
CUST1500,1568998.9,130749.90833333333,12,2022-01-18,2025-04-25,2024-01-17,2025-06-30,18,102,36,Kapoor-Minhas,Non-Profit,Enterprise,1,8,0
CUST1501,1849769.66,205529.9622222222,9,2022-01-07,2025-06-06,2023-07-03,2025-06-30,25,60,36,Madan LLC,Finance,Enterprise,1,8,0
CUST1502,985296.3300000001,98529.633,10,2022-02-22,2025-05-21,2022-05-07,2024-09-04,39,76,335,"Nori, Sha and Banik",Finance,Enterprise,17,3,1
CUST1503,745596.54,74559.65400000001,10,2022-03-10,2024-08-21,2025-01-27,2025-06-30,6,349,36,Pall Ltd,Retail,Mid-Market,1,8,0
CUST1504,2259464.43,173804.95615384617,13,2022-03-10,2025-04-26,2020-03-01,2025-06-30,66,101,36,Singhal LLC,Healthcare,Small,1,8,0
CUST1505,1644351.74,274058.62333333335,6,2022-07-03,2025-03-07,2019-03-18,2025-06-30,77,151,36,Memon-Bose,Non-Profit,Mid-Market,1,8,0
CUST1506,1304906.5699999998,144989.61888888886,9,2022-05-03,2025-03-19,2023-08-09,2025-06-30,24,139,36,"Dhillon, Deep and Sarraf",Education,Small,1,8,0
CUST1507,734697.33,91837.16625,8,2022-01-05,2025-07-14,2023-06-21,2025-06-30,25,22,36,"Batta, Amble and Nayak",Tech,Enterprise,1,8,0
CUST1508,1826568.88,166051.71636363634,11,2022-02-03,2025-05-01,2020-11-19,2025-06-30,57,96,36,"Dugal, Sehgal and Chad",Tech,Enterprise,1,8,0
CUST1509,845161.43,76832.85727272728,11,2022-01-04,2024-09-24,2024-06-11,2025-03-19,14,315,139,Jain Inc,Government,Enterprise,5,2,0
CUST1510,3667810.6799999997,407534.51999999996,9,2023-05-29,2025-07-13,2024-11-03,2025-06-30,9,23,36,Saraf-Khurana,Education,Mid-Market,1,8,0
CUST1511,4602947.42,328781.95857142855,14,2022-02-28,2024-11-06,2023-12-20,2024-03-07,19,272,516,Suri-Prasad,Education,Small,41,8,0
CUST1512,530285.77,88380.96166666667,6,2022-03-26,2025-05-29,2024-05-31,2024-06-09,14,68,422,Sheth-Magar,Finance,Mid-Market,32,9,0
CUST1513,776730.37,86303.37444444445,9,2022-01-26,2025-06-30,2022-07-27,2025-06-30,36,36,36,"Dhar, Bail and Jayaraman",Finance,Mid-Market,1,8,0
CUST1514,1178734.64,90671.89538461537,13,2022-02-06,2025-05-20,2023-08-01,2025-06-30,24,77,36,Rege-Gola,Education,Mid-Market,1,8,0
CUST1515,1252808.65,139200.9611111111,9,2022-04-21,2024-09-04,2022-08-23,2024-06-02,35,335,429,"Pillay, Ratta and Barad",Healthcare,Enterprise,7,10,0
CUST1516,735261.84,66841.98545454546,11,2022-02-01,2025-02-14,2020-05-22,2025-06-30,63,172,36,Keer LLC,Manufacturing,Mid-Market,1,8,0
CUST1517,3143236.1,224516.86428571428,14,2022-02-13,2025-02-22,2022-07-23,2025-06-30,36,164,36,Gara Group,Government,Small,1,8,0
CUST1518,1518570.71,138051.88272727272,11,2022-09-09,2025-06-05,2024-03-16,2024-05-23,16,61,439,Nori-Sachar,Tech,Enterprise,34,3,1
CUST1519,3393482.1799999997,308498.37999999995,11,2022-02-25,2025-06-22,2024-05-27,2024-06-17,14,44,414,"Mutti, Solanki and Biswas",Government,Enterprise,21,7,0
CUST1520,1196743.6800000002,132971.52000000002,9,2022-01-06,2025-06-03,2020-01-17,2025-06-30,67,63,36,Parsa and Sons,Manufacturing,Small,1,8,0
CUST1521,1117160.98,111716.098,10,2022-05-04,2025-07-02,2022-10-03,2024-09-13,34,34,326,Dutta Inc,Retail,Small,48,9,0
CUST1522,884446.04,176889.208,5,2022-01-02,2024-11-05,2019-06-02,2024-03-12,75,273,511,Khosla-Pradhan,Tech,Mid-Market,16,7,0
CUST1523,2792114.96,253828.63272727272,11,2022-02-13,2024-05-28,2022-03-24,2025-06-30,41,434,36,"Gopal, Mandal and Lad",Education,Mid-Market,1,8,0
CUST1524,2383677.54,170262.68142857144,14,2022-04-26,2025-01-18,2023-09-26,2025-06-30,22,199,36,Tara Ltd,Tech,Mid-Market,1,8,0
CUST1525,2230094.84,223009.484,10,2022-01-25,2025-07-09,2021-01-24,2025-06-30,55,27,36,Divan and Sons,Government,Enterprise,1,8,0
CUST1526,994274.94,99427.49399999999,10,2022-05-19,2024-10-14,2023-11-01,2025-06-30,21,295,36,Keer and Sons,Finance,Mid-Market,1,8,0
CUST1527,1552481.03,258746.83833333335,6,2022-11-15,2025-07-19,2019-02-07,2025-06-30,79,17,36,Ravi Inc,Tech,Mid-Market,1,8,0
CUST1528,254748.5,36392.642857142855,7,2022-08-27,2025-04-15,2022-10-27,2025-06-30,33,112,36,"Dar, Chana and Bhasin",Healthcare,Enterprise,1,8,0
CUST1529,331919.8,66383.95999999999,5,2022-02-11,2024-11-08,2022-01-23,2024-06-30,43,270,401,Sha PLC,Manufacturing,Small,0,3,1
CUST1530,1659608.87,184400.98555555556,9,2022-01-28,2025-07-06,2020-06-23,2025-06-30,62,30,36,Naik PLC,Manufacturing,Small,1,8,0
CUST1531,1513409.81,137582.71,11,2022-02-08,2025-06-15,2023-12-13,2025-06-30,20,51,36,Nath Inc,Tech,Mid-Market,1,8,0
CUST1532,1312116.7,109343.05833333333,12,2022-02-20,2025-04-21,2023-09-08,2025-03-05,23,106,153,Ravel LLC,Non-Profit,Small,40,6,0
CUST1533,1324437.45,110369.78749999999,12,2022-04-03,2025-07-21,2022-04-25,2025-06-30,39,15,36,"Ranganathan, Pillai and Rege",Healthcare,Mid-Market,1,8,0
CUST1534,1230939.85,205156.6416666667,6,2022-09-07,2025-02-03,2019-03-27,2025-06-30,77,183,36,"Krishnamurthy, Batra and Mital",Healthcare,Mid-Market,1,8,0
CUST1535,798129.3,99766.1625,8,2022-03-31,2025-06-02,2023-05-22,2025-01-16,26,64,201,Bawa and Sons,Education,Mid-Market,25,4,1
CUST1536,394661.54,65776.92333333332,6,2022-09-26,2025-06-14,2022-09-25,2025-06-30,34,52,36,"Shroff, Padmanabhan and Gala",Education,Small,1,8,0
CUST1537,1970524.99,197052.499,10,2022-12-10,2025-03-11,2020-03-21,2025-06-30,65,147,36,"Hayre, Sehgal and Vasa",Finance,Mid-Market,1,8,0
CUST1538,2212908.68,184409.05666666667,12,2022-05-19,2024-08-20,2021-07-05,2025-06-30,49,350,36,Lad-Shenoy,Education,Small,1,8,0
CUST1539,2034989.47,184999.04272727272,11,2022-05-30,2025-06-16,2024-10-28,2024-09-16,9,50,323,"Mammen, Chander and Mukherjee",Retail,Enterprise,6,4,1
CUST1540,1437725.91,239620.985,6,2022-03-25,2025-03-13,2023-05-18,2025-06-30,27,145,36,"Palla, Dass and Parikh",Education,Enterprise,1,8,0
CUST1541,2150903.79,215090.37900000002,10,2022-02-27,2025-07-22,2024-03-02,2025-03-30,17,14,128,Butala Ltd,Non-Profit,Mid-Market,10,10,0
CUST1542,790386.47,79038.647,10,2022-03-19,2025-04-03,2024-07-24,2024-08-20,12,124,350,Thakur Inc,Education,Enterprise,13,2,0
CUST1543,674429.9,134885.98,5,2023-03-23,2025-07-20,2019-06-21,2024-12-25,74,16,223,Sachdeva-Bhavsar,Education,Small,41,3,1
CUST1544,164838.16,41209.54,4,2022-11-14,2025-03-12,2023-04-09,2024-08-31,28,146,339,Amble-Chaudhari,Non-Profit,Small,13,6,0
CUST1545,1097138.04,121904.22666666667,9,2022-06-14,2024-12-01,2022-03-03,2025-06-30,41,247,36,Prashad PLC,Healthcare,Mid-Market,1,8,0
CUST1546,1839736.9,122649.12666666666,15,2022-03-19,2025-03-28,2022-06-28,2024-10-26,37,130,283,"Varghese, Pal and Kunda",Government,Enterprise,35,5,1
CUST1547,1891365.99,171942.36272727273,11,2022-02-01,2025-05-01,2019-07-22,2025-06-30,73,96,36,Tella Ltd,Finance,Mid-Market,1,8,0
CUST1548,1297485.4,92677.52857142857,14,2022-06-23,2025-06-04,2024-09-16,2025-05-30,10,62,67,"Mital, Biswas and Ravi",Government,Mid-Market,14,4,0
CUST1549,2624337.2,218694.7666666667,12,2022-02-16,2025-05-28,2021-06-01,2025-07-23,50,69,13,Korpal-Narasimhan,Government,Mid-Market,0,10,0
CUST1550,1699629.04,130740.69538461539,13,2022-06-29,2025-05-23,2022-04-16,2025-06-30,40,74,36,Raghavan Ltd,Retail,Enterprise,1,8,0
CUST1551,993406.6499999999,110378.51666666666,9,2022-03-09,2025-06-15,2022-12-18,2025-06-30,32,51,36,"Kapadia, Bakshi and Srinivasan",Tech,Enterprise,1,8,0
CUST1552,921299.6,115162.45,8,2023-02-08,2025-07-21,2023-10-24,2025-06-30,21,15,36,Saran-Mitra,Manufacturing,Enterprise,1,8,0
CUST1553,2229999.37,171538.41307692308,13,2022-08-08,2025-06-14,2021-04-07,2025-06-30,52,52,36,Chahal Group,Tech,Enterprise,1,8,0
CUST1554,2161375.62,240152.84666666668,9,2022-06-08,2025-07-12,2025-01-19,2025-06-16,6,24,50,Morar PLC,Healthcare,Enterprise,46,9,0
CUST1555,1746723.73,116448.24866666667,15,2022-06-25,2025-02-28,2022-04-11,2025-06-30,40,158,36,Bansal LLC,Finance,Mid-Market,1,8,0
CUST1556,3089240.74,237633.9030769231,13,2022-04-27,2025-05-24,2019-01-27,2025-06-30,79,73,36,Kunda-Karnik,Tech,Small,1,8,0
CUST1557,2891659.5,222435.34615384616,13,2022-08-04,2025-06-19,2023-12-28,2025-06-30,19,47,36,Karnik PLC,Education,Mid-Market,1,8,0
CUST1558,1211016.57,80734.43800000001,15,2022-02-01,2025-05-19,2025-01-11,2025-05-20,6,78,77,Bhargava Group,Government,Enterprise,15,8,0
CUST1559,476885.93,158961.97666666665,3,2022-01-25,2024-05-25,2021-07-08,2024-06-12,49,437,419,Khalsa-Sanghvi,Retail,Mid-Market,4,4,0
CUST1560,2642403.7800000003,155435.51647058825,17,2022-01-12,2025-05-25,2023-04-23,2025-06-30,27,72,36,Magar-Kumer,Manufacturing,Small,1,8,0
CUST1561,616767.94,123353.58799999999,5,2022-02-09,2024-10-31,2024-04-16,2024-09-20,15,278,319,"Parmar, Barad and Nayak",Education,Enterprise,34,9,0
CUST1562,1849087.9100000001,205454.21222222224,9,2022-03-01,2025-06-26,2022-06-14,2025-06-30,38,40,36,"Chatterjee, Mahal and Buch",Government,Enterprise,1,8,0
CUST1563,2316062.85,210551.16818181818,11,2022-04-17,2025-05-15,2019-08-01,2025-02-19,73,82,167,"Kala, Bava and Khurana",Tech,Enterprise,4,1,0
CUST1564,1533522.77,219074.68142857144,7,2022-02-11,2025-04-28,2025-02-15,2025-06-30,5,99,36,Chad-Iyengar,Retail,Mid-Market,1,8,0
CUST1565,2599345.05,199949.61923076923,13,2022-01-10,2025-06-13,2022-01-16,2025-06-30,43,53,36,"Dara, Kala and Gopal",Manufacturing,Small,1,8,0
CUST1566,1495680.92,93480.0575,16,2022-01-19,2025-06-08,2023-02-26,2024-11-27,29,58,251,Patil-Trivedi,Finance,Mid-Market,48,1,0
CUST1567,2639893.45,263989.34500000003,10,2022-03-29,2024-12-27,2020-11-04,2025-07-23,57,221,13,Dutta-Kapur,Non-Profit,Mid-Market,49,9,0
CUST1568,1715992.63,131999.43307692307,13,2022-03-01,2025-06-25,2021-06-07,2025-06-30,50,41,36,Mitra LLC,Finance,Enterprise,1,8,0
CUST1569,1815306.92,181530.69199999998,10,2022-02-22,2025-06-23,2022-10-04,2025-06-30,34,43,36,"Patla, Bath and Pandey",Finance,Enterprise,1,8,0
CUST1570,1233400.46,88100.03285714285,14,2022-10-07,2025-06-14,2022-01-31,2025-06-30,42,52,36,Gulati-Sawhney,Retail,Small,1,8,0
CUST1571,295989.45,73997.3625,4,2022-09-06,2025-01-14,2023-08-03,2025-06-30,24,203,36,Nayak-Ganguly,Education,Small,1,8,0
CUST1572,978816.79,88983.34454545454,11,2022-01-19,2025-07-11,2024-03-19,2025-06-30,16,25,36,Ramaswamy Inc,Tech,Mid-Market,1,8,0
CUST1573,2121294.18,212129.418,10,2022-08-03,2025-04-25,2021-05-09,2024-10-31,51,102,278,Ramanathan-Khare,Finance,Mid-Market,16,2,1
CUST1574,1308796.22,261759.244,5,2024-01-11,2025-05-22,2019-04-05,2024-09-09,77,75,330,Bora LLC,Education,Enterprise,27,5,1
CUST1575,759917.12,84435.23555555556,9,2022-03-27,2025-06-07,2022-04-03,2023-11-06,40,59,638,Issac Ltd,Manufacturing,Small,14,6,0
CUST1576,1247704.67,113427.69727272727,11,2022-01-07,2025-06-22,2025-07-19,2025-07-21,0,44,15,Kara Group,Non-Profit,Enterprise,35,10,0
CUST1577,428036.06000000006,85607.21200000001,5,2022-11-11,2025-01-14,2022-04-13,2025-06-30,40,203,36,Malhotra-Choudhry,Tech,Small,1,8,0
CUST1578,2199906.18,146660.412,15,2022-01-12,2025-07-19,2023-02-14,2025-06-30,30,17,36,"Mandal, Anne and Dhaliwal",Healthcare,Enterprise,1,8,0
CUST1579,1224661.87,122466.187,10,2022-05-06,2025-06-17,2019-02-24,2025-06-18,78,49,48,Warrior LLC,Government,Small,26,9,0
CUST1580,1323066.81,147007.42333333334,9,2022-01-17,2025-07-06,2020-11-24,2025-06-30,57,30,36,Dhillon Group,Tech,Mid-Market,1,8,0
CUST1581,2177093.46,217709.346,10,2022-01-12,2024-07-22,2021-06-21,2025-01-17,50,379,200,Deol-Maharaj,Finance,Small,35,7,0
CUST1582,661856.53,66185.653,10,2022-08-17,2024-07-25,2024-01-27,2025-06-30,18,376,36,Dash and Sons,Healthcare,Small,1,8,0
CUST1583,1192265.18,198710.8633333333,6,2022-05-18,2025-02-02,2020-07-26,2024-02-26,61,184,526,Kumer and Sons,Retail,Enterprise,20,8,0
CUST1584,1794997.82,179499.782,10,2022-01-16,2025-06-27,2023-02-12,2023-08-12,30,39,724,"Doctor, Lata and Goyal",Education,Small,4,5,1
CUST1585,602029.3,75253.6625,8,2022-03-26,2025-05-09,2022-12-10,2025-06-30,32,88,36,Shah LLC,Finance,Small,1,8,0
CUST1586,1460060.96,132732.81454545454,11,2022-02-21,2025-06-19,2024-11-19,2025-06-30,8,47,36,Chopra PLC,Finance,Mid-Market,1,8,0
CUST1587,825605.69,165121.13799999998,5,2023-05-29,2025-03-21,2023-07-29,2024-12-03,24,137,245,Bhagat-Rajagopalan,Government,Small,36,1,1
CUST1588,1405917.6400000001,127810.69454545456,11,2022-01-17,2025-02-23,2024-04-20,2024-10-18,15,163,291,Din Ltd,Tech,Enterprise,35,3,1
CUST1589,2068656.78,137910.452,15,2022-01-29,2025-06-21,2024-12-05,2024-12-13,8,45,235,"Gour, Thakkar and Gera",Tech,Mid-Market,25,2,1
CUST1590,834221.61,119174.5157142857,7,2022-05-26,2025-03-02,2024-01-08,2024-08-11,19,156,359,"Puri, Seshadri and Yogi",Education,Enterprise,49,1,1
CUST1591,2411402.35,219218.39545454548,11,2022-03-09,2024-09-12,2023-06-27,2025-06-30,25,327,36,"Apte, Thakur and Mane",Government,Enterprise,1,8,0
CUST1592,1964809.05,151139.1576923077,13,2022-08-15,2025-03-30,2022-08-21,2025-06-30,36,128,36,"Goswami, Malhotra and Kara",Tech,Small,1,8,0
CUST1593,1539211.82,118400.90923076923,13,2022-03-26,2025-07-20,2020-02-10,2025-06-30,66,16,36,Pall-Soni,Manufacturing,Enterprise,1,8,0
CUST1594,2434180.6,347740.0857142857,7,2022-03-07,2025-07-18,2021-07-23,2025-06-30,49,18,36,Dave Group,Non-Profit,Mid-Market,1,8,0
CUST1595,1897978.1400000001,189797.814,10,2022-12-31,2025-07-15,2024-08-28,2025-06-30,11,21,36,Dayal-Pradhan,Finance,Mid-Market,1,8,0
CUST1596,1731967.74,144330.645,12,2022-05-03,2025-03-20,2019-02-15,2025-06-30,78,138,36,Panchal-Saraf,Manufacturing,Mid-Market,1,8,0
CUST1597,3207956.55,168839.81842105262,19,2022-01-26,2025-07-13,2025-03-06,2025-05-15,5,23,82,Varty Inc,Education,Small,2,2,0
CUST1598,1429286.9100000001,204183.8442857143,7,2022-04-30,2024-10-13,2020-05-07,2025-03-11,63,296,147,Hora-Om,Manufacturing,Enterprise,46,9,0
CUST1599,3567725.52,237848.368,15,2022-03-30,2025-07-01,2021-11-13,2024-10-12,45,35,297,Bhatt-Tara,Finance,Small,29,2,1
CUST1600,1228894.5,111717.68181818182,11,2022-07-07,2025-06-03,2019-03-06,2024-06-27,78,63,404,"Singh, Tandon and Maharaj",Healthcare,Enterprise,1,5,1
CUST1601,1521856.23,117065.86384615385,13,2022-07-25,2025-06-04,2023-08-25,2025-06-30,23,62,36,Ramesh Ltd,Retail,Small,1,8,0
CUST1602,682984.54,113830.75666666667,6,2022-06-30,2025-06-02,2024-12-06,2025-04-14,8,64,113,Saha-Jain,Non-Profit,Mid-Market,1,5,0
CUST1603,1930459.32,193045.932,10,2022-06-24,2024-10-07,2024-07-26,2025-06-30,12,302,36,Warrior-Dhawan,Non-Profit,Mid-Market,1,8,0
CUST1604,1426004.07,178250.50875,8,2022-04-05,2024-09-08,2023-09-26,2025-06-30,22,331,36,"Gole, Sharaf and Purohit",Government,Mid-Market,1,8,0
CUST1605,2561157.67,213429.80583333332,12,2022-05-03,2024-09-15,2019-11-26,2025-03-15,69,324,143,Bhakta-Oommen,Education,Mid-Market,4,8,0
CUST1606,2420116.68,220010.6072727273,11,2022-01-12,2025-03-26,2019-06-24,2025-06-30,74,132,36,Hayre Inc,Government,Mid-Market,1,8,0
CUST1607,1576215.61,197026.95125,8,2022-02-06,2025-03-02,2019-02-16,2025-06-30,78,156,36,Bajaj-Vala,Manufacturing,Enterprise,1,8,0
CUST1608,1615173.51,146833.95545454544,11,2022-05-29,2024-12-06,2023-09-03,2025-06-30,23,242,36,Soni-Dugar,Manufacturing,Mid-Market,1,8,0
CUST1609,1929122.2999999998,192912.22999999998,10,2022-01-31,2024-11-26,2025-04-12,2024-09-04,3,252,335,"Kade, Butala and Lad",Tech,Mid-Market,18,2,1
CUST1610,1675425.02,239346.43142857144,7,2022-01-31,2025-07-07,2023-01-26,2025-04-12,30,29,115,"Saha, Sidhu and Ganguly",Manufacturing,Mid-Market,7,9,0
CUST1611,474853.93,79142.32166666667,6,2023-04-03,2024-05-27,2021-02-04,2025-06-30,54,435,36,Natt Inc,Tech,Small,1,8,0
CUST1612,2645608.05,220467.3375,12,2022-02-11,2025-04-18,2025-05-25,2025-06-30,2,109,36,Atwal Ltd,Non-Profit,Small,1,8,0
CUST1613,3053982.46,277634.7690909091,11,2022-01-30,2025-07-18,2021-07-23,2025-06-30,49,18,36,Dutta Inc,Education,Small,1,8,0
CUST1614,1293685.69,129368.56899999999,10,2022-07-07,2025-06-21,2022-05-26,2025-04-23,38,45,104,Deshpande-Edwin,Healthcare,Enterprise,4,5,0
CUST1615,1242032.1600000001,138003.57333333336,9,2022-01-29,2025-06-03,2023-10-25,2025-06-30,21,63,36,Gupta Ltd,Non-Profit,Enterprise,1,8,0
CUST1616,1301024.15,162628.01875,8,2022-12-10,2025-05-23,2022-10-27,2025-06-30,33,74,36,Sarraf-Upadhyay,Healthcare,Mid-Market,1,8,0
CUST1617,1259143.14,179877.5914285714,7,2022-05-27,2025-02-01,2021-01-20,2025-06-30,55,185,36,Jaggi-Deep,Tech,Small,1,8,0
CUST1618,1624071.67,180452.40777777776,9,2022-11-20,2024-12-29,2019-05-26,2025-06-30,75,219,36,Tailor-Mani,Non-Profit,Small,1,8,0
CUST1619,3587987.23,211058.07235294118,17,2022-05-20,2025-07-21,2023-08-31,2024-05-20,23,15,442,Kala Inc,Education,Mid-Market,5,3,1
CUST1620,1432383.27,159153.69666666666,9,2022-02-27,2025-06-23,2022-10-12,2025-06-30,34,43,36,Hora PLC,Finance,Mid-Market,1,8,0
CUST1621,2698306.87,158723.93352941176,17,2022-02-01,2025-05-27,2020-06-20,2025-06-19,62,70,47,Manda Ltd,Tech,Enterprise,1,9,0
CUST1622,989129.67,89920.87909090909,11,2022-04-05,2025-01-27,2024-11-17,2025-06-30,8,190,36,Lanka-Setty,Tech,Mid-Market,1,8,0
CUST1623,559956.42,55995.64200000001,10,2022-02-17,2025-02-22,2022-07-06,2025-01-31,37,164,186,"Singh, Bora and Minhas",Government,Small,43,6,0
CUST1624,2434905.68,173921.83428571429,14,2022-02-06,2025-06-23,2021-10-28,2025-06-30,45,43,36,"Boase, Dutta and Gill",Education,Enterprise,1,8,0
CUST1625,2268452.8400000003,119392.25473684212,19,2022-01-05,2025-03-04,2021-05-24,2024-08-19,51,154,351,Sandhu-Samra,Retail,Mid-Market,4,6,0
CUST1626,1389536.69,126321.51727272727,11,2022-04-06,2025-04-24,2020-10-26,2025-06-30,58,103,36,Raman and Sons,Tech,Enterprise,45,7,0
CUST1627,2719549.59,194253.54214285713,14,2022-07-29,2025-07-16,2022-10-11,2025-06-30,34,20,36,"Prabhu, Narasimhan and Joshi",Manufacturing,Small,1,8,0
CUST1628,3769198.7,314099.89166666666,12,2022-01-01,2025-06-28,2022-08-08,2025-06-30,36,38,36,Lad LLC,Manufacturing,Enterprise,1,8,0
CUST1629,2120541.0300000003,265067.62875000003,8,2022-08-29,2025-07-20,2023-01-01,2024-09-08,31,16,331,"Pathak, De and Dhar",Retail,Mid-Market,16,5,0
CUST1630,922212.5,115276.5625,8,2022-09-10,2025-03-12,2019-02-22,2025-06-30,78,146,36,"Srivastava, Dhar and Sandal",Education,Mid-Market,1,8,0
CUST1631,2047116.7600000002,204711.67600000004,10,2022-03-23,2025-06-12,2022-05-29,2025-06-30,38,54,36,Deep PLC,Retail,Enterprise,1,8,0
CUST1632,2533506.18,168900.412,15,2022-02-06,2025-04-14,2022-12-27,2025-06-30,31,113,36,Kant Group,Education,Small,1,8,0
CUST1633,1838791.07,229848.88375,8,2022-05-22,2025-06-29,2023-01-07,2025-06-30,31,37,36,Chana Inc,Healthcare,Mid-Market,1,8,0
CUST1634,1651915.99,235987.99857142856,7,2022-05-18,2025-04-29,2020-02-18,2025-06-30,66,98,36,"Dalal, Kumar and Devi",Retail,Enterprise,1,8,0
CUST1635,2228603.55,185716.9625,12,2022-04-11,2024-01-04,2024-07-08,2025-06-30,13,579,36,Kashyap Inc,Finance,Small,1,8,0
CUST1636,555012.37,69376.54625,8,2022-01-20,2025-02-05,2022-03-20,2023-12-01,41,181,613,Rau-Doctor,Healthcare,Small,40,2,0
CUST1637,1994397.47,181308.8609090909,11,2022-06-07,2025-03-22,2021-07-05,2025-06-30,49,136,36,Kumar PLC,Manufacturing,Enterprise,1,8,0
CUST1638,1192142.6600000001,132460.29555555558,9,2022-01-08,2024-12-02,2021-06-30,2025-06-30,49,246,36,Kar-Batta,Retail,Enterprise,1,8,0
CUST1639,3032726.83,189545.426875,16,2022-02-09,2025-06-24,2024-08-14,2024-11-06,11,42,272,Loke PLC,Education,Mid-Market,17,1,1
CUST1640,2446486.3499999996,271831.81666666665,9,2022-04-07,2025-07-12,2022-07-24,2024-09-18,36,24,321,Narayanan-Patla,Education,Mid-Market,19,4,1
CUST1641,2427954.82,242795.482,10,2023-05-15,2025-06-25,2024-07-01,2025-06-30,13,41,36,Bir-Vora,Finance,Mid-Market,1,8,0
CUST1642,1374638.49,137463.849,10,2022-03-14,2025-06-25,2021-09-23,2025-06-30,47,41,36,Narasimhan Inc,Education,Small,1,8,0
CUST1643,1934844.26,148834.17384615383,13,2022-03-19,2025-04-03,2022-11-22,2025-06-30,32,124,36,Barad Ltd,Manufacturing,Enterprise,1,8,0
CUST1644,1814767.28,181476.728,10,2022-02-01,2025-03-10,2023-06-21,2024-08-18,25,148,352,Mahal Ltd,Finance,Enterprise,28,2,1
CUST1645,1673340.32,119524.30857142857,14,2022-02-01,2025-04-23,2022-03-28,2025-06-30,40,104,36,Bhagat-Kamdar,Healthcare,Enterprise,1,8,0
CUST1646,927070.0700000001,115883.75875000001,8,2022-08-05,2025-01-19,2020-06-23,2025-06-30,62,198,36,Murthy-Bala,Non-Profit,Mid-Market,1,8,0
CUST1647,1467269.85,244544.975,6,2022-09-25,2025-02-08,2024-07-19,2025-03-03,12,178,155,Krish Group,Government,Enterprise,18,8,0
CUST1648,2958661.02,295866.102,10,2022-11-26,2025-03-29,2024-10-31,2025-06-30,9,129,36,Sawhney-Singh,Healthcare,Mid-Market,1,8,0
CUST1649,2492882.8899999997,191760.22230769228,13,2022-03-20,2025-03-19,2019-05-06,2025-06-30,76,139,36,"Sahota, Srinivas and Rama",Retail,Small,1,8,0
CUST1650,1463989.19,209141.31285714285,7,2023-02-21,2024-12-30,2023-12-13,2025-06-30,20,218,36,"Kohli, Nigam and Shenoy",Finance,Enterprise,1,8,0
CUST1651,2092623.48,190238.49818181817,11,2022-06-02,2025-06-04,2021-10-05,2025-06-30,46,62,36,Bhatia-Dewan,Retail,Small,1,8,0
CUST1652,1312209.26,119291.75090909092,11,2022-02-17,2025-07-14,2019-05-06,2025-06-30,76,22,36,Ratta and Sons,Education,Mid-Market,1,8,0
CUST1653,2972659.55,185791.221875,16,2022-04-30,2025-05-29,2025-01-20,2024-09-24,6,68,315,"Soni, Hegde and Viswanathan",Non-Profit,Enterprise,16,4,1
CUST1654,861155.99,57410.399333333335,15,2022-03-09,2025-02-23,2019-11-24,2024-10-18,69,163,291,Goyal PLC,Tech,Mid-Market,14,7,0
CUST1655,1644312.83,164431.283,10,2022-02-09,2025-04-08,2024-11-18,2025-06-30,8,119,36,Dhaliwal-Das,Retail,Small,1,8,0
CUST1656,3650941.2100000004,304245.1008333334,12,2022-06-14,2025-07-05,2024-01-07,2025-03-19,19,31,139,Mital-Radhakrishnan,Education,Mid-Market,41,9,0
CUST1657,441738.48000000004,147246.16,3,2022-03-09,2023-05-25,2021-06-29,2025-02-05,49,803,181,Kumer-Pillai,Healthcare,Enterprise,12,10,0
CUST1658,2751026.62,211617.4323076923,13,2022-02-15,2025-06-20,2022-12-21,2025-07-08,31,46,28,Narasimhan Inc,Manufacturing,Small,15,8,0
CUST1659,3963555.06,304888.85076923075,13,2022-01-02,2025-04-14,2021-11-29,2025-01-14,44,113,203,"Padmanabhan, Pillay and Walia",Education,Mid-Market,41,3,1
CUST1660,717443.47,119573.91166666667,6,2022-06-21,2024-08-28,2023-03-26,2025-06-30,28,342,36,Rastogi-Ganesan,Retail,Small,1,8,0
CUST1661,2048383.4,186216.67272727273,11,2022-09-11,2025-06-21,2019-06-15,2025-06-30,74,45,36,"Sood, Batra and Kohli",Manufacturing,Small,1,8,0
CUST1662,1130627.73,141328.46625,8,2022-04-21,2024-11-11,2023-12-23,2024-08-02,19,267,368,Padmanabhan-Edwin,Healthcare,Small,15,3,1
CUST1663,1952770.75,150213.13461538462,13,2022-03-12,2025-03-30,2024-12-20,2025-06-30,7,128,36,Sahni LLC,Non-Profit,Mid-Market,1,8,0
CUST1664,618570.15,77321.26875,8,2022-05-29,2024-11-27,2024-05-22,2025-06-30,14,251,36,Samra Inc,Education,Enterprise,1,8,0
CUST1665,697816.23,58151.3525,12,2022-01-08,2025-05-02,2019-10-09,2025-06-30,70,95,36,"Bhatti, Lata and Mittal",Non-Profit,Enterprise,1,8,0
CUST1666,2341156.78,234115.67799999999,10,2022-01-07,2025-06-19,2021-01-11,2024-08-24,55,47,346,Dua PLC,Manufacturing,Mid-Market,6,3,1
CUST1667,1859034.56,232379.32,8,2022-03-25,2025-05-03,2020-06-28,2025-06-30,62,94,36,Kant-Sant,Finance,Enterprise,1,8,0
CUST1668,1613000.76,134416.73,12,2022-01-23,2025-05-23,2024-08-30,2025-06-30,11,74,36,"Nori, Sodhi and Choudhary",Healthcare,Mid-Market,1,8,0
CUST1669,2919870.42,324430.04666666663,9,2022-01-02,2025-02-24,2019-06-18,2025-06-30,74,162,36,"Kothari, Rajan and Majumdar",Healthcare,Enterprise,1,8,0
CUST1670,616617.3600000001,88088.1942857143,7,2022-07-25,2024-11-01,2023-01-13,2024-08-25,31,277,345,Arya-Bhatia,Government,Small,50,3,1
CUST1671,2489717.32,191516.71692307692,13,2022-09-02,2025-06-15,2022-10-24,2025-06-30,33,51,36,Deol-Parmer,Healthcare,Mid-Market,1,8,0
CUST1672,3626848.25,329713.4772727273,11,2022-04-25,2025-07-11,2021-09-04,2024-02-07,47,25,545,"Kohli, Mane and Palla",Healthcare,Small,47,2,1
CUST1673,599478.48,85639.78285714285,7,2022-07-11,2025-04-15,2019-12-23,2025-06-30,68,112,36,Bassi-Narayan,Retail,Small,1,8,0
CUST1674,824099.8,91566.64444444445,9,2022-02-07,2025-01-16,2024-01-28,2025-06-30,18,201,36,Rau PLC,Retail,Mid-Market,1,8,0
CUST1675,703602.39,87950.29875,8,2022-01-23,2025-06-25,2021-01-11,2024-12-05,55,41,243,Rau LLC,Finance,Enterprise,23,4,1
CUST1676,1498836.47,187354.55875,8,2022-10-16,2025-07-10,2019-01-31,2025-06-30,79,26,36,Yohannan-Tata,Tech,Small,1,8,0
CUST1677,618943.3300000001,56267.57545454546,11,2022-05-04,2025-05-12,2023-06-02,2025-06-30,26,85,36,Mohan-Saran,Healthcare,Enterprise,1,8,0
CUST1678,513782.53,64222.81625,8,2022-01-03,2025-01-29,2019-03-07,2025-06-30,78,188,36,"Dave, Narang and Tailor",Retail,Enterprise,1,8,0
CUST1679,2333198.2800000003,212108.93454545457,11,2022-01-23,2025-05-09,2022-06-15,2023-11-18,38,88,626,"Nagar, Bains and Ram",Retail,Mid-Market,5,10,0
CUST1680,1450135.41,161126.15666666665,9,2022-07-25,2025-07-23,2023-04-27,2025-06-30,27,13,36,"Loyal, Basu and Comar",Finance,Small,1,8,0
CUST1681,2962390.85,246865.90416666667,12,2022-08-22,2025-04-28,2023-09-16,2025-06-30,22,99,36,Halder-Dube,Tech,Small,1,8,0
CUST1682,1982497.19,165208.09916666665,12,2022-02-08,2025-07-06,2021-03-15,2024-09-23,53,30,316,Virk Ltd,Manufacturing,Enterprise,27,3,1
CUST1683,2354271.44,147141.965,16,2022-01-17,2025-07-12,2023-05-14,2025-06-30,27,24,36,Vig-Viswanathan,Retail,Enterprise,1,8,0
CUST1684,1439027.3299999998,119918.94416666665,12,2022-03-22,2025-04-03,2022-05-06,2024-09-06,39,124,333,Yogi Inc,Government,Small,0,6,0
CUST1685,2701515.8000000003,192965.4142857143,14,2022-04-02,2025-07-13,2025-04-15,2025-07-22,3,23,14,Bera-Atwal,Manufacturing,Enterprise,13,5,0
CUST1686,741610.13,61800.84416666667,12,2022-03-16,2024-11-20,2025-07-04,2024-08-14,1,258,356,Ramakrishnan-Thaker,Retail,Enterprise,9,4,1
CUST1687,1474747.23,210678.17571428572,7,2022-01-20,2025-02-03,2021-03-06,2025-06-30,53,183,36,"Saraf, Oza and Murthy",Manufacturing,Small,1,8,0
CUST1688,1892150.05,135153.575,14,2022-03-01,2025-06-20,2023-04-28,2025-06-30,27,46,36,Setty LLC,Healthcare,Mid-Market,1,8,0
CUST1689,1945147.7,162095.64166666666,12,2022-04-06,2025-04-30,2024-12-04,2025-06-30,8,97,36,"Thakur, Shan and Bir",Tech,Enterprise,1,8,0
CUST1690,3395893.87,242563.84785714286,14,2022-01-09,2025-04-12,2025-05-30,2025-06-04,2,115,62,"Manda, Sengupta and Gaba",Education,Small,9,2,0
CUST1691,1218080.5899999999,243616.11799999996,5,2023-07-11,2025-02-03,2023-01-19,2025-07-16,30,183,20,"Wali, Kar and Gera",Tech,Enterprise,30,8,0
CUST1692,1950878.6099999999,195087.86099999998,10,2022-04-18,2024-10-04,2023-07-31,2025-06-30,24,305,36,"Mittal, Seshadri and Srinivas",Education,Small,1,8,0
CUST1693,3473991.41,192999.52277777778,18,2022-02-12,2025-05-09,2025-02-17,2025-06-30,5,88,36,Dube-Datta,Retail,Small,1,8,0
CUST1694,1223303.6,174757.65714285715,7,2022-08-19,2025-06-16,2022-11-25,2024-02-06,32,50,546,Iyer-Badal,Retail,Mid-Market,40,2,1
CUST1695,1019344.3700000001,113260.48555555557,9,2022-04-12,2025-03-10,2019-04-15,2025-06-30,76,148,36,"Zacharia, Ghose and Batta",Tech,Enterprise,1,8,0
CUST1696,1707221.84,170722.184,10,2022-02-13,2025-04-16,2020-05-19,2025-06-30,63,111,36,Bhatia PLC,Manufacturing,Enterprise,1,8,0
CUST1697,759936.0,253312.0,3,2022-04-21,2022-12-05,2019-05-09,2025-06-30,76,974,36,Andra-Sekhon,Education,Enterprise,1,8,0
CUST1698,877351.81,146225.30166666667,6,2022-05-12,2025-06-14,2025-05-20,2025-06-30,2,52,36,Varkey-Chaudhuri,Healthcare,Mid-Market,1,8,0
CUST1699,842441.24,93604.58222222222,9,2022-02-05,2025-03-31,2020-06-28,2025-06-30,62,127,36,Bassi LLC,Government,Mid-Market,1,8,0
CUST1700,2376902.0700000003,237690.20700000002,10,2022-05-13,2025-07-02,2020-10-15,2025-03-04,58,34,154,Thaman and Sons,Non-Profit,Mid-Market,11,2,0
CUST1701,1383753.08,138375.30800000002,10,2022-03-19,2025-02-23,2019-02-19,2025-06-30,78,163,36,"Lata, Bhatnagar and Ram",Retail,Small,1,8,0
CUST1702,2880125.83,180007.864375,16,2022-02-24,2025-06-30,2019-10-23,2025-06-30,70,36,36,"Dubey, Wable and Chahal",Healthcare,Small,1,8,0
CUST1703,787285.0700000001,112469.29571428572,7,2022-01-31,2024-09-23,2024-02-28,2025-04-21,17,316,106,Kalla Ltd,Non-Profit,Enterprise,3,10,0
CUST1704,965893.0800000001,120736.63500000001,8,2022-11-26,2024-08-12,2023-03-02,2023-09-03,29,358,702,Shetty-Kohli,Tech,Small,6,4,1
CUST1705,2790203.0,253654.81818181818,11,2022-04-19,2024-09-25,2020-08-27,2025-06-30,60,314,36,Nanda-Varty,Manufacturing,Small,1,8,0
CUST1706,461877.28,46187.728,10,2022-03-27,2025-07-23,2022-09-24,2025-06-30,34,13,36,"Viswanathan, Maharaj and Batra",Tech,Small,1,8,0
CUST1707,1190256.48,99188.04,12,2022-01-11,2025-02-06,2021-05-28,2025-06-30,51,180,36,Bandi-Gulati,Healthcare,Mid-Market,1,8,0
CUST1708,685083.81,76120.42333333334,9,2022-09-13,2025-02-08,2025-04-16,2025-06-30,3,178,36,Nadig-Chand,Tech,Enterprise,1,8,0
CUST1709,1511353.66,188919.2075,8,2022-01-17,2025-04-14,2025-05-07,2025-06-30,3,113,36,Puri PLC,Non-Profit,Mid-Market,1,8,0
CUST1710,1804349.27,225543.65875,8,2022-04-14,2025-06-30,2021-03-09,2024-04-19,53,36,473,"Bir, Bala and Nazareth",Healthcare,Enterprise,5,3,0
CUST1711,603967.3400000001,75495.91750000001,8,2022-06-16,2025-06-25,2021-02-10,2025-06-30,54,41,36,Dhar-Jani,Manufacturing,Enterprise,1,8,0
CUST1712,2563003.41,256300.34100000001,10,2022-08-29,2024-08-16,2021-07-28,2023-10-29,48,354,646,"Ratta, Kade and Ahluwalia",Education,Small,7,9,0
CUST1713,1800501.35,200055.70555555556,9,2022-03-30,2025-07-12,2020-03-13,2025-06-30,65,24,36,Bhandari PLC,Non-Profit,Enterprise,1,8,0
CUST1714,846618.7000000001,105827.33750000001,8,2022-01-21,2024-12-10,2020-02-11,2023-12-10,66,238,604,"Palan, Trivedi and Dayal",Finance,Mid-Market,11,5,0
CUST1715,1300763.61,130076.361,10,2022-03-25,2025-02-28,2019-08-12,2025-04-18,72,158,109,Deshpande-Gill,Healthcare,Enterprise,48,6,0
CUST1716,476653.32,47665.332,10,2022-03-14,2025-02-14,2024-03-21,2024-07-10,16,172,391,Chaudry-Pant,Government,Small,31,2,1
CUST1717,672383.19,84047.89875,8,2022-09-30,2025-05-22,2022-08-19,2025-06-30,36,75,36,"Tiwari, Nanda and Basu",Healthcare,Mid-Market,1,8,0
CUST1718,766456.85,127742.80833333333,6,2022-03-21,2025-03-24,2020-11-29,2023-12-23,57,134,591,Rama-Deep,Tech,Mid-Market,1,6,0
CUST1719,2255191.67,281898.95875,8,2022-03-21,2024-12-15,2021-04-30,2025-06-30,51,233,36,"Mistry, Sandal and Narang",Finance,Enterprise,1,8,0
CUST1720,2379937.13,297492.14125,8,2022-09-16,2024-12-28,2024-04-27,2025-05-09,15,220,88,Basu LLC,Education,Mid-Market,12,8,0
CUST1721,1042767.61,130345.95125,8,2022-01-03,2025-03-05,2024-01-02,2024-09-28,19,153,311,"Choudhry, Sant and Ray",Healthcare,Mid-Market,31,5,1
CUST1722,1163191.6300000001,145398.95375000002,8,2022-02-08,2025-06-24,2024-07-25,2025-06-30,12,42,36,Goel LLC,Healthcare,Mid-Market,1,8,0
CUST1723,3602456.26,180122.813,20,2022-02-17,2025-04-13,2021-07-06,2025-06-30,49,114,36,Pillay LLC,Retail,Enterprise,1,8,0
CUST1724,1287538.03,91967.00214285715,14,2022-01-24,2025-06-05,2020-02-18,2024-02-12,66,61,540,"Sunder, Bhatia and Bath",Education,Small,35,3,1
CUST1725,3088034.17,237541.09,13,2022-02-22,2025-04-16,2023-07-22,2025-06-30,24,111,36,Bhat Ltd,Healthcare,Enterprise,1,8,0
CUST1726,2692487.63,224373.96916666665,12,2022-03-26,2025-05-08,2019-05-12,2025-06-30,75,89,36,"Karpe, Sandhu and Saha",Finance,Enterprise,1,8,0
CUST1727,3198761.93,266563.4941666667,12,2022-01-30,2025-05-16,2019-11-03,2025-06-30,70,81,36,"Dewan, Chandra and Baral",Manufacturing,Enterprise,1,8,0
CUST1728,1614004.53,115286.03785714286,14,2022-01-31,2025-05-15,2024-04-12,2025-06-04,16,82,62,Sampath-Vohra,Government,Small,43,6,0
CUST1729,952021.3699999999,105780.15222222221,9,2022-01-21,2025-01-21,2024-03-19,2025-06-30,16,196,36,Dixit Ltd,Finance,Enterprise,1,8,0
CUST1730,1756268.62,219533.5775,8,2022-05-29,2024-06-02,2020-10-14,2025-06-30,58,429,36,"Mangal, Gaba and Kota",Healthcare,Mid-Market,1,8,0
CUST1731,1703603.1600000001,212950.39500000002,8,2022-02-27,2025-01-21,2020-11-19,2025-06-30,57,196,36,"Chadha, Sankar and Peri",Tech,Small,1,8,0
CUST1732,1714394.67,155854.0609090909,11,2022-06-14,2025-06-19,2020-11-08,2025-06-30,57,47,36,Mutti-Handa,Government,Enterprise,1,8,0
CUST1733,1702514.94,141876.245,12,2022-06-03,2025-04-21,2022-05-02,2025-06-30,39,106,36,"Pant, Bhargava and Sachar",Finance,Small,1,8,0
CUST1734,623194.66,103865.77666666667,6,2022-08-10,2025-06-18,2024-10-06,2025-06-30,10,48,36,Panchal LLC,Healthcare,Small,1,8,0
CUST1735,1827712.4300000002,152309.36916666667,12,2022-03-01,2025-03-16,2023-04-02,2025-06-30,28,142,36,Vig-Kant,Healthcare,Enterprise,1,8,0
CUST1736,907372.57,113421.57125,8,2022-01-07,2024-05-08,2022-07-30,2025-06-30,36,454,36,Kaur PLC,Non-Profit,Small,1,8,0
CUST1737,847033.1599999999,70586.09666666666,12,2022-03-22,2024-08-14,2023-11-06,2025-06-30,21,356,36,"Char, Choudhury and Wali",Retail,Mid-Market,1,8,0
CUST1738,665102.72,110850.45333333332,6,2022-07-09,2023-10-19,2023-12-04,2024-03-22,20,656,501,Borde Ltd,Manufacturing,Small,30,8,0
CUST1739,2972803.09,297280.309,10,2022-04-27,2025-04-20,2020-09-29,2024-12-24,59,107,224,Dhingra-Batta,Government,Enterprise,10,3,1
CUST1740,986234.17,98623.417,10,2022-04-05,2024-12-08,2025-07-01,2024-12-21,1,240,227,Agate LLC,Finance,Small,24,1,1
CUST1741,1649229.99,235604.2842857143,7,2022-02-27,2025-06-11,2025-03-01,2025-04-28,5,55,99,Sharma-Sunder,Education,Mid-Market,12,10,0
CUST1742,1309352.74,119032.06727272728,11,2022-03-09,2025-02-16,2023-07-03,2025-06-30,25,170,36,"Mandal, Kade and Walia",Finance,Small,1,8,0
CUST1743,1671004.1,128538.77692307693,13,2022-04-10,2025-06-24,2019-01-22,2024-11-26,79,42,252,Khatri LLC,Healthcare,Small,11,7,0
CUST1744,2257016.73,188084.7275,12,2022-05-27,2025-04-13,2021-01-07,2025-06-30,55,114,36,"Prashad, Parsa and Panchal",Healthcare,Mid-Market,1,8,0
CUST1745,4212928.7,300923.47857142857,14,2022-01-05,2025-07-21,2021-11-19,2025-06-30,45,15,36,Loke-Dar,Finance,Enterprise,1,8,0
CUST1746,737204.97,105314.99571428572,7,2022-01-24,2025-05-06,2019-01-16,2025-06-30,79,91,36,Luthra-Hora,Finance,Enterprise,1,8,0
CUST1747,1232992.12,176141.73142857145,7,2022-08-11,2025-07-11,2020-01-09,2025-06-30,67,25,36,"Nair, Talwar and Sachdeva",Non-Profit,Mid-Market,1,8,0
CUST1748,525582.38,87597.06333333334,6,2022-05-16,2025-04-14,2022-03-05,2025-06-30,41,113,36,"Sengupta, Cheema and Patla",Tech,Mid-Market,1,8,0
CUST1749,1139395.37,142424.42125,8,2022-04-27,2024-12-28,2024-01-02,2025-06-30,19,220,36,Jani LLC,Government,Enterprise,1,8,0
CUST1750,1906470.74,119154.42125,16,2022-06-16,2025-07-03,2020-07-08,2025-06-30,61,33,36,Toor-Dixit,Non-Profit,Mid-Market,1,8,0
CUST1751,2790684.65,310076.0722222222,9,2022-02-08,2024-12-18,2022-02-27,2025-06-30,41,230,36,Patel-Walla,Healthcare,Small,1,8,0
CUST1752,857115.69,122445.09857142856,7,2022-01-12,2025-04-01,2024-02-11,2025-05-05,18,126,92,"Buch, Doctor and Mittal",Healthcare,Mid-Market,36,7,0
CUST1753,652702.25,93243.17857142857,7,2022-01-26,2025-06-21,2020-02-09,2025-06-30,66,45,36,"Muni, Nazareth and Taneja",Finance,Small,1,8,0
CUST1754,1066477.9100000001,152353.98714285716,7,2022-02-11,2025-02-25,2021-05-19,2024-06-22,51,161,409,Krish Group,Education,Small,29,3,1
CUST1755,512104.93000000005,85350.82166666667,6,2022-02-07,2025-04-06,2021-12-26,2024-01-16,43,121,567,Pandya Group,Retail,Enterprise,29,2,1
CUST1756,2178269.2600000002,217826.92600000004,10,2022-02-07,2025-02-26,2022-05-24,2025-06-30,38,160,36,Gopal-Bobal,Retail,Mid-Market,1,8,0
CUST1757,1971462.43,328577.07166666666,6,2022-07-19,2024-09-29,2025-01-03,2025-06-30,7,310,36,"Banerjee, Oza and Varma",Finance,Mid-Market,1,8,0
CUST1758,2645621.25,264562.125,10,2022-04-06,2025-07-13,2025-02-12,2025-06-30,5,23,36,Bhatti-Swaminathan,Manufacturing,Enterprise,1,8,0
CUST1759,446733.63999999996,89346.72799999999,5,2022-04-26,2025-02-25,2020-08-07,2023-08-22,60,161,714,"Bose, Raj and Deshmukh",Manufacturing,Small,17,7,0
CUST1760,2261855.67,188487.9725,12,2022-02-12,2025-02-26,2024-12-04,2025-07-08,8,160,28,"Hora, Pathak and Ramakrishnan",Government,Mid-Market,15,10,0
CUST1761,643386.77,71487.41888888889,9,2022-02-27,2024-10-23,2019-02-25,2025-06-30,78,286,36,Batra Ltd,Healthcare,Small,1,8,0
CUST1762,1592063.23,144733.0209090909,11,2022-01-07,2025-06-02,2020-12-09,2025-01-26,56,64,191,"Aggarwal, Magar and Chana",Healthcare,Mid-Market,11,10,0
CUST1763,2472064.81,206005.40083333335,12,2022-10-14,2025-03-21,2020-08-02,2025-06-30,60,137,36,Mammen Inc,Non-Profit,Mid-Market,1,8,0
CUST1764,2150164.74,179180.39500000002,12,2022-03-02,2024-11-17,2020-03-28,2023-08-14,65,261,722,Kale Group,Government,Enterprise,12,4,1
CUST1765,2003986.46,166998.87166666667,12,2022-04-23,2025-07-22,2022-04-18,2023-10-19,40,14,656,Om PLC,Finance,Enterprise,6,4,1
CUST1766,2171173.23,167013.3253846154,13,2022-01-12,2024-10-14,2021-12-13,2025-06-30,44,295,36,Buch PLC,Finance,Mid-Market,1,8,0
CUST1767,1701417.83,154674.34818181818,11,2023-01-12,2025-02-10,2020-12-06,2025-06-30,56,176,36,Bandi-Mander,Finance,Enterprise,1,8,0
CUST1768,532874.02,48443.09272727273,11,2022-06-06,2025-03-05,2022-04-25,2024-03-09,39,153,514,"Parikh, Walla and Subramanian",Finance,Enterprise,32,4,1
CUST1769,464731.17,77455.19499999999,6,2022-04-22,2025-06-26,2022-01-07,2025-06-30,43,40,36,Sagar Ltd,Manufacturing,Small,1,8,0
CUST1770,356092.3,59348.71666666667,6,2022-02-20,2024-12-19,2024-10-15,2025-06-30,9,229,36,Krishna-Raja,Retail,Enterprise,1,8,0
CUST1771,2343398.45,292924.80625,8,2022-04-06,2025-07-05,2024-08-10,2025-06-30,12,31,36,"Gola, Rege and Manda",Education,Mid-Market,1,8,0
CUST1772,743059.58,92882.4475,8,2022-06-16,2025-02-17,2020-11-17,2024-09-20,57,169,319,Parmar Ltd,Tech,Enterprise,14,10,0
CUST1773,713247.98,89155.9975,8,2022-03-13,2025-04-29,2019-03-11,2025-06-30,77,98,36,"Devi, Menon and Oak",Government,Small,1,8,0
CUST1774,1772250.12,177225.01200000002,10,2022-04-05,2024-12-07,2023-10-06,2025-06-30,22,241,36,Kakar-Mane,Finance,Small,1,8,0
CUST1775,1768254.43,176825.443,10,2022-03-02,2025-01-31,2020-06-24,2025-03-15,62,186,143,"More, Doshi and Krishnamurthy",Finance,Enterprise,49,7,0
CUST1776,2626766.3600000003,262676.63600000006,10,2022-02-03,2024-08-19,2025-02-20,2025-02-24,5,351,162,Sahni-Dua,Government,Enterprise,5,6,0
CUST1777,2252883.69,321840.52714285714,7,2022-04-16,2025-04-16,2023-06-24,2025-06-30,25,111,36,Baral Inc,Government,Mid-Market,1,8,0
CUST1778,1425727.3699999999,142572.737,10,2022-06-29,2024-10-10,2021-01-13,2023-10-27,55,299,648,"Kuruvilla, Char and Edwin",Manufacturing,Mid-Market,18,4,1
CUST1779,2174260.81,144950.72066666666,15,2022-01-02,2025-07-03,2020-06-01,2024-03-14,63,33,509,Deep Inc,Finance,Small,9,9,0
CUST1780,1804730.92,164066.44727272727,11,2022-01-11,2024-10-11,2025-03-10,2025-06-30,4,298,36,Nagar-Chaudhari,Manufacturing,Enterprise,1,8,0
CUST1781,917944.9199999999,131134.98857142855,7,2022-11-28,2025-02-17,2023-09-25,2025-06-30,22,169,36,Hora Group,Retail,Enterprise,1,8,0
CUST1782,2906007.13,207571.93785714285,14,2022-01-02,2025-07-07,2023-06-24,2025-06-30,25,29,36,Wadhwa-Jaggi,Finance,Enterprise,1,8,0
CUST1783,254203.38,42367.23,6,2022-11-07,2025-03-25,2019-08-13,2024-08-13,72,133,357,Sama Group,Manufacturing,Enterprise,29,2,1
CUST1784,2779849.08,252713.55272727273,11,2022-05-11,2025-03-20,2023-03-05,2025-06-30,29,138,36,Rastogi-Ahuja,Government,Small,1,8,0
CUST1785,3417028.66,244073.4757142857,14,2022-05-11,2025-06-24,2020-07-14,2025-06-30,61,42,36,Saini-Shanker,Education,Enterprise,1,8,0
CUST1786,1722308.1400000001,143525.67833333334,12,2022-03-21,2025-04-18,2023-01-15,2025-06-30,31,109,36,"Ahluwalia, Choudhury and Wali",Tech,Enterprise,1,8,0
CUST1787,1615626.5,161562.65,10,2022-01-30,2024-07-15,2021-11-12,2024-08-17,45,386,353,Mukherjee Ltd,Government,Small,6,5,0
CUST1788,215900.87000000002,26987.608750000003,8,2022-01-01,2024-10-03,2021-08-05,2023-12-12,48,306,602,Desai LLC,Tech,Mid-Market,40,9,0
CUST1789,1629053.38,148095.7618181818,11,2022-01-31,2025-06-08,2025-02-08,2025-06-30,5,58,36,Sarma and Sons,Finance,Enterprise,1,8,0
CUST1790,951814.29,237953.5725,4,2022-08-23,2024-01-27,2019-02-12,2025-06-30,78,556,36,"Wason, Mohan and Karpe",Tech,Small,1,8,0
CUST1791,1966162.33,122885.145625,16,2022-01-18,2025-06-19,2025-04-23,2024-12-09,3,47,239,Prabhakar-Bhat,Government,Small,19,4,1
CUST1792,2155604.57,215560.457,10,2022-04-04,2025-07-19,2019-05-14,2025-06-30,75,17,36,Dash-Bora,Manufacturing,Small,1,8,0
CUST1793,2045021.06,204502.106,10,2022-01-17,2025-04-22,2021-09-11,2025-06-30,47,105,36,"Ram, Dora and Mital",Tech,Enterprise,1,8,0
CUST1794,1256390.56,157048.82,8,2022-01-12,2024-11-20,2020-10-26,2025-03-26,58,258,132,Gandhi and Sons,Finance,Mid-Market,12,1,0
CUST1795,1666645.28,166664.528,10,2022-01-25,2025-02-15,2023-05-12,2025-06-30,27,171,36,"D’Alia, Kar and Srinivas",Finance,Small,1,8,0
CUST1796,1333120.1199999999,148124.45777777777,9,2022-11-07,2025-07-15,2021-10-07,2024-02-06,46,21,546,Sunder Inc,Manufacturing,Small,7,7,0
CUST1797,1781126.07,178112.60700000002,10,2022-03-28,2025-07-18,2023-08-08,2024-12-23,24,18,225,Sharaf and Sons,Tech,Small,31,9,0
CUST1798,1807500.58,164318.23454545456,11,2022-02-17,2025-05-14,2024-08-15,2025-06-30,11,83,36,Karan-Behl,Education,Small,1,8,0
CUST1799,1140175.33,162882.19,7,2022-12-25,2025-04-09,2024-08-27,2025-06-30,11,118,36,Chaudhuri-Ravi,Tech,Mid-Market,1,8,0
CUST1800,1595837.93,159583.793,10,2022-01-13,2024-11-18,2022-05-09,2025-06-30,39,260,36,Lata-Master,Retail,Mid-Market,1,8,0
CUST1801,1517761.81,168640.20111111112,9,2022-05-26,2025-03-15,2019-11-21,2025-06-30,69,143,36,Wable-Hans,Healthcare,Mid-Market,1,8,0
CUST1802,2881640.65,205831.475,14,2022-04-30,2025-06-11,2020-01-13,2025-06-30,67,55,36,Raghavan LLC,Education,Mid-Market,1,8,0
CUST1803,1339121.53,148791.2811111111,9,2022-01-09,2025-06-29,2023-06-18,2023-12-15,25,37,599,Samra and Sons,Manufacturing,Mid-Market,20,1,1
CUST1804,1272886.02,141431.78,9,2022-04-30,2025-06-19,2021-04-01,2025-06-30,52,47,36,"Hayer, Sarin and Anand",Non-Profit,Enterprise,1,8,0
CUST1805,1231238.21,136804.24555555556,9,2022-04-09,2025-04-09,2021-09-11,2023-11-22,47,118,622,Guha and Sons,Non-Profit,Mid-Market,47,6,0
CUST1806,2908656.29,242388.02416666667,12,2022-01-13,2024-08-30,2023-11-03,2025-06-30,21,340,36,Kaul-Varty,Retail,Mid-Market,1,8,0
CUST1807,1781708.03,178170.803,10,2022-01-02,2025-03-25,2021-04-01,2025-06-30,52,133,36,Agarwal-Bala,Finance,Small,1,8,0
CUST1808,1921085.79,128072.386,15,2022-06-19,2025-06-16,2019-09-26,2024-04-04,71,50,488,Mane LLC,Tech,Enterprise,42,5,1
CUST1809,880413.26,110051.6575,8,2022-02-10,2025-06-22,2024-04-01,2024-07-29,16,44,372,Bath Group,Finance,Mid-Market,24,2,1
CUST1810,3472708.4699999997,289392.3725,12,2022-03-21,2025-06-19,2025-05-12,2025-06-30,2,47,36,Dutt-Pillay,Tech,Small,1,8,0
CUST1811,1097397.15,109739.715,10,2022-01-23,2025-02-27,2021-11-24,2025-06-30,45,159,36,Naidu Group,Retail,Mid-Market,1,8,0
CUST1812,1020711.49,204142.298,5,2024-04-06,2025-06-15,2019-11-21,2025-07-06,69,51,30,Dubey LLC,Education,Mid-Market,5,1,0
CUST1813,864336.88,108042.11,8,2022-02-28,2024-09-26,2021-06-16,2025-06-30,50,313,36,"Viswanathan, Mitra and Seth",Finance,Small,1,8,0
CUST1814,1837276.05,141328.9269230769,13,2022-01-04,2025-05-02,2021-07-07,2025-01-01,49,95,216,"Rai, Mukherjee and Walla",Education,Enterprise,3,2,1
CUST1815,2235896.98,171992.0753846154,13,2022-01-16,2025-01-04,2020-08-14,2025-06-30,60,213,36,Chad-Bora,Education,Small,1,8,0
CUST1816,2790094.49,253644.95363636364,11,2022-03-30,2025-01-24,2022-04-12,2025-05-13,40,193,84,Kara Ltd,Finance,Enterprise,7,6,0
CUST1817,1013830.15,126728.76875,8,2022-05-14,2025-03-31,2024-10-24,2025-06-30,9,127,36,"Mahal, Pillay and Bala",Tech,Mid-Market,1,8,0
CUST1818,1433690.3900000001,159298.93222222224,9,2022-01-20,2024-07-29,2024-03-26,2025-07-19,16,372,17,Zachariah Inc,Finance,Small,10,2,0
CUST1819,558453.56,93075.59333333334,6,2022-03-01,2025-07-12,2024-01-13,2025-06-30,19,24,36,"Srivastava, Kala and Chowdhury",Retail,Mid-Market,1,8,0
CUST1820,989491.54,98949.15400000001,10,2022-04-01,2024-07-23,2022-10-08,2025-06-30,34,378,36,Kamdar-D’Alia,Finance,Enterprise,1,8,0
CUST1821,2196175.07,199652.27909090908,11,2022-02-23,2024-12-15,2023-09-17,2025-06-27,22,233,39,Rau PLC,Government,Small,3,10,0
CUST1822,1544572.67,110326.61928571427,14,2022-04-30,2025-01-07,2020-02-20,2025-06-30,66,210,36,"Mody, Hans and Bath",Non-Profit,Enterprise,1,8,0
CUST1823,785074.6699999999,71370.42454545455,11,2022-01-20,2025-05-16,2019-02-14,2025-02-13,78,81,173,Sodhi Inc,Non-Profit,Mid-Market,0,3,0
CUST1824,1100610.37,157230.05285714287,7,2022-03-01,2024-05-08,2022-01-11,2023-10-17,43,454,658,"Kalita, Pant and Naik",Non-Profit,Mid-Market,7,6,0
CUST1825,878316.58,97590.7311111111,9,2022-06-19,2025-07-24,2025-06-14,2025-06-30,1,12,36,Loke Inc,Tech,Enterprise,1,8,0
CUST1826,901647.05,100183.00555555556,9,2022-09-04,2025-06-07,2019-03-04,2025-06-30,78,59,36,Uppal Group,Manufacturing,Enterprise,1,8,0
CUST1827,1131699.1,226339.82,5,2023-04-23,2025-02-12,2020-02-08,2025-06-30,66,174,36,Ramaswamy PLC,Manufacturing,Enterprise,1,8,0
CUST1828,799296.6799999999,72663.33454545453,11,2022-01-30,2025-05-09,2025-06-05,2025-07-04,2,88,32,"More, Bhatt and Bora",Non-Profit,Mid-Market,24,6,0
CUST1829,1009799.62,100979.962,10,2022-04-06,2025-05-11,2024-04-17,2025-06-30,15,86,36,Rajagopalan-Vora,Education,Small,1,8,0
CUST1830,2048913.8800000001,256114.23500000002,8,2022-01-30,2024-01-09,2022-09-27,2024-10-11,34,574,298,"Issac, Choudhary and Doshi",Tech,Enterprise,26,5,0
CUST1831,2966406.61,197760.44066666666,15,2022-02-19,2024-12-02,2024-02-07,2025-06-30,18,246,36,"Dalal, Virk and Dhawan",Finance,Small,1,8,0
CUST1832,2034816.27,254352.03375,8,2022-03-02,2025-05-02,2021-06-30,2025-06-30,49,95,36,"Parsa, Sarna and Ratta",Education,Small,1,8,0
CUST1833,1371151.9200000002,137115.192,10,2022-07-20,2025-03-07,2025-06-27,2025-06-28,1,151,38,Bajaj-Mallick,Education,Enterprise,6,10,0
CUST1834,1264325.42,180617.91714285713,7,2022-01-07,2025-01-13,2022-06-15,2024-10-10,38,204,299,Chaudhry and Sons,Tech,Mid-Market,8,7,0
CUST1835,1117940.8,124215.64444444445,9,2022-03-18,2024-10-26,2019-02-28,2025-06-30,78,283,36,Vala-Sodhi,Education,Mid-Market,1,8,0
CUST1836,1860215.02,155017.91833333333,12,2022-06-16,2025-06-26,2023-09-28,2024-07-03,22,40,398,Prabhu Inc,Education,Mid-Market,46,6,0
CUST1837,2672036.99,133601.8495,20,2022-03-08,2025-06-13,2020-04-08,2025-06-30,64,53,36,Prasad Inc,Tech,Mid-Market,1,8,0
CUST1838,591788.32,45522.17846153846,13,2022-07-14,2025-05-23,2024-07-24,2025-02-01,12,74,185,"Bhatt, Mistry and Merchant",Finance,Small,31,7,0
CUST1839,2069097.81,229899.75666666668,9,2022-02-28,2025-06-24,2024-04-21,2025-03-21,15,42,137,Wali-Badami,Retail,Enterprise,32,10,0
CUST1840,1442134.95,120177.91249999999,12,2022-06-16,2025-05-15,2022-08-25,2025-06-30,35,82,36,"Zachariah, Natt and Mody",Tech,Enterprise,1,8,0
CUST1841,965823.1,160970.51666666666,6,2022-06-27,2024-07-06,2024-06-28,2025-04-22,13,395,105,"Tailor, Reddy and Dhingra",Tech,Small,14,10,0
CUST1842,1789290.1800000002,255612.8828571429,7,2022-04-23,2025-03-23,2023-03-04,2025-06-30,29,135,36,"Mammen, Mand and Vaidya",Non-Profit,Mid-Market,1,8,0
CUST1843,1801030.58,128645.04142857144,14,2022-01-07,2025-03-15,2020-12-08,2025-06-30,56,143,36,"Bajaj, Pillay and Babu",Education,Small,1,8,0
CUST1844,2658767.59,265876.75899999996,10,2022-10-07,2025-04-19,2019-10-16,2025-06-30,70,108,36,"Balan, Mangat and Prakash",Education,Mid-Market,1,8,0
CUST1845,3345260.97,371695.66333333333,9,2022-07-25,2025-06-20,2019-06-23,2025-06-30,74,46,36,Gandhi-Krishnamurthy,Non-Profit,Small,1,8,0
CUST1846,1215604.33,101300.36083333334,12,2022-01-11,2025-03-04,2020-01-21,2025-06-30,67,154,36,Lad Inc,Education,Enterprise,1,8,0
CUST1847,1976758.23,131783.882,15,2022-02-16,2025-05-29,2019-04-23,2025-06-30,76,68,36,Walia LLC,Education,Enterprise,1,8,0
CUST1848,1469926.25,163325.13888888888,9,2022-02-19,2025-01-24,2025-01-05,2025-06-30,7,193,36,Lall Group,Non-Profit,Enterprise,1,8,0
CUST1849,696638.49,116106.415,6,2022-02-07,2025-02-09,2019-05-23,2025-05-27,75,177,70,"Bora, Basak and Sandal",Education,Enterprise,16,2,0
CUST1850,2810777.15,281077.71499999997,10,2022-01-02,2024-10-07,2021-07-12,2025-06-30,49,302,36,Mall-Bhatti,Retail,Mid-Market,1,8,0
CUST1851,1629636.69,135803.0575,12,2022-03-14,2025-01-30,2020-11-18,2025-07-17,57,187,19,Bhagat-Sandhu,Non-Profit,Mid-Market,31,1,0
CUST1852,2966814.89,174518.5229411765,17,2022-03-17,2025-07-23,2025-01-04,2025-03-30,7,13,128,Krishna Ltd,Tech,Small,8,7,0
CUST1853,1319073.3599999999,119915.76,11,2022-08-19,2025-05-02,2021-04-15,2024-11-19,52,95,259,Som-Kari,Manufacturing,Mid-Market,6,10,0
CUST1854,910732.38,91073.238,10,2022-10-06,2025-01-27,2022-11-27,2025-06-30,32,190,36,Hans-Lall,Government,Small,1,8,0
CUST1855,3029186.78,275380.61636363633,11,2022-11-29,2025-07-02,2024-10-15,2024-07-29,9,34,372,Mittal LLC,Finance,Mid-Market,25,4,1
CUST1856,2139595.62,237732.84666666668,9,2022-09-21,2025-06-12,2019-10-17,2025-06-30,70,54,36,"Luthra, Sagar and Suri",Education,Mid-Market,1,8,0
CUST1857,2675016.29,178334.41933333332,15,2022-02-14,2025-03-31,2022-12-18,2025-06-30,32,127,36,Manda-Radhakrishnan,Tech,Mid-Market,1,8,0
CUST1858,2077581.21,173131.7675,12,2022-01-11,2025-06-21,2022-06-21,2023-09-13,38,45,692,Narayanan and Sons,Education,Mid-Market,3,10,0
CUST1859,1559858.71,173317.63444444444,9,2022-03-23,2025-01-06,2020-06-03,2025-06-30,62,211,36,Rai-Pall,Government,Small,1,8,0
CUST1860,2392567.4,217506.12727272726,11,2022-01-05,2025-06-03,2024-10-08,2025-06-30,10,63,36,"Dugal, Batra and Bains",Tech,Small,1,8,0
CUST1861,1323638.18,110303.18166666666,12,2022-05-11,2025-01-13,2025-07-22,2025-07-24,0,204,12,Munshi-Mani,Retail,Enterprise,29,8,0
CUST1862,1275032.11,141670.23444444445,9,2022-08-09,2025-03-31,2024-09-26,2025-04-08,10,127,119,Tandon-Aurora,Non-Profit,Mid-Market,14,5,0
CUST1863,1295612.24,117782.93090909091,11,2022-01-08,2024-06-24,2024-05-03,2025-04-28,15,407,99,Patel LLC,Healthcare,Small,29,5,0
CUST1864,1225680.61,136186.73444444445,9,2022-08-27,2025-05-13,2024-08-13,2025-04-04,11,84,123,"Mukherjee, Brahmbhatt and Vyas",Finance,Enterprise,38,8,0
CUST1865,2297782.74,164127.33857142858,14,2022-01-20,2025-04-18,2023-05-14,2025-06-30,27,109,36,Konda-Ramachandran,Finance,Enterprise,1,8,0
CUST1866,3033952.78,252829.39833333332,12,2022-04-13,2025-03-15,2019-02-08,2025-06-30,79,143,36,Krishnan PLC,Government,Mid-Market,1,8,0
CUST1867,3128204.0500000003,312820.405,10,2022-10-08,2024-10-25,2019-12-24,2023-10-13,68,284,662,Sastry LLC,Healthcare,Mid-Market,15,8,0
CUST1868,3933054.29,327754.52416666667,12,2022-01-14,2025-07-18,2021-10-22,2023-09-02,46,18,703,Bhargava-Mitra,Healthcare,Mid-Market,15,2,1
CUST1869,1488274.29,135297.66272727272,11,2022-03-12,2025-07-23,2021-05-13,2024-09-27,51,13,312,Mahal-Hayer,Non-Profit,Enterprise,26,4,1
CUST1870,2380577.96,198381.49666666667,12,2022-03-11,2025-06-26,2021-05-23,2025-06-30,51,40,36,"Ravi, Sunder and Sahota",Government,Mid-Market,1,8,0
CUST1871,1497802.69,213971.81285714285,7,2022-01-18,2025-07-01,2025-01-21,2025-06-23,6,35,43,"Apte, Tandon and Sengupta",Retail,Enterprise,9,5,0
CUST1872,1979735.38,219970.59777777776,9,2022-01-05,2025-07-20,2019-06-30,2025-06-30,74,16,36,Munshi-Jani,Education,Mid-Market,1,8,0
CUST1873,2971360.71,185710.044375,16,2022-02-25,2025-07-05,2024-01-27,2025-06-30,18,31,36,Mann-Soni,Manufacturing,Mid-Market,1,8,0
CUST1874,4231184.24,302227.4457142857,14,2022-02-13,2025-06-02,2023-04-11,2025-06-30,28,64,36,Dutt-Kade,Education,Mid-Market,1,8,0
CUST1875,411140.12,102785.03,4,2023-03-15,2024-09-22,2020-08-18,2025-06-30,60,317,36,"Puri, Pall and Krishna",Education,Enterprise,1,8,0
CUST1876,1495954.78,166217.1977777778,9,2022-01-08,2025-07-07,2019-09-17,2025-07-20,71,29,16,Dass-Chandra,Manufacturing,Small,50,2,0
CUST1877,1123424.8499999999,102129.5318181818,11,2022-03-06,2025-01-29,2023-12-27,2025-05-26,19,188,71,Agarwal LLC,Retail,Small,34,8,0
CUST1878,1107192.44,158170.34857142856,7,2022-08-26,2025-05-10,2021-05-29,2024-11-19,50,87,259,Aurora LLC,Healthcare,Small,41,4,1
CUST1879,3156753.93,210450.26200000002,15,2022-01-25,2025-03-23,2020-07-14,2025-06-30,61,135,36,Bahri Inc,Manufacturing,Mid-Market,1,8,0
CUST1880,429757.43999999994,47750.82666666666,9,2022-10-06,2025-05-30,2021-07-27,2025-06-30,49,67,36,Bir LLC,Government,Mid-Market,1,8,0
CUST1881,1118477.47,186412.91166666665,6,2022-01-11,2025-01-10,2020-02-02,2025-07-03,67,207,33,"Jhaveri, Krish and Krishna",Tech,Mid-Market,40,4,0
CUST1882,1324975.83,132497.583,10,2022-02-24,2024-12-14,2020-07-23,2025-06-30,61,234,36,Sha Group,Government,Mid-Market,1,8,0
CUST1883,1589378.21,176597.57888888888,9,2022-02-28,2024-10-27,2019-04-28,2025-02-07,76,282,179,Khurana LLC,Healthcare,Enterprise,31,5,0
CUST1884,1356510.3,150723.36666666667,9,2022-02-22,2025-04-15,2019-09-27,2024-10-30,71,112,279,Mody Inc,Retail,Mid-Market,8,9,0
CUST1885,908682.36,129811.7657142857,7,2022-02-14,2025-03-04,2021-02-11,2025-06-30,54,154,36,Raval Ltd,Non-Profit,Enterprise,1,8,0
CUST1886,1061521.3,70768.08666666667,15,2022-04-15,2025-04-03,2020-06-18,2024-10-01,62,124,308,"Kumer, Kuruvilla and Kaul",Retail,Enterprise,2,6,0
CUST1887,2152939.68,215293.96800000002,10,2022-07-26,2025-05-01,2019-10-12,2025-06-30,70,96,36,Bakshi LLC,Manufacturing,Small,1,8,0
CUST1888,1610713.25,146428.47727272726,11,2022-01-15,2025-04-22,2021-02-06,2025-06-30,54,105,36,Raman Group,Manufacturing,Enterprise,1,8,0
CUST1889,2821077.14,313453.0155555556,9,2022-06-05,2025-07-08,2024-11-13,2025-06-30,8,28,36,Shukla PLC,Education,Small,1,8,0
CUST1890,1586151.77,158615.177,10,2022-03-04,2024-07-15,2023-03-08,2025-06-30,29,386,36,Acharya-Kota,Non-Profit,Enterprise,1,8,0
CUST1891,1204602.82,133844.7577777778,9,2022-01-02,2025-06-10,2025-06-01,2025-07-21,2,56,15,Kibe-Lad,Healthcare,Mid-Market,21,5,0
CUST1892,2392611.95,149538.246875,16,2022-01-28,2025-06-15,2024-06-13,2025-06-30,13,51,36,Kanda-Bhavsar,Finance,Enterprise,1,8,0
CUST1893,3132082.51,174004.58388888888,18,2022-02-06,2025-05-21,2019-05-02,2025-06-30,76,76,36,Som-Taneja,Healthcare,Mid-Market,1,8,0
CUST1894,1678276.99,186475.2211111111,9,2022-02-03,2025-06-13,2024-05-16,2025-03-05,14,53,153,"Hora, Korpal and Saini",Government,Small,8,4,0
CUST1895,4020273.05,251267.065625,16,2022-03-18,2025-06-13,2022-02-24,2025-06-30,41,53,36,"Baral, Gera and Sibal",Finance,Enterprise,1,8,0
CUST1896,2347539.8,260837.75555555554,9,2022-03-01,2025-04-16,2024-08-28,2025-06-30,11,111,36,"Bhatnagar, Chad and Bath",Tech,Small,1,8,0
CUST1897,2291710.9699999997,254634.5522222222,9,2023-07-10,2025-05-10,2023-12-05,2025-06-30,20,87,36,Saxena Inc,Manufacturing,Small,1,8,0
CUST1898,447889.14,63984.16285714286,7,2022-05-15,2025-02-28,2023-02-24,2025-06-30,29,158,36,"Mitra, Raval and Goyal",Education,Small,1,8,0
CUST1899,1464912.58,146491.258,10,2022-06-16,2025-01-28,2023-07-25,2025-06-30,24,189,36,Balasubramanian-Mander,Non-Profit,Enterprise,1,8,0
CUST1900,1168535.05,166933.57857142857,7,2022-03-11,2023-12-12,2021-07-12,2025-06-30,49,602,36,Deshmukh Group,Tech,Mid-Market,1,8,0
CUST1901,1674292.52,186032.50222222222,9,2022-06-24,2025-06-10,2023-12-06,2024-10-10,20,56,299,Narasimhan and Sons,Education,Small,5,6,0
CUST1902,3703203.7,284861.8230769231,13,2022-02-02,2025-05-30,2021-05-05,2024-12-31,51,67,217,Soman LLC,Retail,Small,8,6,0
CUST1903,2149794.55,179149.5458333333,12,2022-01-25,2025-05-14,2022-05-27,2025-06-30,38,83,36,Ratta Group,Finance,Enterprise,1,8,0
CUST1904,3989553.1500000004,284968.0821428572,14,2022-02-02,2025-06-26,2025-07-10,2025-06-30,0,40,36,Shere-Kumar,Retail,Mid-Market,1,8,0
CUST1905,2593354.57,199488.81307692308,13,2022-03-09,2025-06-14,2025-03-08,2024-09-05,5,52,334,Pant PLC,Government,Mid-Market,17,2,1
CUST1906,938693.62,134099.08857142858,7,2022-01-18,2025-05-22,2022-10-25,2025-06-30,33,75,36,Chaudhuri-Aurora,Government,Enterprise,1,8,0
CUST1907,2338840.09,292355.01125,8,2022-02-27,2025-07-08,2024-02-22,2025-06-30,17,28,36,"Magar, Narayan and Thakur",Manufacturing,Small,1,8,0
CUST1908,853766.06,213441.515,4,2022-01-23,2024-09-24,2021-11-25,2024-07-02,44,315,399,Gulati-Shukla,Manufacturing,Mid-Market,25,6,0
CUST1909,2567141.7,171142.78,15,2022-03-05,2025-06-05,2019-03-11,2025-06-30,77,61,36,Vora and Sons,Government,Small,1,8,0
CUST1910,954427.95,95442.795,10,2022-06-22,2024-08-13,2021-07-30,2024-12-11,48,357,237,"Sodhi, Kanda and Subramaniam",Healthcare,Enterprise,30,5,0
CUST1911,1819511.25,181951.125,10,2022-04-05,2025-03-05,2019-01-13,2025-06-30,79,153,36,"Bose, Nigam and Minhas",Manufacturing,Enterprise,1,8,0
CUST1912,597246.44,99541.07333333332,6,2022-05-23,2025-07-20,2021-12-22,2025-06-30,44,16,36,"Barad, Krishnamurthy and Sant",Retail,Enterprise,1,8,0
CUST1913,1598282.69,159828.269,10,2022-01-30,2025-03-31,2025-04-28,2025-06-30,3,127,36,Divan Inc,Tech,Enterprise,1,8,0
CUST1914,1346779.36,122434.48727272729,11,2022-05-20,2025-05-30,2025-07-19,2025-06-30,0,67,36,Sani-Tank,Finance,Small,1,8,0
CUST1915,1501442.69,93840.168125,16,2022-01-23,2025-07-04,2021-01-06,2025-06-30,55,32,36,Bal Ltd,Healthcare,Enterprise,1,8,0
CUST1916,809524.1799999999,73593.10727272727,11,2022-11-09,2025-07-21,2024-03-14,2025-06-30,16,15,36,"Iyengar, Chaudhari and Thaker",Healthcare,Enterprise,1,8,0
CUST1917,965605.89,160934.315,6,2022-11-15,2025-06-07,2024-09-27,2025-06-30,10,59,36,Barman-Bumb,Tech,Mid-Market,1,8,0
CUST1918,1031596.85,171932.80833333332,6,2023-03-21,2025-02-27,2025-05-31,2025-06-19,2,159,47,"Shah, Bobal and Sarma",Education,Small,40,7,0
CUST1919,1293750.3599999999,215625.05999999997,6,2022-07-15,2025-03-28,2023-06-04,2025-06-30,26,130,36,Pathak Inc,Non-Profit,Enterprise,1,8,0
CUST1920,1058953.71,96268.51909090909,11,2022-03-16,2025-07-13,2025-06-14,2025-06-30,1,23,36,Pau-Wali,Manufacturing,Small,1,8,0
CUST1921,1538850.21,153885.021,10,2022-04-22,2025-06-17,2021-06-13,2025-06-30,50,49,36,Khosla-Dara,Manufacturing,Enterprise,1,8,0
CUST1922,689652.16,76628.01777777779,9,2022-01-26,2024-12-06,2020-03-16,2025-06-30,65,242,36,Ben LLC,Manufacturing,Enterprise,1,8,0
CUST1923,2697011.0,269701.1,10,2022-02-25,2025-02-23,2021-05-14,2024-12-08,51,163,240,Mukherjee PLC,Healthcare,Mid-Market,34,3,1
CUST1924,1996316.13,285188.01857142855,7,2022-03-28,2025-04-30,2024-08-21,2025-03-08,11,97,150,Balan-Dar,Non-Profit,Small,37,10,0
CUST1925,2164705.4,240522.82222222222,9,2022-03-07,2025-06-22,2024-04-22,2025-06-30,15,44,36,Balakrishnan-Rastogi,Education,Enterprise,1,8,0
CUST1926,638569.87,70952.20777777777,9,2022-02-04,2025-05-09,2024-03-02,2025-06-30,17,88,36,"Sen, Sidhu and Cheema",Non-Profit,Enterprise,1,8,0
CUST1927,962477.23,80206.43583333334,12,2022-03-21,2025-01-04,2024-01-11,2025-06-30,19,213,36,"Borah, Saran and Hegde",Government,Mid-Market,1,8,0
CUST1928,2690845.26,206988.0969230769,13,2022-03-18,2025-05-09,2020-09-09,2025-06-30,59,88,36,"Sridhar, Sami and Chatterjee",Retail,Small,1,8,0
CUST1929,846865.4299999999,94096.15888888888,9,2022-05-13,2025-06-24,2021-03-21,2025-06-30,53,42,36,Varty LLC,Manufacturing,Small,1,8,0
CUST1930,2003469.38,222607.70888888888,9,2022-04-19,2025-01-02,2022-09-06,2025-06-30,35,215,36,Pandey-Grover,Finance,Enterprise,1,8,0
CUST1931,2121712.37,151550.88357142857,14,2022-04-05,2025-05-27,2020-02-29,2025-06-30,66,70,36,Sengupta PLC,Government,Mid-Market,1,8,0
CUST1932,2560202.67,320025.33375,8,2022-06-30,2025-04-10,2020-09-25,2025-06-30,59,117,36,Cherian-Dhar,Government,Enterprise,1,8,0
CUST1933,1789459.73,178945.973,10,2023-06-27,2025-04-23,2021-01-17,2025-06-30,55,104,36,Raval-Bal,Education,Mid-Market,1,8,0
CUST1934,1019684.5800000001,113298.28666666668,9,2022-02-06,2025-05-17,2021-07-10,2025-06-30,49,80,36,Ray PLC,Government,Mid-Market,1,8,0
CUST1935,1388125.56,138812.556,10,2022-04-12,2025-03-11,2024-03-21,2024-04-27,16,147,465,"Thaman, Karnik and Subramanian",Healthcare,Mid-Market,16,2,0
CUST1936,1363567.96,194795.42285714284,7,2022-03-10,2025-06-24,2023-01-06,2025-06-30,31,42,36,"Kumar, Kohli and Dyal",Government,Enterprise,1,8,0
CUST1937,351764.57999999996,58627.42999999999,6,2022-07-20,2024-08-27,2020-04-11,2025-06-30,64,343,36,Agarwal Inc,Retail,Enterprise,1,8,0
CUST1938,2056931.63,257116.45375,8,2022-08-27,2025-02-21,2022-05-24,2024-12-03,38,165,245,Bahl-Dua,Manufacturing,Small,13,8,0
CUST1939,2291628.04,176279.08000000002,13,2022-07-04,2025-07-16,2022-08-17,2025-06-30,36,20,36,Mitter-Virk,Government,Small,1,8,0
CUST1940,1211246.26,86517.59,14,2022-01-10,2025-06-22,2022-08-06,2025-06-30,36,44,36,Mitra PLC,Finance,Mid-Market,1,8,0
CUST1941,1163207.6400000001,145400.95500000002,8,2022-01-09,2025-07-20,2019-12-13,2025-06-30,68,16,36,"Bhakta, Hayer and Sahota",Non-Profit,Enterprise,1,8,0
CUST1942,1476138.57,134194.41545454547,11,2022-11-09,2025-06-18,2022-04-01,2025-07-22,40,48,14,Khurana-Chaudhry,Non-Profit,Small,2,3,0
CUST1943,950687.86,237671.965,4,2023-03-01,2024-06-08,2020-04-24,2025-03-30,64,423,128,"Kulkarni, Sule and Chana",Finance,Enterprise,13,10,0
CUST1944,832064.37,69338.6975,12,2022-02-20,2025-06-02,2021-03-01,2025-06-30,53,64,36,"Sastry, Contractor and Bhavsar",Education,Small,1,8,0
CUST1945,567135.08,94522.51333333332,6,2022-01-28,2025-06-16,2024-07-09,2025-07-04,13,50,32,"Sachar, Sridhar and Sarkar",Non-Profit,Enterprise,22,5,0
CUST1946,1538273.99,170919.33222222223,9,2022-03-02,2025-07-05,2022-05-09,2025-06-30,39,31,36,Suri Ltd,Tech,Enterprise,1,8,0
CUST1947,2850641.17,167684.77470588236,17,2022-01-23,2025-07-06,2023-10-01,2023-11-23,22,30,621,Subramanian PLC,Non-Profit,Small,46,1,1
CUST1948,1820631.16,182063.11599999998,10,2022-01-19,2025-01-17,2024-05-06,2025-04-01,15,200,126,Padmanabhan-Halder,Healthcare,Mid-Market,26,6,0
CUST1949,1940954.04,242619.255,8,2022-06-25,2025-07-02,2020-08-22,2024-09-09,60,34,330,"Pillai, Dhaliwal and Baral",Manufacturing,Small,28,3,1
CUST1950,793756.72,113393.81714285714,7,2022-09-16,2024-01-07,2020-04-02,2025-06-30,65,576,36,Lad LLC,Government,Small,1,8,0
CUST1951,2109471.61,191770.14636363636,11,2022-06-16,2025-04-08,2019-01-21,2025-06-30,79,119,36,"Desai, Dass and Nayak",Manufacturing,Small,1,8,0
CUST1952,1935028.83,148848.37153846154,13,2022-04-01,2025-05-10,2021-11-28,2024-06-23,44,87,408,"Verma, Dora and Warrior",Non-Profit,Enterprise,26,1,1
CUST1953,1605647.89,145967.99,11,2022-02-16,2025-01-26,2022-07-03,2025-06-30,37,191,36,"Bhalla, Naik and Srinivasan",Tech,Small,1,8,0
CUST1954,1090884.8699999999,109088.487,10,2022-01-18,2025-04-07,2021-06-12,2025-06-30,50,120,36,Wable LLC,Retail,Enterprise,1,8,0
CUST1955,851702.21,170340.44199999998,5,2022-05-03,2024-09-13,2021-07-05,2025-06-30,49,326,36,"Morar, Kara and Ranganathan",Non-Profit,Enterprise,1,8,0
CUST1956,501486.05,125371.5125,4,2023-01-14,2024-07-21,2019-05-13,2025-06-30,75,380,36,Ganesh-Shere,Non-Profit,Enterprise,1,8,0
CUST1957,2015736.03,201573.603,10,2022-07-19,2025-02-25,2019-07-18,2025-06-30,73,161,36,"Venkatesh, Dyal and Narayan",Government,Mid-Market,1,8,0
CUST1958,1708785.26,170878.526,10,2022-06-12,2024-07-26,2025-01-20,2025-02-05,6,375,181,Pandya-Gala,Tech,Mid-Market,48,2,0
CUST1959,1250198.96,89299.92571428571,14,2022-01-09,2025-04-22,2019-12-19,2024-10-05,68,105,304,Deshmukh-Mohanty,Healthcare,Enterprise,43,8,0
CUST1960,1158735.9,105339.62727272726,11,2022-09-06,2025-03-30,2022-05-03,2023-09-27,39,128,678,Balay-Parmar,Education,Enterprise,45,3,1
CUST1961,2606927.56,217243.96333333335,12,2022-10-27,2025-06-08,2020-06-07,2023-09-14,62,58,691,"Kapoor, Garde and Madan",Non-Profit,Small,34,7,0
CUST1962,2490304.07,191561.85153846152,13,2022-03-18,2025-06-12,2020-07-11,2025-06-30,61,54,36,Bera-Sunder,Manufacturing,Small,1,8,0
CUST1963,1151690.18,127965.57555555555,9,2023-01-16,2025-07-15,2021-04-21,2025-06-30,52,21,36,Chander-Bassi,Non-Profit,Enterprise,1,8,0
CUST1964,1897063.04,189706.304,10,2022-01-11,2025-07-08,2022-12-01,2025-06-03,32,28,63,Kibe and Sons,Retail,Mid-Market,17,3,0
CUST1965,691085.1699999999,76787.2411111111,9,2022-01-04,2025-04-19,2023-02-18,2024-12-21,29,108,227,Sachar Ltd,Government,Mid-Market,40,8,0
CUST1966,2376574.5,216052.22727272726,11,2022-03-25,2024-05-26,2024-04-21,2024-12-05,15,436,243,"Thakur, Comar and Seshadri",Tech,Small,10,3,1
CUST1967,1746289.58,194032.17555555556,9,2022-06-02,2025-07-12,2025-06-28,2025-07-03,1,24,33,"Badami, Jain and Saran",Retail,Mid-Market,28,9,0
CUST1968,1997936.32,166494.69333333333,12,2022-01-24,2024-08-02,2025-02-02,2024-09-22,6,368,317,Mukherjee-Chaudhry,Non-Profit,Small,6,3,1
CUST1969,1046202.12,149457.4457142857,7,2022-04-03,2024-12-13,2020-01-25,2023-10-14,67,235,661,Upadhyay Group,Government,Enterprise,20,4,1
CUST1970,1541575.05,220225.00714285715,7,2022-02-01,2025-01-25,2019-12-05,2025-06-30,69,192,36,"Tripathi, Sodhi and Dhaliwal",Non-Profit,Mid-Market,1,8,0
CUST1971,3183074.4899999998,212204.966,15,2022-02-23,2025-06-10,2021-11-19,2025-06-30,45,56,36,Seshadri LLC,Non-Profit,Enterprise,1,8,0
CUST1972,967965.69,80663.8075,12,2022-01-15,2025-06-22,2019-07-20,2024-05-25,73,44,437,Goda Ltd,Healthcare,Mid-Market,20,6,0
CUST1973,1924822.56,274974.65142857144,7,2022-03-02,2025-01-21,2020-05-26,2025-06-30,63,196,36,"Ghose, Parsa and Mistry",Finance,Mid-Market,1,8,0
CUST1974,1549150.29,110653.59214285715,14,2022-05-09,2024-11-27,2024-12-08,2025-06-30,8,251,36,"Yadav, Tella and Sodhi",Government,Enterprise,1,8,0
CUST1975,1622563.8699999999,180284.87444444443,9,2022-08-20,2025-01-17,2021-01-17,2025-01-02,55,200,215,Desai PLC,Tech,Mid-Market,45,3,1
CUST1976,1096625.9500000002,99693.2681818182,11,2022-03-26,2025-03-06,2021-08-07,2024-08-07,48,152,363,Grewal-Cherian,Tech,Small,24,5,1
CUST1977,1269561.39,141062.37666666665,9,2022-07-31,2024-12-31,2021-01-07,2025-06-30,55,217,36,Kothari Ltd,Finance,Enterprise,1,8,0
CUST1978,1080323.79,180053.965,6,2022-07-23,2025-06-08,2019-05-30,2025-06-30,75,58,36,Parmer LLC,Education,Enterprise,1,8,0
CUST1979,150709.2,37677.3,4,2022-03-16,2024-05-31,2021-04-15,2025-06-30,52,431,36,Ganguly-Bala,Tech,Enterprise,1,8,0
CUST1980,670493.4,95784.77142857143,7,2022-02-27,2025-03-27,2019-05-19,2025-06-30,75,131,36,Ratta Inc,Retail,Mid-Market,1,8,0
CUST1981,677746.5599999999,169436.63999999998,4,2023-07-16,2025-04-30,2024-11-07,2025-01-16,9,97,201,Dash-Mohan,Manufacturing,Enterprise,14,3,1
CUST1982,1314210.0,131421.0,10,2022-02-07,2025-05-18,2021-02-10,2025-06-30,54,79,36,Mandal-Badami,Education,Small,1,8,0
CUST1983,2384114.69,140242.04058823528,17,2022-02-12,2025-07-18,2020-05-21,2025-06-30,63,18,36,Swamy Ltd,Government,Small,1,8,0
CUST1984,1333417.24,102570.55692307692,13,2022-10-17,2025-06-21,2022-02-24,2025-04-26,41,45,101,"Nanda, Golla and Mutti",Manufacturing,Mid-Market,2,10,0
CUST1985,1890110.28,94505.514,20,2022-01-04,2025-05-21,2019-04-17,2025-06-30,76,76,36,Pau-Thaker,Education,Enterprise,1,8,0
CUST1986,1261082.16,114643.83272727272,11,2022-02-26,2025-05-10,2019-02-03,2023-12-05,79,87,609,Trivedi Group,Retail,Small,44,2,1
CUST1987,386998.01,128999.33666666667,3,2022-10-23,2024-01-19,2019-02-20,2025-06-30,78,564,36,Goel PLC,Healthcare,Small,1,8,0
CUST1988,1242723.62,177531.94571428574,7,2022-09-08,2025-05-02,2021-09-03,2024-12-04,47,95,244,"Acharya, Salvi and Agrawal",Education,Enterprise,23,2,1
CUST1989,2303716.58,209428.78,11,2022-02-08,2025-04-17,2022-07-13,2025-06-30,37,110,36,Varty-Vasa,Finance,Enterprise,1,8,0
CUST1990,2514778.32,314347.29,8,2022-08-27,2025-05-13,2022-05-17,2025-06-30,39,84,36,"Krishna, Sampath and Mammen",Healthcare,Small,1,8,0
CUST1991,1095861.17,136982.64625,8,2022-07-04,2024-12-15,2024-07-29,2024-11-16,12,233,262,"Chaudhari, Babu and Sharaf",Education,Small,31,3,1
CUST1992,643561.8999999999,107260.31666666665,6,2022-01-06,2025-05-06,2021-12-21,2025-06-30,44,91,36,Bandi-Butala,Education,Small,1,8,0
CUST1993,1443499.52,180437.44,8,2022-09-13,2025-03-30,2023-02-20,2024-03-12,29,128,511,Kohli-Lata,Manufacturing,Enterprise,33,5,1
CUST1994,950641.03,237660.2575,4,2023-05-13,2024-06-26,2021-04-26,2024-07-04,52,405,397,Chopra LLC,Retail,Mid-Market,9,6,0
CUST1995,3231697.0,201981.0625,16,2022-07-16,2024-12-28,2020-07-03,2024-12-31,61,220,217,Mukherjee-Pau,Manufacturing,Enterprise,14,3,1
CUST1996,2447629.36,143978.1976470588,17,2022-04-03,2025-07-06,2023-05-15,2023-10-21,27,30,654,Rege-Jha,Retail,Small,10,7,0
CUST1997,3241423.94,216094.92933333333,15,2022-02-16,2025-02-25,2024-02-27,2024-10-07,17,161,302,Reddy-Yohannan,Healthcare,Small,7,4,1
CUST1998,636504.87,63650.487,10,2022-01-15,2025-03-23,2021-03-26,2025-06-30,53,135,36,Narang LLC,Tech,Small,1,8,0
CUST1999,1844680.08,184468.008,10,2022-04-26,2025-02-17,2019-04-21,2024-10-11,76,169,298,Garg-Guha,Government,Mid-Market,6,6,0
CUST2000,810568.3999999999,115795.4857142857,7,2022-06-02,2025-01-31,2023-07-07,2023-08-28,25,186,708,Sagar-Bera,Education,Mid-Market,19,4,1
CUST2001,640825.03,106804.17166666668,6,2022-01-04,2024-01-29,2022-02-13,2025-06-30,42,554,36,Narayanan-Kunda,Finance,Small,1,8,0
CUST2002,1305302.83,326325.7075,4,2024-01-15,2025-03-06,2023-09-12,2025-06-30,23,152,36,Ravi-Krish,Finance,Mid-Market,1,8,0
CUST2003,1867554.44,186755.444,10,2022-03-06,2024-10-06,2023-11-17,2025-06-30,20,303,36,"Sama, Sani and Jani",Healthcare,Small,1,8,0
CUST2004,968252.3200000001,96825.232,10,2022-02-11,2024-10-16,2022-09-02,2025-06-30,35,293,36,Sagar and Sons,Finance,Mid-Market,1,8,0
CUST2005,2431561.67,270173.5188888889,9,2022-03-25,2025-04-27,2020-11-01,2025-06-30,57,100,36,Bedi Group,Retail,Enterprise,1,8,0
CUST2006,1208400.03,151050.00375,8,2022-04-27,2023-10-16,2021-04-24,2025-06-30,52,659,36,Contractor Inc,Finance,Mid-Market,1,8,0
CUST2007,2780630.45,308958.9388888889,9,2022-02-11,2025-01-26,2022-07-07,2025-01-07,37,191,210,Tandon-Aggarwal,Non-Profit,Enterprise,34,10,0
CUST2008,2749941.0,274994.1,10,2022-07-11,2025-03-13,2020-07-18,2025-06-30,61,145,36,Subramanian LLC,Government,Small,1,8,0
CUST2009,2894294.17,321588.2411111111,9,2023-02-15,2025-03-27,2024-03-24,2024-04-04,16,131,488,Shankar PLC,Finance,Enterprise,42,9,0
CUST2010,777841.7,97230.2125,8,2022-07-02,2025-06-07,2023-10-28,2025-06-30,21,59,36,Mall-Pal,Government,Enterprise,1,8,0
CUST2011,1344866.53,149429.61444444445,9,2023-01-19,2025-06-20,2024-01-01,2025-06-30,19,46,36,"Pillai, Balay and Om",Government,Mid-Market,1,8,0
CUST2012,852678.87,106584.85875,8,2022-04-06,2025-04-29,2020-03-18,2025-04-03,65,98,124,Korpal-Gola,Finance,Enterprise,38,9,0
CUST2013,829194.07,92132.67444444443,9,2022-01-11,2025-04-18,2023-06-24,2025-06-30,25,109,36,"Murty, Shanker and Deol",Finance,Enterprise,1,8,0
CUST2014,1563959.18,130329.93166666666,12,2022-11-13,2024-07-06,2022-04-24,2025-06-30,39,395,36,Raja PLC,Manufacturing,Enterprise,1,8,0
CUST2015,1350368.04,103874.46461538461,13,2022-02-12,2025-07-15,2020-03-31,2025-06-30,65,21,36,"Varughese, Jayaraman and Sani",Retail,Mid-Market,1,8,0
CUST2016,1284262.27,128426.227,10,2022-03-12,2025-07-22,2024-11-24,2025-06-30,8,14,36,Andra Inc,Government,Enterprise,1,8,0
CUST2017,605632.8600000001,86518.98000000001,7,2022-03-12,2025-03-29,2021-09-12,2025-06-30,47,129,36,Parmer-Iyengar,Government,Enterprise,1,8,0
CUST2018,2429676.49,347096.6414285715,7,2022-06-11,2025-07-01,2024-11-23,2024-12-30,8,35,218,"Jain, Shukla and Trivedi",Non-Profit,Mid-Market,27,5,1
CUST2019,2429318.42,220847.1290909091,11,2022-02-03,2025-05-28,2023-02-15,2025-06-30,30,69,36,"Ramaswamy, Sarma and Oak",Education,Small,1,8,0
CUST2020,2770961.1799999997,277096.11799999996,10,2022-02-20,2025-04-07,2020-04-05,2025-06-30,64,120,36,Goyal LLC,Healthcare,Small,1,8,0
CUST2021,2300400.06,209127.2781818182,11,2022-07-09,2025-03-13,2022-03-06,2025-06-30,41,145,36,Kaul Inc,Manufacturing,Enterprise,1,8,0
CUST2022,1769850.61,176985.06100000002,10,2022-01-14,2025-02-23,2020-07-04,2025-06-30,61,163,36,Dey-Pandit,Manufacturing,Mid-Market,1,8,0
CUST2023,4927489.79,307968.111875,16,2022-06-23,2025-06-18,2024-05-16,2024-11-07,14,48,271,Bhatti Group,Tech,Mid-Market,48,2,1
CUST2024,1307723.72,186817.67428571428,7,2022-06-09,2025-06-10,2023-01-24,2025-05-14,30,56,83,Hora LLC,Tech,Mid-Market,7,10,0
CUST2025,937073.4299999999,104119.26999999999,9,2022-06-03,2025-02-06,2021-04-10,2025-06-30,52,180,36,"Arora, Devan and Krish",Finance,Enterprise,1,8,0
CUST2026,1222659.8199999998,122265.98199999999,10,2022-01-04,2024-12-13,2020-03-01,2025-06-30,66,235,36,Chadha LLC,Finance,Small,1,8,0
CUST2027,1740901.51,217612.68875,8,2022-08-16,2024-10-08,2024-12-29,2025-05-04,7,301,93,Ratti-Sura,Healthcare,Enterprise,35,6,0
CUST2028,2783919.19,214147.63,13,2022-03-05,2025-07-13,2022-06-08,2025-06-30,38,23,36,"Verma, Dani and Krishna",Manufacturing,Mid-Market,1,8,0
CUST2029,2550977.1,212581.42500000002,12,2022-05-11,2025-01-04,2023-07-13,2025-06-30,25,213,36,Divan-Kibe,Tech,Enterprise,1,8,0
CUST2030,977300.47,75176.95923076922,13,2022-04-01,2025-05-30,2019-11-22,2025-06-30,69,67,36,"Karpe, Ganguly and Bahl",Manufacturing,Mid-Market,1,8,0
CUST2031,659057.03,131811.40600000002,5,2022-01-04,2024-09-24,2019-09-01,2025-06-30,72,315,36,Rout Ltd,Non-Profit,Enterprise,1,8,0
CUST2032,1968628.62,218736.51333333334,9,2022-01-18,2025-02-03,2022-03-20,2024-05-06,41,183,456,Khosla-Varty,Government,Enterprise,35,2,1
CUST2033,904468.2,113058.525,8,2022-01-15,2025-01-09,2024-01-05,2025-06-30,19,208,36,"Pandit, Pandya and Sanghvi",Healthcare,Enterprise,1,8,0
CUST2034,1873662.14,124910.80933333332,15,2022-05-18,2025-06-22,2019-01-26,2025-06-30,79,44,36,"Vala, Khosla and More",Tech,Enterprise,1,8,0
CUST2035,2427286.31,161819.08733333333,15,2022-02-17,2025-07-23,2019-11-23,2024-07-09,69,13,392,Seshadri-Bhatia,Manufacturing,Small,36,4,1
CUST2036,2894324.6599999997,222640.35846153845,13,2022-01-03,2025-06-25,2019-02-01,2025-02-27,79,41,159,Ganesan-Tripathi,Government,Enterprise,12,10,0
CUST2037,2242517.7199999997,249168.63555555552,9,2022-03-06,2025-06-08,2019-06-26,2025-06-30,74,58,36,Grover-Luthra,Retail,Small,1,8,0
CUST2038,4260303.64,266268.9775,16,2022-10-15,2025-04-15,2022-11-04,2025-06-30,33,112,36,Shere-Dash,Retail,Mid-Market,1,8,0
CUST2039,1151852.34,164550.33428571429,7,2023-02-01,2025-03-17,2021-05-11,2023-09-03,51,141,702,"Walia, Aurora and Hegde",Tech,Mid-Market,40,5,1
CUST2040,1397003.27,279400.654,5,2022-06-07,2024-05-05,2023-02-26,2025-06-30,29,457,36,Sawhney Inc,Retail,Small,1,8,0
CUST2041,658874.88,109812.48,6,2022-09-30,2025-02-12,2022-08-01,2024-12-16,36,174,232,Tara Ltd,Government,Enterprise,37,3,1
CUST2042,2503278.02,166885.20133333333,15,2022-03-18,2025-06-14,2020-02-25,2025-04-28,66,52,99,"Peri, Dhingra and Raghavan",Government,Mid-Market,7,3,0
CUST2043,1723400.88,246200.1257142857,7,2022-07-22,2024-06-12,2021-05-18,2025-06-30,51,419,36,Saini-Ratti,Non-Profit,Mid-Market,1,8,0
CUST2044,1201687.41,171669.62999999998,7,2022-08-10,2025-03-29,2024-03-11,2024-09-02,17,129,337,"Chadha, Arora and Sachar",Tech,Mid-Market,10,6,0
CUST2045,1401446.99,116787.24916666666,12,2022-01-07,2024-08-31,2023-04-12,2025-06-30,28,339,36,"Dhar, Raj and Gola",Non-Profit,Mid-Market,1,8,0
CUST2046,1899818.6600000001,237477.33250000002,8,2022-03-30,2025-05-20,2025-01-12,2025-03-24,6,77,134,"Rama, Chauhan and Rana",Non-Profit,Mid-Market,8,5,0
CUST2047,3072545.9499999997,438935.13571428566,7,2022-11-13,2025-07-03,2020-10-10,2025-06-30,58,33,36,Pandit Group,Retail,Small,1,8,0
CUST2048,1862801.55,232850.19375,8,2022-01-02,2025-04-23,2022-09-09,2025-06-26,35,104,40,Som-Sampath,Government,Enterprise,5,6,0
CUST2049,854166.35,142361.05833333332,6,2022-03-24,2025-02-19,2023-11-22,2025-06-30,20,167,36,Arora-Sura,Education,Enterprise,1,8,0
CUST2050,902654.93,90265.493,10,2022-02-10,2025-07-15,2023-05-21,2025-06-30,26,21,36,"Patla, Tak and Murthy",Government,Enterprise,1,8,0
CUST2051,407109.9,81421.98000000001,5,2023-01-28,2025-07-23,2022-10-22,2025-02-12,33,13,174,"Lad, Kuruvilla and Kara",Manufacturing,Enterprise,39,9,0
CUST2052,3293285.5100000002,299389.59181818186,11,2022-01-06,2025-07-07,2023-12-13,2025-06-30,20,29,36,Lata-Sachdev,Retail,Small,1,8,0
CUST2053,604830.0,60483.0,10,2022-01-05,2025-07-18,2022-02-27,2024-05-21,41,18,441,Kanda-Ramachandran,Manufacturing,Mid-Market,4,1,1
CUST2054,295156.02,59031.204000000005,5,2022-02-08,2024-05-29,2024-02-25,2025-06-06,17,433,60,"Khalsa, Lalla and Dixit",Education,Enterprise,28,9,0
CUST2055,2142041.36,306005.90857142856,7,2022-10-12,2024-10-23,2022-03-21,2025-06-30,41,286,36,Deshpande-Basak,Manufacturing,Enterprise,1,8,0
CUST2056,1716733.25,190748.13888888888,9,2022-03-16,2025-01-12,2022-09-22,2025-06-30,34,205,36,Warrior Inc,Education,Mid-Market,1,8,0
CUST2057,955213.35,159202.225,6,2023-01-02,2025-04-21,2021-01-01,2024-05-09,55,106,453,Chahal Inc,Finance,Enterprise,48,6,0
CUST2058,1037594.9900000001,115288.33222222223,9,2022-08-24,2024-11-06,2023-09-09,2025-06-19,23,272,47,Ghose Group,Government,Small,39,7,0
CUST2059,487628.02,60953.5025,8,2022-03-19,2024-07-16,2020-11-11,2025-06-30,57,385,36,Nagy-Thaman,Manufacturing,Small,1,8,0
CUST2060,467876.55,46787.655,10,2022-03-14,2024-09-17,2025-03-16,2025-07-13,4,322,23,"Pant, Kadakia and Bumb",Tech,Small,49,5,0
CUST2061,2620960.13,174730.67533333332,15,2022-03-23,2025-07-19,2021-10-06,2025-06-30,46,17,36,Basu-Ramesh,Healthcare,Mid-Market,1,8,0
CUST2062,1375551.07,137555.10700000002,10,2022-07-09,2025-06-24,2020-05-11,2024-03-29,63,42,494,Hari-Dara,Non-Profit,Enterprise,50,5,1
CUST2063,855346.46,122192.35142857142,7,2022-02-25,2025-07-04,2020-05-26,2025-06-30,63,32,36,Subramaniam-Raval,Finance,Small,1,8,0
CUST2064,385260.55,77052.11,5,2022-01-01,2025-02-21,2024-02-05,2025-06-30,18,165,36,"Sahota, Sinha and Karnik",Healthcare,Enterprise,1,8,0
CUST2065,1440529.26,120044.105,12,2022-05-11,2025-07-13,2021-03-20,2025-06-30,53,23,36,"Tailor, Rau and Kumar",Manufacturing,Enterprise,1,8,0
CUST2066,437108.54000000004,39737.14000000001,11,2022-04-02,2025-02-13,2022-11-16,2023-07-28,33,173,739,"Deep, Contractor and Sarin",Finance,Mid-Market,0,10,0
CUST2067,559576.5599999999,93262.76,6,2023-03-04,2024-11-07,2025-02-07,2025-06-30,5,271,36,"Murthy, Rajan and Pillay",Manufacturing,Small,1,8,0
CUST2068,2228259.1,148550.60666666666,15,2022-01-13,2025-05-13,2021-04-23,2025-06-30,52,84,36,"Oak, Thakkar and Kuruvilla",Finance,Enterprise,1,8,0
CUST2069,792786.07,88087.3411111111,9,2022-09-27,2025-03-08,2022-09-24,2025-06-10,34,150,56,"Sha, Choudhary and Dave",Non-Profit,Small,48,5,0
CUST2070,4351948.34,362662.36166666663,12,2022-09-12,2025-07-19,2024-05-25,2025-07-12,14,17,24,"Vyas, Kalita and Lad",Finance,Small,14,7,0
CUST2071,778207.74,111172.53428571428,7,2022-09-19,2024-12-04,2021-12-08,2025-07-13,44,244,23,Nagarajan-Sharaf,Non-Profit,Mid-Market,8,6,0
CUST2072,1577326.1,105155.07333333333,15,2022-02-26,2025-07-07,2020-11-21,2024-11-02,57,29,276,Mann Inc,Healthcare,Mid-Market,2,4,0
CUST2073,266338.8,88779.59999999999,3,2022-06-02,2024-11-05,2022-03-06,2025-06-30,41,273,36,Palan-Sachdev,Tech,Enterprise,1,8,0
CUST2074,934018.06,186803.61200000002,5,2022-09-29,2025-03-08,2020-05-30,2025-01-13,63,150,204,Rattan-Chandran,Manufacturing,Mid-Market,29,3,1
CUST2075,2184950.5500000003,182079.21250000002,12,2022-08-15,2025-05-09,2025-06-05,2025-06-30,2,88,36,Chakraborty-Sekhon,Retail,Enterprise,1,8,0
CUST2076,800168.54,200042.135,4,2022-04-01,2025-05-21,2019-09-19,2025-04-29,71,76,98,Vora-Yohannan,Finance,Mid-Market,9,10,0
CUST2077,834890.17,83489.017,10,2022-04-13,2025-07-01,2023-11-26,2025-06-30,20,35,36,Dube LLC,Non-Profit,Small,1,8,0
CUST2078,1914990.65,212776.73888888888,9,2022-04-15,2025-04-17,2023-05-11,2025-06-30,27,110,36,"Oak, Sama and Rattan",Healthcare,Small,1,8,0
CUST2079,2821481.39,201534.385,14,2022-03-30,2025-06-10,2023-03-09,2025-06-30,29,56,36,"Lad, Kapur and Nadkarni",Finance,Small,1,8,0
CUST2080,1955600.3,162966.69166666668,12,2022-05-10,2025-07-23,2022-06-19,2025-06-30,38,13,36,Rout and Sons,Education,Mid-Market,1,8,0
CUST2081,1558611.82,103907.45466666667,15,2023-02-15,2025-04-09,2019-09-26,2025-06-30,71,118,36,Murthy-Mital,Retail,Enterprise,1,8,0
CUST2082,1733530.1900000002,144460.84916666668,12,2022-02-24,2025-05-17,2019-10-11,2025-06-30,70,80,36,"Sachdev, Chadha and Dua",Manufacturing,Enterprise,1,8,0
CUST2083,2905596.0,193706.4,15,2022-04-13,2025-06-30,2021-03-03,2025-06-30,53,36,36,Sarkar-Dugar,Healthcare,Small,1,8,0
CUST2084,1597144.12,177460.4577777778,9,2022-08-03,2024-08-23,2022-08-27,2025-06-30,35,347,36,Pau-Sarkar,Education,Enterprise,1,8,0
CUST2085,2281167.97,190097.33083333334,12,2022-04-27,2025-04-16,2025-01-09,2025-06-30,6,111,36,Kala-Shenoy,Manufacturing,Mid-Market,1,8,0
CUST2086,1317154.3399999999,119741.30363636362,11,2022-03-25,2024-11-13,2022-04-19,2025-06-30,40,265,36,"Bala, Divan and Biswas",Healthcare,Small,1,8,0
CUST2087,1754618.85,159510.80454545456,11,2022-02-10,2025-04-07,2019-06-18,2025-06-30,74,120,36,Sathe-Zachariah,Tech,Enterprise,1,8,0
CUST2088,1327512.99,78088.9994117647,17,2022-02-01,2025-04-18,2022-04-16,2025-06-30,40,109,36,Chauhan Ltd,Healthcare,Mid-Market,1,8,0
CUST2089,2878144.33,261649.48454545456,11,2022-03-04,2025-03-10,2019-06-27,2025-06-30,74,148,36,Sharma-Lalla,Non-Profit,Small,1,8,0
CUST2090,2577755.94,198288.91846153844,13,2022-09-23,2025-07-06,2025-05-15,2025-06-30,2,30,36,"Sangha, Bedi and Soman",Retail,Small,1,8,0
CUST2091,568477.09,63164.121111111104,9,2022-02-05,2024-12-13,2019-06-26,2025-06-30,74,235,36,Majumdar and Sons,Non-Profit,Mid-Market,1,8,0
CUST2092,2683489.83,335436.22875,8,2022-10-05,2025-07-20,2023-04-10,2025-06-30,28,16,36,Narayan Group,Manufacturing,Small,1,8,0
CUST2093,834750.8400000001,104343.85500000001,8,2022-02-12,2025-07-10,2023-10-20,2025-04-14,21,26,113,"Jhaveri, Nigam and Borde",Education,Enterprise,12,5,0
CUST2094,1726817.1800000002,143901.43166666667,12,2022-07-22,2025-03-18,2021-11-26,2024-06-02,44,140,429,Tata Inc,Tech,Small,40,4,1
CUST2095,2117827.37,117657.07611111112,18,2022-01-29,2025-06-20,2024-06-30,2024-10-07,13,46,302,Narula Ltd,Non-Profit,Mid-Market,30,3,1
CUST2096,2654167.94,165885.49625,16,2022-01-16,2025-06-03,2020-02-28,2025-06-30,66,63,36,Dara PLC,Government,Enterprise,1,8,0
CUST2097,558861.36,111772.272,5,2023-06-16,2025-05-13,2024-03-31,2025-06-30,16,84,36,"Gour, Pall and Mammen",Manufacturing,Enterprise,1,8,0
CUST2098,3417817.28,244129.8057142857,14,2022-10-08,2025-03-22,2021-07-19,2025-01-30,49,136,187,Chada-Tella,Manufacturing,Mid-Market,32,3,0
CUST2099,1074346.8900000001,89528.90750000002,12,2022-06-23,2025-05-09,2022-03-20,2025-06-30,41,88,36,Koshy-Mittal,Manufacturing,Enterprise,1,8,0
CUST2100,2821028.12,201502.00857142857,14,2022-01-06,2025-05-11,2023-03-10,2025-06-30,29,86,36,Mahal-Barad,Government,Small,1,8,0
CUST2101,2942538.2199999997,267503.47454545455,11,2022-09-28,2025-01-30,2019-09-13,2024-08-20,71,187,350,Sane-Dass,Manufacturing,Mid-Market,13,1,1
CUST2102,550659.48,61184.386666666665,9,2022-09-23,2024-12-29,2023-11-11,2025-06-30,21,219,36,Natarajan Ltd,Finance,Small,1,8,0
CUST2103,1545587.8900000001,154558.78900000002,10,2022-04-18,2025-01-07,2023-10-06,2025-06-30,22,210,36,"Choudhry, Dugar and Kumer",Retail,Small,1,8,0
CUST2104,1737224.11,144768.67583333334,12,2022-05-01,2025-07-03,2020-05-18,2025-06-30,63,33,36,"Kunda, Khosla and Ahluwalia",Non-Profit,Small,1,8,0
CUST2105,2114990.19,132186.886875,16,2022-01-20,2025-07-11,2019-12-29,2025-06-06,68,25,60,Rattan-Saran,Manufacturing,Enterprise,0,9,0
CUST2106,910494.53,113811.81625,8,2022-04-28,2025-06-05,2025-07-12,2025-07-15,0,61,21,"Chokshi, Reddy and Kunda",Tech,Enterprise,47,6,0
CUST2107,4326439.14,270402.44625,16,2022-03-03,2025-06-23,2024-05-28,2025-07-07,14,43,29,Mangal Ltd,Manufacturing,Small,5,10,0
CUST2108,942999.0299999999,134714.14714285714,7,2023-07-28,2025-07-11,2023-06-07,2025-06-30,26,25,36,Date PLC,Education,Mid-Market,1,8,0
CUST2109,3582605.13,223912.820625,16,2022-01-11,2025-05-10,2022-04-02,2025-06-30,40,87,36,"Dhingra, Dhillon and Nagar",Government,Mid-Market,1,8,0
CUST2110,795683.22,88409.24666666666,9,2022-03-21,2025-07-07,2025-06-24,2025-07-06,1,29,30,Naidu and Sons,Retail,Small,33,8,0
CUST2111,1515954.13,216564.8757142857,7,2022-02-13,2025-05-12,2019-02-09,2023-12-30,78,85,584,Sachar-Nagar,Finance,Enterprise,33,3,1
CUST2112,1882511.55,156875.9625,12,2022-01-15,2025-01-16,2023-05-15,2025-01-18,27,201,199,Deo-Master,Manufacturing,Mid-Market,3,8,0
CUST2113,1806941.85,164267.44090909092,11,2022-03-11,2025-07-07,2022-08-13,2024-11-03,36,29,275,Randhawa PLC,Manufacturing,Enterprise,30,5,0
CUST2114,2291589.01,163684.92928571426,14,2022-02-25,2025-07-11,2019-09-07,2024-07-01,71,25,400,Ganesh LLC,Education,Small,6,5,1
CUST2115,2142741.5,178561.79166666666,12,2022-09-11,2025-06-11,2021-08-29,2025-06-30,47,55,36,"Som, Bali and Parsa",Non-Profit,Small,1,8,0
CUST2116,402591.27,67098.545,6,2022-05-02,2025-04-23,2021-09-04,2025-06-30,47,104,36,Tella-Toor,Healthcare,Mid-Market,1,8,0
CUST2117,1581897.84,131824.82,12,2022-01-28,2025-06-11,2020-07-21,2025-06-30,61,55,36,"Dara, Ranganathan and Dayal",Tech,Enterprise,1,8,0
CUST2118,2685553.9,179036.92666666667,15,2022-02-02,2025-02-03,2024-04-24,2025-06-30,15,183,36,"Dara, Thakur and Manne",Government,Enterprise,1,8,0
CUST2119,1684140.41,210517.55125,8,2022-05-09,2024-08-20,2024-08-30,2025-03-11,11,350,147,"Parmer, Pau and Choudhary",Healthcare,Mid-Market,7,9,0
CUST2120,1071598.92,178599.81999999998,6,2022-04-18,2024-11-29,2020-12-31,2025-01-30,55,249,187,"Sachdeva, Bhasin and Hora",Retail,Small,50,7,0
CUST2121,569324.35,94887.39166666666,6,2023-06-06,2025-06-19,2022-04-13,2024-11-22,40,47,256,Apte and Sons,Tech,Mid-Market,7,5,0
CUST2122,1791858.73,255979.81857142856,7,2022-07-13,2024-10-26,2021-11-18,2024-08-16,45,283,354,Badami Group,Healthcare,Mid-Market,12,10,0
CUST2123,1731757.88,216469.735,8,2022-02-06,2025-03-20,2022-11-27,2024-10-12,32,138,297,Bhandari Group,Government,Enterprise,2,5,0
CUST2124,256691.26,64172.815,4,2022-08-05,2024-02-11,2023-05-02,2023-09-10,27,541,695,Choudhary-Wagle,Non-Profit,Small,37,3,1
CUST2125,1341759.32,149084.3688888889,9,2022-01-23,2025-01-23,2025-06-07,2025-06-30,1,194,36,Kapoor and Sons,Government,Mid-Market,1,8,0
CUST2126,655723.98,65572.398,10,2022-06-26,2025-02-25,2023-05-21,2024-10-15,26,161,294,Kibe-Khatri,Retail,Small,47,5,0
CUST2127,1141491.7,103771.97272727272,11,2022-10-17,2025-02-24,2023-08-31,2025-06-30,23,162,36,Saran and Sons,Retail,Small,1,8,0
CUST2128,993141.42,90285.58363636363,11,2022-02-11,2025-04-08,2024-08-11,2025-06-30,11,119,36,"Srivastava, Sahni and Gandhi",Manufacturing,Small,1,8,0
CUST2129,618397.46,123679.492,5,2024-01-17,2025-06-03,2020-05-20,2025-06-30,63,63,36,"Butala, Sami and Nagi",Retail,Small,1,8,0
CUST2130,923983.9500000001,115497.99375000001,8,2022-03-26,2025-05-29,2021-01-14,2025-06-30,55,68,36,"Jani, Vig and Bassi",Healthcare,Small,1,8,0
CUST2131,1163420.44,89493.87999999999,13,2022-02-17,2025-06-18,2022-05-17,2025-06-30,39,48,36,"Banerjee, Bansal and Dhingra",Retail,Mid-Market,1,8,0
CUST2132,2120063.7800000003,151433.12714285715,14,2022-02-06,2025-05-07,2020-05-11,2025-06-30,63,90,36,Sarin LLC,Government,Small,1,8,0
CUST2133,1646349.6099999999,137195.8008333333,12,2022-03-01,2025-05-02,2021-04-30,2025-06-30,51,95,36,"Khanna, Master and Dave",Education,Small,1,8,0
CUST2134,3490492.74,232699.516,15,2022-01-23,2025-06-29,2020-10-10,2024-12-26,58,37,222,Andra Inc,Non-Profit,Small,30,3,1
CUST2135,2647316.01,294146.2233333333,9,2022-02-07,2024-12-12,2021-05-11,2025-06-30,51,236,36,"Keer, Chand and Kurian",Tech,Mid-Market,1,8,0
CUST2136,524138.01,131034.5025,4,2022-02-07,2024-10-16,2021-11-05,2025-06-30,45,293,36,"Dass, Majumdar and Modi",Retail,Enterprise,1,8,0
CUST2137,1842001.6400000001,122800.10933333334,15,2022-03-04,2025-06-25,2020-12-21,2025-06-30,56,41,36,Srivastava and Sons,Finance,Enterprise,1,8,0
CUST2138,2520192.7800000003,315024.09750000003,8,2022-02-23,2024-12-09,2022-02-25,2025-06-30,41,239,36,"Kapadia, Balan and Kumer",Retail,Enterprise,1,8,0
CUST2139,1475656.52,163961.83555555556,9,2022-03-22,2024-11-12,2024-11-09,2025-06-30,8,266,36,"Samra, Buch and Naik",Retail,Small,1,8,0
CUST2140,1319910.42,101531.57076923076,13,2022-02-24,2025-07-22,2021-04-12,2025-06-30,52,14,36,Bala-Basak,Finance,Mid-Market,1,8,0
CUST2141,1245981.95,103831.82916666666,12,2022-06-25,2025-01-08,2021-09-23,2025-06-30,47,209,36,Chaudhuri-Iyer,Education,Enterprise,1,8,0
CUST2142,1923262.0499999998,192326.205,10,2022-02-11,2025-03-25,2022-10-17,2025-06-30,34,133,36,Kala-Pall,Finance,Enterprise,1,8,0
CUST2143,1170874.82,146359.3525,8,2023-02-08,2025-05-29,2020-01-24,2025-06-30,67,68,36,Murthy Ltd,Finance,Enterprise,1,8,0
CUST2144,1588615.8399999999,176512.8711111111,9,2022-12-31,2025-06-05,2020-03-16,2025-06-30,65,61,36,Krishnan PLC,Tech,Mid-Market,1,8,0
CUST2145,842571.24,105321.405,8,2022-02-17,2025-06-09,2019-04-04,2025-06-30,77,57,36,Ramachandran and Sons,Education,Small,1,8,0
CUST2146,1541921.69,110137.26357142857,14,2022-01-26,2025-05-06,2023-07-19,2025-06-30,24,91,36,Shetty-Doshi,Tech,Small,1,8,0
CUST2147,2252969.63,160926.40214285714,14,2022-01-01,2025-02-22,2019-07-05,2024-02-24,74,164,528,Bhavsar-Bora,Retail,Small,37,3,1
CUST2148,1046838.78,209367.756,5,2022-09-14,2025-03-18,2020-04-19,2025-06-30,64,140,36,Borah LLC,Retail,Enterprise,1,8,0
CUST2149,98349.39,16391.565,6,2022-11-11,2024-12-03,2020-05-03,2025-06-30,64,245,36,Das and Sons,Government,Small,1,8,0
CUST2150,949298.02,105477.55777777778,9,2022-02-15,2024-12-19,2019-08-26,2025-03-16,72,229,142,"Kannan, Kadakia and Warrior",Non-Profit,Mid-Market,13,4,0
CUST2151,932882.5599999999,116610.31999999999,8,2022-09-11,2025-01-24,2024-03-14,2024-11-25,16,193,253,Jhaveri-Tata,Finance,Enterprise,9,1,1
CUST2152,1609669.29,201208.66125,8,2022-02-14,2025-04-04,2024-09-16,2025-01-02,10,123,215,Borah-Samra,Non-Profit,Mid-Market,35,4,1
CUST2153,1262777.24,180396.74857142856,7,2023-06-08,2025-05-07,2025-01-21,2025-07-23,6,90,13,Hari-Chander,Non-Profit,Enterprise,28,10,0
CUST2154,1481425.34,148142.534,10,2022-05-15,2025-07-09,2022-01-22,2025-06-30,43,27,36,Sarraf Inc,Finance,Small,1,8,0
CUST2155,2741303.0599999996,228441.92166666663,12,2022-02-13,2025-05-09,2024-05-15,2025-06-30,14,88,36,Karnik-Johal,Government,Small,1,8,0
CUST2156,1461775.23,162419.47,9,2022-08-04,2024-10-29,2024-03-04,2025-06-30,17,280,36,"Karan, Manda and Lal",Government,Small,1,8,0
CUST2157,3726552.7199999997,372655.272,10,2022-03-27,2025-06-10,2023-06-06,2025-04-28,26,56,99,Bose and Sons,Non-Profit,Small,2,8,0
CUST2158,749288.51,149857.702,5,2022-04-06,2025-07-02,2022-07-14,2025-06-30,37,34,36,Deshmukh-Parikh,Tech,Enterprise,1,8,0
CUST2159,1847331.8199999998,142102.44769230767,13,2022-01-26,2025-07-04,2022-03-19,2025-06-30,41,32,36,"Palla, Samra and Kashyap",Retail,Mid-Market,1,8,0
CUST2160,337631.79,67526.358,5,2022-01-22,2025-04-20,2020-04-26,2025-06-30,64,107,36,Baral-Talwar,Tech,Small,1,8,0
CUST2161,1525684.08,190710.51,8,2022-04-10,2025-04-17,2023-08-31,2025-06-30,23,110,36,Garg-Sahni,Non-Profit,Small,1,8,0
CUST2162,873350.38,72779.19833333333,12,2022-02-03,2025-03-05,2023-11-12,2025-06-30,21,153,36,"Kala, Tella and Batta",Retail,Enterprise,1,8,0
CUST2163,1577673.82,225381.9742857143,7,2022-01-12,2025-07-20,2023-07-02,2025-01-01,25,16,216,"Mukhopadhyay, Bajaj and Ben",Non-Profit,Mid-Market,26,1,0
CUST2164,1711666.68,171166.668,10,2022-03-26,2025-02-03,2025-03-12,2025-06-30,4,183,36,Kumer-Walla,Tech,Enterprise,1,8,0
CUST2165,1655826.58,110388.43866666667,15,2022-03-07,2025-06-26,2021-05-28,2025-06-30,51,40,36,Bali-Sanghvi,Non-Profit,Small,1,8,0
CUST2166,1551183.88,119321.83692307692,13,2022-01-17,2025-07-22,2021-04-11,2023-08-26,52,14,710,Bansal-Setty,Non-Profit,Small,29,6,0
CUST2167,1158826.7,165546.67142857143,7,2023-06-24,2025-06-07,2022-05-12,2025-06-30,39,59,36,"Dalal, Chaudhari and Shanker",Healthcare,Small,1,8,0
CUST2168,2413111.06,201092.58833333335,12,2022-01-09,2025-04-27,2019-06-15,2025-06-30,74,100,36,"Thaman, Pingle and Kara",Healthcare,Enterprise,1,8,0
CUST2169,2539469.87,211622.48916666667,12,2022-02-27,2024-10-16,2022-08-27,2025-06-30,35,293,36,Dewan-Krishna,Education,Mid-Market,1,8,0
CUST2170,1921051.6400000001,274435.9485714286,7,2022-02-02,2025-05-14,2025-06-23,2025-07-21,1,83,15,"Walla, Sagar and Mand",Non-Profit,Enterprise,26,4,0
CUST2171,2135195.2,213519.52000000002,10,2022-01-17,2025-01-05,2023-11-21,2025-06-30,20,212,36,"Prabhakar, Nagar and Kant",Non-Profit,Small,1,8,0
CUST2172,1022947.32,102294.73199999999,10,2022-05-04,2025-02-26,2024-12-23,2025-06-30,7,160,36,Desai-Chaudhari,Government,Small,1,8,0
CUST2173,326130.95,54355.15833333333,6,2022-08-17,2025-06-13,2020-05-13,2025-06-30,63,53,36,"Nadig, Baral and Swamy",Tech,Mid-Market,1,8,0
CUST2174,1545630.55,193203.81875,8,2023-05-03,2025-01-02,2025-01-20,2025-03-06,6,215,152,Chakrabarti Group,Finance,Small,11,10,0
CUST2175,2281047.4,253449.7111111111,9,2022-04-27,2025-01-24,2020-12-10,2025-06-30,56,193,36,Dhar-Raj,Tech,Mid-Market,1,8,0
CUST2176,951831.91,118978.98875,8,2022-01-17,2025-06-29,2021-12-05,2025-06-30,44,37,36,Dewan-Sani,Government,Enterprise,1,8,0
CUST2177,773008.5499999999,110429.79285714285,7,2022-08-11,2025-07-14,2022-04-01,2025-06-30,40,22,36,Shan PLC,Healthcare,Enterprise,1,8,0
CUST2178,454419.56,56802.445,8,2022-06-13,2025-03-18,2022-07-08,2025-06-30,37,140,36,Chander PLC,Manufacturing,Mid-Market,1,8,0
CUST2179,1072596.53,178766.08833333335,6,2022-01-11,2024-09-03,2022-12-06,2025-06-30,32,336,36,Patla-Dash,Healthcare,Enterprise,1,8,0
CUST2180,1976114.3399999999,197611.43399999998,10,2023-01-25,2025-05-08,2021-02-19,2025-06-30,54,89,36,Sur Group,Manufacturing,Small,1,8,0
CUST2181,1203523.94,133724.88222222222,9,2022-01-13,2024-11-13,2022-11-03,2025-06-30,33,265,36,Divan LLC,Tech,Small,1,8,0
CUST2182,994249.1,90386.28181818181,11,2022-03-30,2025-06-25,2023-11-01,2025-06-30,21,41,36,Chhabra-Handa,Non-Profit,Mid-Market,1,8,0
CUST2183,1070515.5699999998,133814.44624999998,8,2022-03-04,2025-06-08,2025-04-08,2025-07-11,3,58,25,"Halder, Goda and Lal",Government,Mid-Market,4,7,0
CUST2184,1657703.5899999999,150700.32636363636,11,2022-02-08,2025-03-02,2019-10-23,2025-06-30,70,156,36,"Maharaj, Sha and Chhabra",Tech,Mid-Market,1,8,0
CUST2185,338825.51,48403.64428571429,7,2022-12-30,2025-06-20,2019-05-07,2025-06-30,76,46,36,Bajwa-Garg,Manufacturing,Mid-Market,1,8,0
CUST2186,1720878.1700000002,132375.24384615387,13,2022-01-05,2024-08-18,2021-04-09,2025-05-27,52,352,70,"Hayer, Varughese and Mandal",Finance,Mid-Market,38,4,0
CUST2187,2073261.89,172771.82416666666,12,2022-06-08,2025-02-03,2024-10-31,2025-07-21,9,183,15,Pillai Inc,Finance,Small,7,6,0
CUST2188,2966532.2600000002,228194.78923076924,13,2022-07-10,2025-04-24,2022-11-06,2024-12-09,33,103,239,"Kari, Raj and Kaur",Tech,Mid-Market,33,1,1
CUST2189,1046819.16,149545.5942857143,7,2022-12-30,2025-05-25,2024-11-20,2025-06-30,8,72,36,Bhardwaj-Yohannan,Government,Enterprise,1,8,0
CUST2190,1863027.93,155252.32749999998,12,2022-01-10,2025-06-29,2019-03-09,2023-08-13,78,37,723,Dey-Bawa,Government,Mid-Market,42,4,1
CUST2191,2069704.97,147836.06928571427,14,2022-01-08,2025-03-27,2024-04-29,2025-06-30,15,131,36,"Dewan, Kulkarni and Sheth",Tech,Small,1,8,0
CUST2192,1899771.89,271395.9842857143,7,2022-01-13,2024-07-10,2025-02-01,2025-06-30,6,391,36,Pai Inc,Finance,Mid-Market,1,8,0
CUST2193,1649932.55,329986.51,5,2022-02-14,2025-07-20,2022-03-23,2025-06-30,41,16,36,Panchal-Suri,Finance,Small,1,8,0
CUST2194,1688331.94,140694.32833333334,12,2022-03-27,2025-04-24,2021-08-17,2025-07-06,48,103,30,"Vasa, Seshadri and Wadhwa",Healthcare,Enterprise,3,8,0
CUST2195,1856428.65,142802.20384615383,13,2022-01-09,2025-03-17,2021-02-12,2024-04-28,54,141,464,Chaudhry-Gopal,Non-Profit,Small,20,5,1
CUST2196,1271982.1400000001,158997.76750000002,8,2022-05-27,2025-07-11,2020-12-16,2024-11-04,56,25,274,"Gulati, Gopal and Savant",Tech,Mid-Market,1,6,0
CUST2197,1766422.6,135878.66153846154,13,2022-03-07,2025-03-20,2020-08-13,2025-06-30,60,138,36,Hora PLC,Finance,Mid-Market,1,8,0
CUST2198,2490238.88,146484.63999999998,17,2022-01-31,2025-07-05,2024-02-08,2025-06-30,18,31,36,"Bhattacharyya, Pillai and Kannan",Non-Profit,Small,1,8,0
CUST2199,1189446.22,198241.03666666665,6,2023-01-17,2025-05-13,2022-08-19,2025-06-30,36,84,36,Issac-Hegde,Retail,Enterprise,1,8,0
CUST2200,2025714.99,184155.90818181817,11,2022-02-08,2025-06-06,2022-12-13,2025-06-30,32,60,36,Garg PLC,Government,Mid-Market,1,8,0
CUST2201,887959.4700000001,98662.16333333334,9,2022-02-24,2025-06-05,2025-05-19,2025-06-30,2,61,36,Khosla-Babu,Manufacturing,Small,1,8,0
CUST2202,2142332.31,194757.48272727273,11,2022-02-03,2025-05-01,2023-07-30,2023-11-12,24,96,632,Nath Ltd,Healthcare,Small,35,5,1
CUST2203,759200.23,84355.58111111111,9,2023-01-17,2025-02-07,2025-01-07,2025-04-27,7,179,100,Chana Inc,Finance,Mid-Market,48,1,0
CUST2204,1254916.8,156864.6,8,2022-11-29,2025-06-02,2019-11-15,2024-01-07,69,64,576,"Bal, Magar and Kaul",Healthcare,Enterprise,30,7,0
CUST2205,224008.88,56002.22,4,2022-05-29,2025-06-30,2023-01-24,2025-06-30,30,36,36,Sarraf LLC,Government,Small,1,8,0
CUST2206,366411.3,122137.09999999999,3,2022-02-10,2025-01-31,2024-10-15,2025-06-30,9,186,36,Mangat-Sastry,Retail,Small,1,8,0
CUST2207,507478.88,50747.888,10,2022-01-30,2025-02-26,2019-12-01,2025-06-30,69,160,36,Singh LLC,Manufacturing,Small,1,8,0
CUST2208,1378841.74,153204.63777777777,9,2022-05-07,2025-02-17,2021-02-25,2024-09-17,54,169,322,"Mahal, Golla and Mistry",Retail,Enterprise,36,5,1
CUST2209,2908956.83,363619.60375,8,2022-06-07,2024-12-19,2024-12-13,2025-03-24,7,229,134,Kari and Sons,Retail,Mid-Market,42,2,0
CUST2210,824717.77,103089.72125,8,2022-10-09,2024-08-17,2024-03-22,2025-02-24,16,353,162,Salvi Inc,Education,Mid-Market,10,7,0
CUST2211,647939.22,129587.844,5,2022-05-26,2024-06-01,2020-05-02,2025-06-30,64,430,36,Comar-Kohli,Healthcare,Mid-Market,1,8,0
CUST2212,1327737.09,165967.13625,8,2022-03-07,2025-06-22,2024-03-18,2025-06-30,16,44,36,Dara and Sons,Retail,Mid-Market,1,8,0
CUST2213,1503140.1600000001,187892.52000000002,8,2022-07-12,2025-06-19,2019-03-18,2023-08-15,77,47,721,Garde and Sons,Healthcare,Small,22,2,1
CUST2214,2412524.9,201043.74166666667,12,2022-04-03,2025-07-06,2023-10-14,2025-06-30,22,30,36,Kata-Bobal,Non-Profit,Mid-Market,1,8,0
CUST2215,3878939.59,323244.9658333333,12,2022-02-07,2025-05-22,2020-12-10,2025-06-30,56,75,36,Pai LLC,Healthcare,Small,1,8,0
CUST2216,1956236.07,217359.56333333335,9,2022-05-02,2025-06-13,2020-07-31,2025-06-30,61,53,36,"Venkatesh, Ravel and Majumdar",Finance,Small,1,8,0
CUST2217,1054762.71,150680.38714285713,7,2022-05-30,2025-02-20,2019-12-05,2024-07-31,69,166,370,Hayer-Brar,Non-Profit,Enterprise,38,5,1
CUST2218,2784345.08,232028.75666666668,12,2022-09-20,2025-05-18,2020-07-07,2024-12-03,61,79,245,"Raja, Narayan and Pandey",Manufacturing,Mid-Market,42,9,0
CUST2219,767096.79,95887.09875,8,2022-03-11,2025-07-16,2021-10-25,2025-06-30,46,20,36,Ravel LLC,Finance,Small,1,8,0
CUST2220,900197.8,112524.725,8,2022-12-23,2025-06-18,2019-08-17,2024-07-12,72,48,389,"Subramaniam, Kadakia and Dey",Retail,Small,17,7,0
CUST2221,2425976.51,220543.31909090906,11,2022-01-06,2025-01-31,2021-05-12,2025-06-30,51,186,36,"Agrawal, Aggarwal and Krish",Finance,Mid-Market,1,8,0
CUST2222,1608900.18,146263.6527272727,11,2022-07-24,2025-01-23,2019-01-01,2024-11-25,80,194,253,Karpe-Hegde,Manufacturing,Enterprise,12,5,0
CUST2223,1991165.7999999998,199116.58,10,2022-04-25,2025-05-12,2020-02-11,2025-06-30,66,85,36,Patla-Prasad,Retail,Small,1,8,0
CUST2224,1528467.09,191058.38625,8,2022-08-27,2025-04-11,2019-07-02,2025-06-30,74,116,36,Sen-Vig,Manufacturing,Small,1,8,0
CUST2225,648502.64,92643.2342857143,7,2022-04-06,2025-05-31,2024-04-28,2025-06-30,15,66,36,"Chanda, Datta and Khosla",Finance,Mid-Market,1,8,0
CUST2226,1869331.47,143794.72846153847,13,2022-08-11,2025-07-05,2019-04-16,2023-12-03,76,31,611,Manda-Mutti,Finance,Small,7,10,0
CUST2227,843116.41,84311.641,10,2022-03-25,2025-07-12,2023-02-19,2025-01-27,29,24,190,De-Pall,Government,Enterprise,3,4,0
CUST2228,1883426.2199999997,209269.57999999996,9,2022-12-25,2025-07-01,2023-08-24,2024-12-21,23,35,227,Walla-Apte,Government,Enterprise,50,5,1
CUST2229,1328377.8199999998,166047.22749999998,8,2022-07-21,2024-12-18,2021-09-06,2025-02-24,47,230,162,Lad-Bhatnagar,Healthcare,Enterprise,10,7,0
CUST2230,1031604.81,128950.60125,8,2022-03-09,2025-03-06,2023-12-08,2024-01-14,20,152,569,"Brahmbhatt, Jain and Raj",Manufacturing,Mid-Market,3,7,0
CUST2231,2029030.41,184457.31,11,2022-08-13,2025-06-26,2022-10-25,2025-06-30,33,40,36,Kapadia-Panchal,Retail,Mid-Market,1,8,0
CUST2232,1992961.39,181178.30818181817,11,2022-01-15,2025-04-19,2023-08-23,2025-06-30,23,108,36,"Gill, Sane and Radhakrishnan",Tech,Enterprise,1,8,0
CUST2233,1825283.01,182528.301,10,2022-03-24,2025-05-10,2024-03-19,2025-01-21,16,87,196,"Menon, Srinivasan and Mittal",Retail,Small,40,1,1
CUST2234,1042842.38,148977.48285714287,7,2022-05-17,2024-02-08,2021-03-12,2025-06-30,53,544,36,Agarwal-Cheema,Manufacturing,Mid-Market,1,8,0
CUST2235,979251.63,81604.3025,12,2022-03-14,2024-07-16,2021-10-09,2025-01-13,46,385,204,Chaudry LLC,Education,Mid-Market,3,3,1
CUST2236,2263677.61,251519.73444444442,9,2022-03-16,2025-06-11,2019-12-26,2025-06-30,68,55,36,Gala-Khanna,Retail,Small,1,8,0
CUST2237,2930559.62,225427.66307692308,13,2022-01-01,2024-10-12,2023-06-25,2025-06-30,25,297,36,"Ray, Shanker and Sarraf",Tech,Mid-Market,1,8,0
CUST2238,927820.37,103091.15222222223,9,2022-06-07,2024-09-18,2024-04-02,2024-09-22,16,321,317,Nadig-Bahl,Non-Profit,Mid-Market,7,9,0
CUST2239,2776377.11,347047.13875,8,2022-03-21,2024-10-22,2019-07-05,2025-06-30,74,287,36,Sunder Group,Non-Profit,Small,1,8,0
CUST2240,912860.2,114107.525,8,2022-03-28,2025-06-02,2021-09-04,2025-06-30,47,64,36,"Thaman, Nath and Bhasin",Manufacturing,Enterprise,1,8,0
CUST2241,1155700.15,165100.0214285714,7,2022-02-02,2024-10-07,2021-08-11,2025-06-30,48,302,36,Iyengar-Bava,Manufacturing,Small,1,8,0
CUST2242,1556676.4100000001,103778.42733333334,15,2022-05-30,2025-03-13,2020-10-11,2024-01-25,58,145,558,Bora-Modi,Retail,Mid-Market,10,4,1
CUST2243,1170519.1500000001,83608.51071428573,14,2022-01-21,2025-06-19,2025-03-06,2025-05-30,5,47,67,Chatterjee-Nath,Non-Profit,Small,43,8,0
CUST2244,1260333.15,140037.01666666666,9,2022-02-15,2024-12-08,2024-08-01,2025-06-30,12,240,36,Bera Ltd,Healthcare,Small,1,8,0
CUST2245,1989575.88,198957.588,10,2022-01-16,2025-06-19,2024-09-18,2025-07-07,10,47,29,Anne-Sethi,Non-Profit,Enterprise,9,9,0
CUST2246,2435536.97,243553.69700000001,10,2022-06-09,2024-12-22,2022-03-04,2025-06-30,41,226,36,Bobal and Sons,Retail,Small,1,8,0
CUST2247,1303805.15,108650.42916666665,12,2022-02-17,2024-11-30,2021-09-01,2025-06-30,47,248,36,Lala Ltd,Non-Profit,Mid-Market,1,8,0
CUST2248,1746090.84,158735.5309090909,11,2022-01-16,2024-11-24,2021-09-04,2025-06-30,47,254,36,"Chana, Prabhakar and Varkey",Healthcare,Enterprise,1,8,0
CUST2249,619092.56,103182.09333333334,6,2023-01-01,2024-06-07,2024-08-21,2025-06-30,11,424,36,Bandi-Agate,Non-Profit,Mid-Market,1,8,0
CUST2250,446991.75,111747.9375,4,2022-03-27,2023-07-19,2023-09-15,2025-05-26,23,748,71,"Chokshi, Rajagopal and Dass",Healthcare,Small,8,4,0
CUST2251,2323202.47,258133.6077777778,9,2022-01-10,2025-05-23,2019-10-21,2023-08-08,70,74,728,"Sundaram, Dada and Boase",Manufacturing,Mid-Market,50,1,1
CUST2252,2824158.42,176509.90125,16,2022-05-23,2025-04-04,2023-05-06,2024-10-03,27,123,306,"Batra, Nayar and Shenoy",Healthcare,Mid-Market,36,1,1
CUST2253,1022058.76,92914.43272727272,11,2022-01-21,2025-05-16,2022-03-07,2025-06-30,41,81,36,"Pandit, Sodhi and Banerjee",Manufacturing,Enterprise,1,8,0
CUST2254,742787.96,106112.56571428571,7,2022-05-11,2025-03-06,2021-01-30,2025-06-02,54,152,64,"Gokhale, Hegde and Majumdar",Healthcare,Mid-Market,6,7,0
CUST2255,2864014.7399999998,318223.86,9,2022-02-28,2025-07-17,2021-10-18,2025-06-30,46,19,36,"Panchal, Korpal and Ratta",Healthcare,Mid-Market,1,8,0
CUST2256,2736199.02,273619.902,10,2022-01-20,2025-03-21,2021-09-12,2025-06-30,47,137,36,Mistry and Sons,Education,Enterprise,1,8,0
CUST2257,1244515.77,138279.53,9,2022-01-25,2025-07-07,2020-04-28,2023-07-31,64,29,736,Bajwa Inc,Finance,Small,37,4,1
CUST2258,2595784.5300000003,216315.37750000003,12,2022-03-21,2025-04-08,2024-10-13,2025-03-25,9,119,133,"Gole, Sem and Dhillon",Government,Enterprise,1,5,0
CUST2259,1861832.24,143217.8646153846,13,2022-06-07,2025-05-01,2025-03-30,2025-04-17,4,96,110,Sampath-Apte,Finance,Mid-Market,3,8,0
CUST2260,2854813.81,203915.27214285714,14,2022-05-05,2025-05-29,2021-02-02,2025-06-30,54,68,36,Arya LLC,Non-Profit,Enterprise,1,8,0
CUST2261,1613545.3900000001,201693.17375000002,8,2022-11-12,2025-06-05,2019-07-09,2025-06-30,73,61,36,Dugar-Goel,Education,Enterprise,1,8,0
CUST2262,2172917.76,197537.97818181815,11,2022-02-20,2025-02-19,2025-05-28,2025-06-01,2,167,65,"Pradhan, Mand and Dubey",Non-Profit,Mid-Market,9,7,0
CUST2263,2848661.6,203475.82857142857,14,2022-01-05,2025-06-23,2020-10-14,2025-06-30,58,43,36,"Mandal, Sekhon and Nath",Healthcare,Mid-Market,1,8,0
CUST2264,1076476.2,134559.525,8,2022-07-13,2025-03-04,2023-10-15,2025-06-30,22,154,36,"Madan, Dubey and Puri",Tech,Mid-Market,1,8,0
CUST2265,1301989.87,118362.71545454547,11,2022-01-19,2025-06-12,2025-06-12,2025-07-05,1,54,31,Ahuja-Natt,Tech,Enterprise,13,1,0
CUST2266,2438953.19,348421.8842857143,7,2022-06-12,2025-06-08,2025-04-29,2025-06-27,3,58,39,"Date, Tailor and Dua",Finance,Mid-Market,5,6,0
CUST2267,1563266.99,156326.699,10,2022-02-20,2025-07-17,2025-01-12,2025-06-30,6,19,36,Edwin-Ramaswamy,Finance,Mid-Market,1,8,0
CUST2268,1723360.8599999999,156669.16909090907,11,2022-06-11,2025-05-31,2020-01-23,2025-06-30,67,66,36,"Suri, Kata and Muni",Education,Enterprise,1,8,0
CUST2269,322658.78,161329.39,2,2022-03-09,2025-02-17,2025-04-20,2025-04-22,3,169,105,Bajwa-Bahl,Retail,Enterprise,14,10,0
CUST2270,398063.92,66343.98666666666,6,2022-01-05,2025-03-16,2020-04-12,2024-11-11,64,142,267,Tripathi-Mall,Finance,Small,13,9,0
CUST2271,3760813.8,250720.91999999998,15,2022-01-10,2025-07-19,2024-06-25,2025-06-30,13,17,36,"Talwar, Bora and Rana",Manufacturing,Small,1,8,0
CUST2272,958320.81,159720.135,6,2022-04-11,2024-05-02,2019-06-17,2024-07-11,74,460,390,Karpe-Rajagopalan,Finance,Small,19,1,1
CUST2273,1206271.96,172324.5657142857,7,2022-12-02,2025-04-27,2021-07-08,2025-06-30,49,100,36,"Dhillon, Lanka and Thaman",Manufacturing,Small,1,8,0
CUST2274,1111714.1400000001,158816.30571428573,7,2022-08-23,2025-05-15,2024-03-19,2024-11-14,16,82,264,Dhawan-Narayan,Manufacturing,Small,16,2,1
CUST2275,2352696.7800000003,336099.54000000004,7,2022-06-28,2025-01-08,2019-10-07,2025-06-30,70,209,36,"Goswami, Palan and Shankar",Tech,Enterprise,1,8,0
CUST2276,1185279.45,169325.63571428572,7,2022-06-15,2025-02-22,2019-06-30,2025-06-30,74,164,36,Luthra Ltd,Retail,Small,1,8,0
CUST2277,663027.44,110504.57333333332,6,2022-03-21,2025-06-07,2020-07-27,2023-10-10,61,59,665,Tank-Master,Tech,Small,26,3,1
CUST2278,1955742.9100000001,177794.81000000003,11,2022-04-17,2025-06-23,2023-02-21,2023-11-23,29,43,621,"Ram, Raman and Ramesh",Tech,Enterprise,14,9,0
CUST2279,1127375.83,125263.98111111112,9,2022-01-24,2025-05-01,2024-05-07,2025-06-30,15,96,36,Chad-Narayan,Manufacturing,Enterprise,1,8,0
CUST2280,1653439.25,236205.60714285713,7,2022-03-20,2025-03-30,2020-12-09,2025-06-30,56,128,36,"Mander, Chatterjee and Bawa",Finance,Enterprise,1,8,0
CUST2281,3032766.06,233289.69692307693,13,2022-05-27,2025-04-13,2019-04-11,2024-08-30,76,114,340,Virk LLC,Manufacturing,Small,36,6,0
CUST2282,1599718.89,177746.54333333333,9,2022-01-28,2025-04-27,2019-11-06,2025-06-30,69,100,36,Minhas Inc,Tech,Mid-Market,1,8,0
CUST2283,3547554.5300000003,253396.75214285715,14,2022-02-25,2025-04-01,2025-01-09,2025-03-29,6,126,129,Gour Inc,Manufacturing,Small,3,5,0
CUST2284,1448994.78,144899.478,10,2022-03-02,2024-08-12,2019-07-20,2025-06-30,73,358,36,Dhar-Parikh,Government,Mid-Market,1,8,0
CUST2285,1678083.17,167808.31699999998,10,2022-02-08,2025-07-23,2023-12-31,2025-06-30,19,13,36,Chandran and Sons,Manufacturing,Enterprise,1,8,0
CUST2286,2242553.55,249172.61666666664,9,2022-05-13,2025-01-18,2019-01-19,2025-06-30,79,199,36,Bali Group,Government,Small,1,8,0
CUST2287,1831175.77,183117.577,10,2022-09-19,2025-02-06,2020-08-10,2025-06-30,60,180,36,Murthy PLC,Education,Enterprise,1,8,0
CUST2288,2347541.55,213412.86818181816,11,2022-06-11,2025-06-13,2024-04-12,2024-12-18,16,53,230,"Agrawal, Kibe and Uppal",Education,Mid-Market,12,5,0
CUST2289,1169310.39,116931.03899999999,10,2022-07-06,2025-07-16,2021-12-06,2025-06-30,44,20,36,Hans-Shan,Healthcare,Mid-Market,1,8,0
CUST2290,785830.98,112261.56857142856,7,2022-01-20,2024-12-19,2024-04-25,2024-10-04,15,229,305,"Nazareth, Mahal and Talwar",Education,Mid-Market,33,5,1
CUST2291,2231053.71,171619.51615384614,13,2022-02-14,2025-07-10,2021-10-09,2025-06-30,46,26,36,"Dutta, Verma and Warrior",Tech,Enterprise,1,8,0
CUST2292,2468437.5,205703.125,12,2022-01-18,2025-05-13,2020-09-30,2023-12-09,59,84,605,Baria LLC,Education,Enterprise,0,3,1
CUST2293,807006.47,161401.294,5,2022-01-18,2024-11-29,2022-01-22,2025-06-30,43,249,36,Goel PLC,Manufacturing,Mid-Market,1,8,0
CUST2294,1619977.3199999998,231425.3314285714,7,2022-11-14,2024-07-29,2021-02-25,2025-06-30,54,372,36,Yadav PLC,Government,Small,1,8,0
CUST2295,1889664.9,209962.76666666666,9,2022-04-28,2024-07-13,2019-05-15,2025-03-04,75,388,154,Pau-Sani,Healthcare,Enterprise,23,5,0
CUST2296,685236.8999999999,97890.9857142857,7,2022-03-30,2024-12-12,2024-07-14,2024-09-08,12,236,331,Kannan LLC,Education,Small,10,7,0
CUST2297,1847633.28,167966.66181818183,11,2022-05-18,2025-06-04,2019-06-20,2024-09-15,74,62,324,"Sunder, Shere and Suresh",Tech,Mid-Market,44,3,1
CUST2298,1589450.47,158945.047,10,2022-04-09,2025-05-30,2021-05-07,2025-06-30,51,67,36,Dua-Shah,Retail,Small,1,8,0
CUST2299,1459515.78,162168.42,9,2022-04-26,2025-05-09,2022-03-01,2025-06-30,41,88,36,Kant-Manda,Healthcare,Enterprise,1,8,0
CUST2300,2063644.9400000002,294806.42000000004,7,2022-01-28,2025-05-29,2023-02-13,2025-06-30,30,68,36,"Taneja, Sem and Taneja",Non-Profit,Enterprise,1,8,0
CUST2301,2430400.2199999997,220945.47454545452,11,2022-01-24,2025-06-06,2021-01-01,2025-06-30,55,60,36,"Krishnan, Loke and Karan",Non-Profit,Mid-Market,1,8,0
CUST2302,1999125.73,199912.573,10,2022-01-01,2025-02-28,2023-09-26,2024-02-14,22,158,538,Narula-Agarwal,Education,Mid-Market,10,1,0
CUST2303,1884663.7999999998,209407.08888888886,9,2022-07-16,2025-06-19,2024-02-02,2025-06-30,18,47,36,Kade-Thaker,Tech,Small,1,8,0
CUST2304,1534269.51,109590.67928571429,14,2022-05-08,2025-07-23,2022-09-21,2025-06-30,34,13,36,"Kumer, Srinivas and Narula",Non-Profit,Small,1,8,0
CUST2305,1711466.73,285244.455,6,2023-03-26,2025-06-14,2023-01-03,2023-12-30,31,52,584,"Bansal, Bhargava and Mani",Retail,Mid-Market,9,3,1
CUST2306,1416495.87,118041.32250000001,12,2022-07-28,2025-03-29,2021-04-11,2023-10-20,52,129,655,"Balay, Mand and Trivedi",Retail,Small,32,2,1
CUST2307,1878975.79,144536.59923076924,13,2022-02-13,2025-06-05,2023-03-10,2025-06-30,29,61,36,Goel-Butala,Tech,Mid-Market,1,8,0
CUST2308,1873613.84,144124.14153846155,13,2022-02-24,2025-05-28,2021-04-27,2024-12-13,52,69,235,"Ravel, Devi and Arora",Education,Mid-Market,22,5,0
CUST2309,1741196.0899999999,145099.67416666666,12,2022-04-05,2025-02-25,2019-09-18,2025-04-05,71,161,122,Butala-Seshadri,Retail,Mid-Market,5,5,0
CUST2310,1812411.8399999999,164764.7127272727,11,2022-03-16,2025-04-19,2023-11-08,2024-11-19,21,108,259,"Kala, Iyengar and Luthra",Healthcare,Mid-Market,39,1,1
CUST2311,1077623.13,179603.85499999998,6,2022-05-13,2025-04-11,2019-05-26,2025-06-30,75,116,36,"Savant, De and Korpal",Government,Small,1,8,0
CUST2312,2028295.85,184390.53181818183,11,2022-06-25,2025-05-20,2020-12-10,2023-12-20,56,77,594,"Ravel, Ravel and Srinivasan",Tech,Small,1,4,0
CUST2313,1355252.69,135525.269,10,2022-10-17,2025-03-05,2024-03-03,2024-09-18,17,153,321,Bora and Sons,Tech,Small,42,4,1
CUST2314,1927296.57,192729.657,10,2022-09-06,2025-06-24,2021-08-28,2025-06-30,47,42,36,Pillai Inc,Manufacturing,Mid-Market,1,8,0
CUST2315,2181859.39,128344.67000000001,17,2022-01-16,2025-02-03,2024-08-23,2024-12-12,11,183,236,"Kaur, Mahajan and Randhawa",Healthcare,Small,28,5,1
CUST2316,2477643.42,176974.53,14,2022-04-27,2025-06-16,2025-06-23,2025-06-30,1,50,36,Nanda Ltd,Government,Small,1,8,0
CUST2317,1033691.78,147670.2542857143,7,2022-05-05,2024-02-04,2024-02-24,2024-09-11,17,548,328,Khanna-Thaman,Government,Small,22,5,1
CUST2318,3600854.42,276988.8015384615,13,2022-03-30,2025-02-16,2024-07-13,2025-06-30,12,170,36,"Tella, Parekh and Sachdeva",Retail,Mid-Market,1,8,0
CUST2319,3117801.12,222700.08000000002,14,2022-04-02,2025-06-01,2023-01-13,2025-06-30,31,65,36,Solanki LLC,Finance,Mid-Market,1,8,0
CUST2320,578954.5900000001,57895.45900000001,10,2022-01-25,2024-09-04,2023-02-21,2025-06-30,29,335,36,Zacharia and Sons,Manufacturing,Mid-Market,1,8,0
CUST2321,2106473.32,234052.5911111111,9,2022-07-13,2025-01-27,2021-12-31,2023-10-11,43,190,664,Dhar-Rau,Finance,Enterprise,0,5,0
CUST2322,1866613.56,186661.356,10,2022-01-05,2025-04-20,2024-01-21,2024-09-23,18,107,316,Barad-Dhar,Manufacturing,Mid-Market,19,2,1
CUST2323,213250.27,30464.324285714283,7,2022-01-11,2025-05-04,2020-05-17,2024-01-17,63,93,566,"Choudhary, Issac and Ahluwalia",Finance,Enterprise,49,2,1
CUST2324,3304197.2,275349.76666666666,12,2022-05-02,2025-07-16,2024-01-20,2025-06-30,18,20,36,Sharaf-Iyer,Healthcare,Mid-Market,1,8,0
CUST2325,1874483.1600000001,208275.90666666668,9,2022-02-28,2025-01-23,2021-06-20,2025-06-30,50,194,36,"Mannan, Nagarajan and Minhas",Manufacturing,Small,1,8,0
CUST2326,2161376.99,135086.061875,16,2022-04-13,2025-05-05,2023-07-18,2025-06-30,24,92,36,Keer PLC,Government,Small,1,8,0
CUST2327,2241798.27,172446.02076923076,13,2022-03-18,2025-01-31,2020-11-10,2025-01-04,57,186,213,"Peri, Choudhary and Biswas",Tech,Enterprise,41,2,1
CUST2328,1867372.59,186737.25900000002,10,2022-07-10,2025-06-01,2019-12-07,2025-06-30,68,65,36,Kala and Sons,Retail,Small,1,8,0
CUST2329,2696116.61,207393.58538461538,13,2022-02-17,2025-07-19,2025-05-24,2025-06-30,2,17,36,Batta-Gupta,Government,Enterprise,1,8,0
CUST2330,1722908.35,156628.03181818183,11,2022-01-28,2024-09-30,2023-06-21,2024-07-04,25,309,397,"Bhagat, Shenoy and Dara",Manufacturing,Mid-Market,3,3,1
CUST2331,1860115.0,132865.35714285713,14,2022-02-15,2025-07-24,2021-08-06,2025-06-30,48,12,36,Wali LLC,Manufacturing,Enterprise,1,8,0
CUST2332,2233908.34,203082.57636363636,11,2022-04-20,2025-04-20,2022-06-03,2025-06-30,38,107,36,Naidu Inc,Government,Enterprise,1,8,0
CUST2333,1408390.94,140839.09399999998,10,2022-03-28,2024-10-31,2023-03-03,2025-06-30,29,278,36,Wali Group,Education,Mid-Market,1,8,0
CUST2334,1054526.62,95866.05636363638,11,2022-03-03,2025-05-16,2023-09-18,2025-06-30,22,81,36,Bose-Kashyap,Retail,Small,1,8,0
CUST2335,913725.78,130532.25428571428,7,2022-02-16,2025-02-10,2022-12-20,2025-06-30,31,176,36,Acharya Inc,Education,Enterprise,1,8,0
CUST2336,1816853.6800000002,259550.52571428573,7,2022-06-06,2024-10-12,2021-07-14,2024-03-17,49,297,506,"Sen, Keer and Dube",Education,Small,44,3,1
CUST2337,1542877.81,192859.72625,8,2022-06-12,2025-05-02,2019-06-22,2025-06-30,74,95,36,"Loke, Butala and Balan",Manufacturing,Mid-Market,1,8,0
CUST2338,915991.81,91599.18100000001,10,2022-04-30,2024-08-25,2021-07-11,2025-06-30,49,345,36,Thaman and Sons,Finance,Enterprise,1,8,0
CUST2339,2710738.84,208518.3723076923,13,2022-01-03,2025-05-31,2022-10-25,2025-06-30,33,66,36,Sama PLC,Retail,Enterprise,1,8,0
CUST2340,1429840.13,158871.12555555554,9,2022-01-03,2025-06-03,2024-12-11,2025-06-30,7,63,36,Sehgal-Dada,Finance,Small,1,8,0
CUST2341,825844.92,137640.82,6,2022-01-01,2024-06-13,2025-04-24,2024-09-26,3,418,313,"Dhillon, Murty and Suresh",Education,Mid-Market,37,3,1
CUST2342,997298.22,166216.37,6,2023-02-01,2025-07-12,2024-10-14,2025-06-30,9,24,36,Natarajan-Bhatnagar,Retail,Enterprise,1,8,0
CUST2343,762804.0,84756.0,9,2022-09-30,2025-03-08,2024-01-17,2024-04-17,18,150,475,Kapadia Inc,Government,Enterprise,12,7,0
CUST2344,1175309.31,167901.33000000002,7,2024-03-13,2025-07-13,2021-05-07,2025-06-30,51,23,36,"Swaminathan, Aurora and Rattan",Government,Small,1,8,0
CUST2345,2280672.01,207333.81909090906,11,2022-10-28,2025-07-16,2019-08-12,2025-06-30,72,20,36,"Bhakta, Srinivasan and Kohli",Non-Profit,Enterprise,1,8,0
CUST2346,1073522.96,268380.74,4,2022-01-12,2024-09-30,2022-06-02,2025-06-30,38,309,36,Grover PLC,Healthcare,Small,1,8,0
CUST2347,796226.91,88469.65666666668,9,2022-02-02,2024-12-26,2020-02-28,2025-06-30,66,222,36,Hora PLC,Government,Small,1,8,0
CUST2348,708844.72,70884.472,10,2022-09-11,2025-05-03,2021-07-03,2025-01-13,49,94,204,Seshadri-Dubey,Finance,Enterprise,31,5,1
CUST2349,1134540.61,113454.06100000002,10,2022-02-12,2025-05-15,2020-04-17,2024-09-27,64,82,312,Munshi and Sons,Healthcare,Mid-Market,48,1,1
CUST2350,1149460.77,127717.86333333334,9,2022-02-02,2025-04-27,2021-09-03,2025-06-30,47,100,36,Bhavsar-Barad,Retail,Enterprise,1,8,0
CUST2351,3058427.65,203895.17666666667,15,2022-02-11,2025-05-12,2021-05-24,2025-06-30,51,85,36,Sibal-Bains,Education,Mid-Market,1,8,0
CUST2352,1212000.67,173142.95285714284,7,2022-06-03,2025-05-15,2025-01-22,2025-06-30,6,82,36,"Rege, Subramaniam and Lanka",Non-Profit,Small,1,8,0
CUST2353,867200.08,123885.72571428571,7,2022-06-20,2025-07-24,2020-12-19,2024-03-15,56,12,508,Patla-Borah,Non-Profit,Enterprise,18,2,0
CUST2354,2109716.74,140647.7826666667,15,2022-01-13,2025-05-26,2022-10-29,2025-06-30,33,71,36,Mani and Sons,Government,Mid-Market,1,8,0
CUST2355,2030830.57,406166.114,5,2022-09-12,2025-01-30,2019-07-19,2025-06-30,73,187,36,Kurian-Bahri,Education,Mid-Market,1,8,0
CUST2356,1651764.06,183529.34,9,2023-01-12,2025-04-10,2023-08-10,2025-03-16,24,117,142,"Palla, Jain and Dugal",Retail,Enterprise,39,7,0
CUST2357,837116.95,83711.69499999999,10,2022-07-09,2025-06-26,2023-06-05,2025-01-19,26,40,198,Dash and Sons,Tech,Small,40,1,1
CUST2358,4974267.62,382635.9707692308,13,2022-03-17,2025-06-22,2019-11-16,2025-03-19,69,44,139,Shere and Sons,Government,Mid-Market,9,9,0
CUST2359,2130878.43,213087.84300000002,10,2022-03-13,2024-10-29,2019-07-25,2025-01-15,73,280,202,Ramanathan-Doshi,Tech,Small,47,4,1
CUST2360,1732494.6800000002,157499.5163636364,11,2022-07-10,2025-06-09,2023-02-21,2025-06-30,29,57,36,"Chaudhari, Manne and Patel",Tech,Mid-Market,1,8,0
CUST2361,2409656.55,160643.77,15,2022-07-06,2025-07-10,2021-08-01,2025-06-30,48,26,36,Dasgupta-Loke,Education,Mid-Market,1,8,0
CUST2362,1595666.31,145060.57363636364,11,2022-09-10,2025-03-04,2021-04-16,2025-06-30,52,154,36,Saraf-Gara,Government,Small,1,8,0
CUST2363,984059.4099999999,109339.93444444443,9,2022-03-10,2025-06-24,2024-12-29,2025-06-30,7,42,36,Uppal Inc,Retail,Small,1,8,0
CUST2364,961271.03,137324.43285714285,7,2022-08-06,2025-05-12,2020-03-18,2025-06-30,65,85,36,Bandi Group,Retail,Enterprise,1,8,0
CUST2365,795928.06,66327.33833333333,12,2022-04-10,2025-03-16,2021-11-24,2025-06-30,45,142,36,Bhargava-Sule,Government,Enterprise,1,8,0
CUST2366,2489747.9,165983.19333333333,15,2022-06-24,2025-07-19,2024-12-24,2025-06-30,7,17,36,Kade LLC,Tech,Mid-Market,1,8,0
CUST2367,2270762.2,252306.91111111114,9,2022-07-18,2025-05-19,2022-01-14,2025-06-30,43,78,36,Kapur PLC,Healthcare,Small,1,8,0
CUST2368,2098296.37,149878.31214285715,14,2022-02-01,2025-05-28,2023-01-02,2024-01-11,31,69,572,"Ram, Lad and Guha",Finance,Mid-Market,7,8,0
CUST2369,784902.4,112128.91428571429,7,2022-01-31,2025-04-21,2021-10-07,2025-06-30,46,106,36,Konda-Ramanathan,Government,Enterprise,1,8,0
CUST2370,3352454.42,186247.46777777778,18,2022-03-05,2025-07-12,2022-04-22,2025-06-30,40,24,36,Chander-Jha,Government,Small,1,8,0
CUST2371,766852.34,127808.72333333333,6,2022-02-07,2024-11-08,2023-05-29,2025-06-30,26,270,36,Chanda LLC,Non-Profit,Mid-Market,1,8,0
CUST2372,823246.84,117606.69142857143,7,2022-02-18,2025-06-01,2024-04-26,2024-11-26,15,65,252,Seth-Kalla,Retail,Small,30,3,1
CUST2373,807510.47,67292.53916666667,12,2022-08-08,2025-04-17,2021-05-30,2025-06-30,50,110,36,Ram and Sons,Tech,Enterprise,1,8,0
CUST2374,1891843.18,145526.39846153845,13,2022-01-20,2024-09-16,2019-02-06,2025-06-30,79,323,36,Saraf Group,Education,Small,1,8,0
CUST2375,2097175.75,161321.21153846153,13,2022-01-10,2025-03-21,2024-01-12,2025-06-30,19,137,36,Gill Group,Government,Mid-Market,1,8,0
CUST2376,1715489.34,142957.445,12,2022-04-24,2025-03-11,2020-09-03,2025-06-30,59,147,36,Bhavsar-Morar,Manufacturing,Enterprise,1,8,0
CUST2377,2492454.45,356064.92142857146,7,2022-03-09,2023-03-02,2021-11-20,2025-02-22,45,887,164,"Edwin, Kalita and Peri",Retail,Mid-Market,11,6,0
CUST2378,1481561.93,134687.44818181818,11,2022-02-06,2025-07-16,2019-11-29,2025-06-30,69,20,36,Palla-Bhasin,Non-Profit,Mid-Market,1,8,0
CUST2379,893625.91,99291.76777777779,9,2022-01-03,2024-04-27,2023-10-02,2025-06-30,22,465,36,Kata Inc,Tech,Small,1,8,0
CUST2380,20069.22,5017.305,4,2022-07-02,2024-01-24,2025-03-14,2025-06-30,4,559,36,"Dayal, Handa and Edwin",Non-Profit,Small,1,8,0
CUST2381,2240196.9,186683.07499999998,12,2022-07-06,2025-06-06,2021-08-25,2025-06-30,48,60,36,Chakraborty-Tiwari,Tech,Enterprise,1,8,0
CUST2382,2405958.9,300744.8625,8,2022-03-11,2024-12-24,2020-05-27,2023-12-08,63,224,606,Roy-Kalita,Finance,Mid-Market,25,1,1
CUST2383,2092910.4100000001,232545.60111111111,9,2022-04-07,2025-06-04,2023-04-14,2025-06-30,28,62,36,Sahni-Comar,Government,Enterprise,1,8,0
CUST2384,1545251.4700000002,220750.21000000002,7,2022-05-08,2025-07-12,2023-02-07,2024-09-07,30,24,332,"Ahluwalia, Sabharwal and Sachdeva",Government,Mid-Market,43,5,1
CUST2385,3070054.71,341117.19,9,2022-03-24,2025-05-25,2019-09-12,2025-06-30,71,72,36,Kade-Iyengar,Education,Enterprise,1,8,0
CUST2386,1289304.4,143256.04444444444,9,2022-03-05,2025-04-22,2021-05-05,2025-06-30,51,105,36,Sandal-Ganesan,Finance,Small,1,8,0
CUST2387,3454866.35,265758.95,13,2022-02-20,2025-04-04,2024-05-26,2025-06-30,14,123,36,Bhatt Ltd,Healthcare,Enterprise,1,8,0
CUST2388,1210511.69,134501.29888888888,9,2023-01-17,2025-06-09,2021-04-26,2025-06-30,52,57,36,Goda and Sons,Manufacturing,Enterprise,1,8,0
CUST2389,2424412.52,346344.6457142857,7,2023-06-01,2024-10-06,2025-06-12,2025-06-30,1,303,36,"Brahmbhatt, Rau and Yadav",Non-Profit,Mid-Market,1,8,0
CUST2390,1207638.36,120763.83600000001,10,2022-03-21,2025-04-22,2022-11-04,2025-06-30,33,105,36,Master Ltd,Education,Small,1,8,0
CUST2391,2054646.2,171220.51666666666,12,2023-03-19,2025-07-08,2024-01-05,2025-06-30,19,28,36,Mitter-Bala,Government,Small,1,8,0
CUST2392,1352207.6300000001,112683.96916666668,12,2022-06-07,2025-07-18,2020-09-22,2025-06-30,59,18,36,Vaidya Ltd,Tech,Enterprise,1,8,0
CUST2393,1115530.86,159361.55142857143,7,2022-03-24,2025-03-09,2023-06-27,2025-06-30,25,149,36,"Bhasin, Dash and Gera",Government,Enterprise,1,8,0
CUST2394,553482.41,69185.30125,8,2022-03-31,2024-11-23,2019-05-12,2025-06-30,75,255,36,Bakshi-Chakraborty,Tech,Mid-Market,1,8,0
CUST2395,254497.72,127248.86,2,2025-03-15,2025-06-15,2023-12-22,2025-06-30,19,51,36,Sibal-Upadhyay,Manufacturing,Mid-Market,1,8,0
CUST2396,2343126.02,213011.45636363636,11,2022-04-08,2025-07-11,2024-04-24,2025-06-30,15,25,36,Kale and Sons,Manufacturing,Enterprise,1,8,0
CUST2397,2274151.74,227415.17400000003,10,2022-07-23,2025-06-05,2023-03-27,2024-06-07,28,61,424,Sankar PLC,Healthcare,Mid-Market,33,5,0
CUST2398,1243429.61,138158.84555555557,9,2022-07-14,2025-07-21,2024-12-21,2025-04-18,7,15,109,"Borra, Kaur and Palla",Retail,Enterprise,3,3,0
CUST2399,2980380.65,270943.69545454544,11,2022-05-22,2025-03-18,2023-03-20,2025-06-30,28,140,36,Ganesh-Ramakrishnan,Retail,Mid-Market,1,8,0
CUST2400,867624.89,144604.14833333335,6,2022-08-20,2025-07-15,2020-12-22,2025-06-30,56,21,36,"Chander, Deo and Narasimhan",Finance,Small,1,8,0
CUST2401,1350121.2,135012.12,10,2022-01-07,2025-01-02,2019-11-08,2025-06-30,69,215,36,"Dhingra, Narula and Suri",Finance,Small,1,8,0
CUST2402,1209610.5,120961.05,10,2022-09-28,2025-07-18,2019-04-02,2025-06-30,77,18,36,Mallick-Bhargava,Tech,Enterprise,1,8,0
CUST2403,1279510.29,98423.86846153847,13,2022-06-28,2025-07-22,2022-07-31,2025-06-30,36,14,36,"Pillay, Bal and Patel",Retail,Enterprise,1,8,0
CUST2404,874283.53,109285.44125,8,2022-06-06,2025-07-13,2023-01-15,2025-03-16,31,23,142,"Krishnan, Gara and Hegde",Manufacturing,Mid-Market,4,9,0
CUST2405,1807234.4600000002,258176.35142857145,7,2023-03-09,2025-04-14,2019-04-08,2024-02-25,77,113,527,"Kulkarni, Chauhan and Mitra",Tech,Small,4,4,1
CUST2406,1397365.11,127033.19181818183,11,2022-02-16,2025-05-20,2022-03-04,2025-06-30,41,77,36,"Virk, Prasad and Baral",Non-Profit,Enterprise,1,8,0
CUST2407,1554698.69,129558.22416666667,12,2022-03-09,2025-03-26,2023-06-12,2025-06-30,26,132,36,Dhillon-Sidhu,Retail,Enterprise,1,8,0
CUST2408,1042551.9600000001,130318.99500000001,8,2022-08-09,2025-04-09,2019-12-30,2025-06-30,68,118,36,Mane PLC,Education,Enterprise,1,8,0
CUST2409,2808406.7800000003,401200.9685714286,7,2022-10-16,2025-07-20,2025-03-15,2024-10-17,4,16,292,Sankar-Gola,Finance,Mid-Market,17,2,1
CUST2410,1583599.72,131966.64333333334,12,2022-02-07,2025-01-15,2020-12-31,2025-06-30,55,202,36,Das LLC,Finance,Mid-Market,1,8,0
CUST2411,1485729.8900000001,114286.91461538462,13,2022-01-26,2025-01-10,2023-02-20,2025-06-30,29,207,36,"Rai, Balasubramanian and Aggarwal",Non-Profit,Mid-Market,1,8,0
CUST2412,1465641.41,209377.34428571427,7,2022-10-04,2025-04-27,2023-07-21,2025-06-30,24,100,36,Tandon-Mukhopadhyay,Education,Small,1,8,0
CUST2413,621347.3200000001,77668.41500000001,8,2022-07-31,2025-04-22,2019-04-18,2025-06-30,76,105,36,"Tella, Suresh and Khatri",Government,Small,1,8,0
CUST2414,1929990.53,120624.408125,16,2022-05-28,2025-06-28,2023-06-07,2025-06-30,26,38,36,Kaul Inc,Government,Enterprise,1,8,0
CUST2415,803107.23,100388.40375,8,2022-04-08,2023-11-19,2022-08-13,2025-03-12,36,625,146,Shanker-Sethi,Manufacturing,Enterprise,44,6,0
CUST2416,927055.97,154509.32833333334,6,2023-04-25,2024-08-02,2022-07-18,2024-05-22,37,368,440,Dalal Group,Retail,Mid-Market,4,1,1
CUST2417,1072201.16,214440.232,5,2023-03-22,2025-02-07,2022-06-18,2025-06-30,38,179,36,"Walia, Viswanathan and Deshpande",Manufacturing,Mid-Market,1,8,0
CUST2418,2108014.15,234223.79444444444,9,2022-06-04,2025-02-21,2021-03-08,2025-06-30,53,165,36,"Kala, Minhas and Datta",Retail,Mid-Market,1,8,0
CUST2419,1167110.07,116711.00700000001,10,2022-01-23,2025-04-28,2019-06-18,2023-10-10,74,99,665,"Chand, Loyal and Barad",Non-Profit,Mid-Market,48,10,0
CUST2420,986289.71,98628.97099999999,10,2022-11-30,2024-06-22,2022-06-20,2024-11-02,38,409,276,Kamdar-Lad,Manufacturing,Small,12,6,0
CUST2421,1035079.96,147868.5657142857,7,2022-06-09,2025-05-20,2023-03-23,2025-06-30,28,77,36,"Pandey, Chawla and Divan",Finance,Small,1,8,0
CUST2422,1911788.67,173798.97,11,2022-04-24,2025-05-13,2022-03-05,2025-06-30,41,84,36,Sagar-Varughese,Government,Enterprise,1,8,0
CUST2423,1536499.55,109749.96785714287,14,2022-03-08,2025-07-02,2021-10-03,2024-06-17,46,34,414,Parmer-Contractor,Tech,Enterprise,3,2,1
CUST2424,3630454.61,279265.7392307692,13,2022-01-19,2025-05-11,2023-02-15,2025-06-30,30,86,36,"Sandal, Deshpande and Dayal",Finance,Mid-Market,1,8,0
CUST2425,1151721.26,287930.315,4,2022-01-03,2024-02-28,2025-03-09,2025-06-30,4,524,36,"Badami, Mann and Chokshi",Government,Small,1,8,0
CUST2426,2785939.0300000003,163878.76647058825,17,2022-06-11,2025-05-05,2022-03-28,2025-06-30,40,92,36,Sehgal-Nazareth,Non-Profit,Mid-Market,1,8,0
CUST2427,438810.26,87762.052,5,2022-07-25,2025-07-05,2020-12-29,2024-09-07,56,31,332,Narain Inc,Tech,Small,2,3,1
CUST2428,945946.98,105105.22,9,2022-08-22,2025-07-17,2021-12-17,2025-06-30,44,19,36,"Chopra, Biswas and Sidhu",Tech,Small,1,8,0
CUST2429,614159.29,76769.91125,8,2022-03-05,2024-08-13,2021-05-30,2024-09-29,50,357,310,"Sagar, Taneja and Sandhu",Healthcare,Mid-Market,31,4,1
CUST2430,847736.66,84773.666,10,2022-02-24,2025-04-28,2019-10-24,2025-06-30,70,99,36,"Batta, Kurian and Mammen",Manufacturing,Small,1,8,0
CUST2431,326404.97,65280.99399999999,5,2022-04-20,2023-03-15,2021-01-08,2025-06-30,55,874,36,Mannan-Tank,Education,Enterprise,1,8,0
CUST2432,1172087.6400000001,146510.95500000002,8,2022-04-16,2024-06-23,2019-04-16,2023-11-02,76,408,642,"Merchant, Saha and Maharaj",Finance,Small,25,4,1
CUST2433,1475039.94,147503.994,10,2022-08-14,2025-07-04,2019-12-28,2025-07-19,68,32,17,Divan Ltd,Healthcare,Small,11,10,0
CUST2434,1013403.75,112600.41666666667,9,2022-04-26,2022-12-21,2024-09-02,2025-06-30,11,958,36,Nanda Ltd,Healthcare,Mid-Market,1,8,0
CUST2435,549434.7100000001,78490.67285714287,7,2022-03-11,2025-06-23,2022-11-02,2024-12-24,33,43,224,Bhalla-Wable,Healthcare,Enterprise,37,2,1
CUST2436,896067.3999999999,112008.42499999999,8,2022-09-15,2025-03-13,2020-01-19,2024-04-06,67,145,486,Yogi-Sabharwal,Tech,Small,38,3,1
CUST2437,1408149.57,88009.348125,16,2022-02-03,2025-05-23,2025-01-06,2025-07-06,7,74,30,Raj and Sons,Retail,Enterprise,38,9,0
CUST2438,1734255.72,247750.81714285715,7,2022-05-21,2025-04-19,2020-05-08,2024-12-28,63,108,220,"Pal, Ravi and Kalita",Non-Profit,Enterprise,34,2,1
CUST2439,602362.0800000001,66929.12000000001,9,2022-04-16,2025-06-04,2022-08-30,2025-04-16,35,62,111,Wali-Sabharwal,Government,Mid-Market,11,5,0
CUST2440,988525.64,89865.96727272727,11,2022-07-16,2025-05-12,2024-03-26,2025-06-30,16,85,36,Ganesan-Badal,Tech,Mid-Market,1,8,0
CUST2441,1233302.85,137033.65000000002,9,2022-11-29,2025-06-14,2021-06-07,2025-06-30,50,52,36,Tandon-Parekh,Non-Profit,Enterprise,1,8,0
CUST2442,2639220.08,164951.255,16,2022-03-01,2025-05-12,2024-03-13,2025-06-30,17,85,36,Raja-Kuruvilla,Manufacturing,Mid-Market,1,8,0
CUST2443,520951.98,86825.33,6,2023-02-02,2025-02-03,2022-04-12,2025-01-08,40,183,209,"Chauhan, Balan and Naidu",Education,Small,34,5,1
CUST2444,530046.08,66255.76,8,2022-06-13,2025-02-26,2024-02-09,2025-06-26,18,160,40,Bandi PLC,Tech,Enterprise,29,6,0
CUST2445,2785210.41,185680.69400000002,15,2022-01-29,2024-12-08,2023-03-19,2025-06-30,29,240,36,Parmar and Sons,Education,Mid-Market,1,8,0
CUST2446,151041.96,30208.392,5,2022-05-01,2024-08-20,2023-05-31,2023-12-25,26,350,589,"Vala, Buch and Dhar",Tech,Mid-Market,8,6,0
CUST2447,1543418.59,192927.32375,8,2022-01-09,2025-05-16,2024-07-29,2025-06-30,12,81,36,"Mistry, Chad and Sule",Non-Profit,Enterprise,1,8,0
CUST2448,1802753.66,200305.9622222222,9,2022-07-17,2025-01-31,2021-02-05,2025-06-30,54,186,36,Nagy and Sons,Non-Profit,Small,1,8,0
CUST2449,1906748.3,112161.66470588236,17,2022-01-15,2025-05-21,2020-06-12,2025-06-30,62,76,36,Lal-Singhal,Tech,Mid-Market,1,8,0
CUST2450,625408.29,69489.81,9,2022-07-06,2025-02-22,2022-10-23,2025-06-30,33,164,36,Pillay PLC,Retail,Enterprise,1,8,0
CUST2451,1887336.5,171576.04545454544,11,2022-09-19,2025-06-21,2023-08-01,2024-11-13,24,45,265,Dada PLC,Non-Profit,Small,13,2,1
CUST2452,2114213.06,140947.53733333334,15,2022-07-16,2025-07-06,2025-03-04,2025-03-19,5,30,139,Gandhi-Ahuja,Manufacturing,Small,6,4,0
CUST2453,2175743.4699999997,135983.96687499998,16,2022-01-01,2024-12-22,2023-10-17,2025-06-30,21,226,36,Kumar-Luthra,Healthcare,Enterprise,1,8,0
CUST2454,2425343.08,173238.79142857142,14,2022-11-22,2025-06-06,2022-02-11,2023-12-26,42,60,588,"Natarajan, Bath and Ghosh",Non-Profit,Mid-Market,8,1,1
CUST2455,1812025.12,129430.36571428573,14,2022-04-11,2025-07-17,2022-07-18,2025-06-30,37,19,36,Mani Ltd,Education,Enterprise,1,8,0
CUST2456,1341833.52,149092.61333333334,9,2022-06-09,2025-07-16,2019-01-08,2025-06-30,80,20,36,Dutt-Ahuja,Government,Small,1,8,0
CUST2457,1603681.85,160368.185,10,2022-12-02,2025-04-05,2023-02-05,2025-06-30,30,122,36,Sharma-Mani,Government,Mid-Market,1,8,0
CUST2458,1959798.82,178163.52909090908,11,2022-05-15,2025-04-09,2020-02-18,2024-11-27,66,118,251,Johal LLC,Healthcare,Enterprise,41,9,0
CUST2459,1031582.36,147368.90857142856,7,2022-02-11,2025-05-02,2023-01-01,2025-06-30,31,95,36,Mahal-Madan,Retail,Small,1,8,0
CUST2460,1868390.69,155699.22416666665,12,2022-04-28,2025-02-16,2022-02-01,2025-06-30,42,170,36,"Nagar, Kuruvilla and Kala",Education,Mid-Market,1,8,0
CUST2461,1964133.8900000001,218237.0988888889,9,2022-03-14,2025-02-23,2022-08-06,2025-06-30,36,163,36,Bhardwaj and Sons,Healthcare,Enterprise,1,8,0
CUST2462,1150573.81,127841.53444444445,9,2022-02-02,2025-05-19,2019-01-28,2025-06-30,79,78,36,Mutti-Nazareth,Education,Mid-Market,1,8,0
CUST2463,1443908.53,111069.88692307692,13,2022-03-26,2024-12-20,2023-02-23,2023-11-27,29,228,617,Radhakrishnan PLC,Tech,Mid-Market,9,7,0
CUST2464,3621711.67,278593.2053846154,13,2022-02-10,2024-11-26,2025-01-20,2025-06-30,6,252,36,"Mani, Raghavan and Dyal",Healthcare,Enterprise,1,8,0
CUST2465,925847.18,115730.8975,8,2023-02-21,2025-07-22,2024-08-01,2025-07-02,12,14,34,"Ramesh, Prabhu and Deep",Education,Small,38,10,0
CUST2466,1685247.58,168524.758,10,2022-09-04,2025-05-19,2022-08-12,2025-06-30,36,78,36,Ravi-Shukla,Manufacturing,Small,1,8,0
CUST2467,1286982.07,183854.58142857143,7,2022-04-02,2025-04-26,2022-05-30,2025-06-30,38,101,36,Talwar-Mittal,Education,Small,1,8,0
CUST2468,3634054.33,302837.86083333334,12,2022-06-21,2025-07-11,2022-09-29,2025-04-27,34,25,100,Wagle-Prabhu,Government,Mid-Market,2,7,0
CUST2469,1773436.28,147786.35666666666,12,2022-02-10,2025-05-10,2021-04-14,2025-06-30,52,87,36,"Sankaran, Pillai and Madan",Retail,Mid-Market,1,8,0
CUST2470,2000987.7999999998,181907.9818181818,11,2022-07-06,2025-05-29,2025-04-28,2025-06-30,3,68,36,"Wali, Bhandari and Puri",Manufacturing,Mid-Market,1,8,0
CUST2471,1852141.62,308690.27,6,2022-03-08,2025-06-01,2021-10-05,2025-06-30,46,65,36,Yadav Ltd,Government,Mid-Market,1,8,0
CUST2472,653739.38,93391.34,7,2022-01-03,2024-07-03,2023-04-09,2025-06-30,28,398,36,"Apte, Pant and Mangal",Non-Profit,Mid-Market,1,8,0
CUST2473,1026188.9700000001,68412.59800000001,15,2022-01-21,2025-04-02,2024-01-21,2025-06-30,18,125,36,"Padmanabhan, Saran and Parekh",Non-Profit,Mid-Market,1,8,0
CUST2474,871920.22,79265.47454545455,11,2022-04-30,2025-05-20,2022-10-09,2025-07-09,34,77,27,Oommen-Kaul,Manufacturing,Enterprise,39,6,0
CUST2475,581812.25,83116.03571428571,7,2022-04-25,2024-05-08,2024-09-23,2025-06-30,10,454,36,Karnik Ltd,Education,Mid-Market,1,8,0
CUST2476,1431945.01,143194.501,10,2022-02-02,2023-10-19,2022-03-27,2025-06-30,40,656,36,"Apte, Ganesh and Balakrishnan",Healthcare,Small,1,8,0
CUST2477,1375847.63,125077.05727272727,11,2022-08-09,2025-07-13,2019-12-26,2025-06-30,68,23,36,"Majumdar, Sood and Mammen",Healthcare,Small,1,8,0
CUST2478,602408.11,86058.30142857143,7,2022-07-27,2025-06-29,2023-04-07,2023-09-18,28,37,687,Issac LLC,Finance,Enterprise,22,10,0
CUST2479,1896161.98,158013.49833333332,12,2022-02-24,2025-04-22,2022-02-01,2025-06-30,42,105,36,Warrior-Ben,Healthcare,Small,1,8,0
CUST2480,234749.55,46949.909999999996,5,2023-09-30,2025-01-06,2022-06-14,2025-03-21,38,211,137,"Soni, Walla and Prabhakar",Retail,Enterprise,43,7,0
CUST2481,1193715.01,119371.501,10,2022-08-05,2025-07-18,2024-03-07,2025-06-30,17,18,36,"Luthra, Kale and Sem",Finance,Enterprise,1,8,0
CUST2482,768859.56,85428.84000000001,9,2023-03-11,2025-02-01,2022-07-26,2025-06-30,36,185,36,Bawa and Sons,Finance,Enterprise,1,8,0
CUST2483,1516976.37,101131.758,15,2022-01-31,2025-07-17,2021-08-27,2025-06-30,47,19,36,Pandey-Iyer,Education,Enterprise,1,8,0
CUST2484,1324833.95,264966.79,5,2022-04-17,2024-05-22,2021-04-28,2023-11-13,52,440,631,Ganesh Inc,Healthcare,Mid-Market,24,10,0
CUST2485,880826.24,146804.37333333332,6,2022-06-19,2024-12-01,2021-11-11,2025-03-21,45,247,137,Andra-Konda,Healthcare,Small,32,9,0
CUST2486,1391159.45,139115.945,10,2022-01-10,2025-07-21,2019-07-06,2025-06-30,74,15,36,Rattan Inc,Healthcare,Enterprise,1,8,0
CUST2487,840868.81,93429.86777777778,9,2022-02-24,2025-05-12,2024-11-10,2025-07-24,8,85,12,Lalla LLC,Healthcare,Mid-Market,42,10,0
CUST2488,2693622.96,244874.81454545454,11,2023-07-09,2025-04-30,2024-06-29,2025-04-09,13,97,118,"Mani, Sura and Sama",Tech,Small,13,5,0
CUST2489,983396.37,109266.26333333334,9,2022-05-11,2025-05-08,2022-07-24,2025-06-30,36,89,36,"Narasimhan, Shankar and Taneja",Non-Profit,Mid-Market,1,8,0
CUST2490,2930242.88,325582.5422222222,9,2022-05-26,2025-07-05,2025-05-07,2025-07-13,3,31,23,Karnik-Kothari,Government,Mid-Market,7,7,0
CUST2491,1966620.63,115683.56647058822,17,2022-04-28,2025-05-13,2022-01-22,2025-06-30,43,84,36,Dube and Sons,Retail,Enterprise,1,8,0
CUST2492,853038.81,121862.68714285715,7,2022-01-17,2025-04-28,2024-04-08,2025-06-30,16,99,36,Mody-Handa,Manufacturing,Small,1,8,0
CUST2493,749951.64,74995.164,10,2022-01-15,2025-06-10,2019-07-06,2024-04-24,74,56,468,Sathe-Saini,Non-Profit,Enterprise,7,7,0
CUST2494,2427641.51,173402.965,14,2022-04-04,2025-06-11,2019-10-09,2024-12-29,70,55,219,"Mohanty, Modi and Andra",Education,Small,23,3,1
CUST2495,1313103.29,187586.1842857143,7,2022-01-05,2025-07-17,2020-01-08,2025-06-30,67,19,36,Sen LLC,Non-Profit,Small,1,8,0
CUST2496,1654180.91,206772.61375,8,2022-05-05,2025-07-05,2020-11-19,2024-11-27,57,31,251,Deshpande Inc,Finance,Mid-Market,27,4,1
CUST2497,524025.38,65503.1725,8,2022-05-27,2025-06-18,2021-08-10,2025-06-30,48,48,36,"Oza, Rout and Sundaram",Finance,Mid-Market,1,8,0
CUST2498,1420002.19,118333.51583333332,12,2022-02-16,2025-05-21,2021-05-17,2025-06-30,51,76,36,"Pillay, Vyas and Chawla",Healthcare,Small,1,8,0
CUST2499,1214468.11,134940.90111111113,9,2022-02-18,2025-07-07,2020-03-14,2025-06-30,65,29,36,Tata LLC,Education,Enterprise,1,8,0
CUST2500,2969812.64,197987.50933333335,15,2022-04-10,2025-06-24,2021-02-06,2025-06-30,54,42,36,Iyengar-Trivedi,Government,Enterprise,1,8,0
CUST2501,1244009.4,95693.03076923077,13,2022-06-05,2025-04-10,2024-07-23,2025-01-16,12,117,201,Bora Group,Manufacturing,Mid-Market,39,1,1
CUST2502,1409061.2899999998,128096.4809090909,11,2022-02-02,2025-03-21,2024-08-25,2025-03-23,11,137,135,Char LLC,Manufacturing,Enterprise,20,6,0
CUST2503,1326421.78,147380.1977777778,9,2022-02-07,2024-05-12,2022-08-22,2025-06-30,35,450,36,"Mall, Chokshi and Pradhan",Government,Enterprise,1,8,0
CUST2504,2650914.71,189351.05071428572,14,2022-06-13,2025-04-05,2020-10-06,2025-06-30,58,122,36,Mohan-Sankar,Healthcare,Small,1,8,0
CUST2505,4132438.82,275495.9213333333,15,2022-01-11,2025-02-13,2019-11-19,2024-05-03,69,173,459,Kamdar-Oak,Non-Profit,Small,34,1,1
CUST2506,1946530.0,162210.83333333334,12,2022-04-05,2025-02-01,2020-05-12,2023-08-10,63,185,726,Dutta Ltd,Non-Profit,Small,22,4,0
CUST2507,2873099.1500000004,179568.69687500002,16,2022-03-20,2025-02-04,2024-03-14,2025-06-30,16,182,36,Ratti PLC,Finance,Enterprise,1,8,0
CUST2508,1236601.51,137400.16777777777,9,2022-05-27,2025-06-12,2023-12-27,2025-06-30,19,54,36,Mand-Saraf,Government,Mid-Market,1,8,0
CUST2509,1159214.86,144901.8575,8,2022-02-09,2024-12-30,2019-02-25,2025-06-30,78,218,36,Dugal-Grewal,Manufacturing,Mid-Market,1,8,0
CUST2510,2601118.83,216759.9025,12,2022-01-12,2025-07-09,2024-11-07,2025-03-18,9,27,140,Krishna-Biswas,Government,Mid-Market,1,4,0
CUST2511,3224180.16,460597.16571428574,7,2022-02-16,2024-09-07,2025-04-01,2025-06-08,4,332,58,"Bahri, Som and Kade",Retail,Small,1,6,0
CUST2512,2267160.61,251906.73444444442,9,2022-08-16,2025-05-04,2023-02-28,2024-06-23,29,93,408,Sehgal-Murty,Education,Small,20,9,0
CUST2513,2179023.2,181585.2666666667,12,2022-11-05,2025-06-27,2024-09-06,2025-06-30,11,39,36,Pall-Parekh,Healthcare,Small,1,8,0
CUST2514,1407367.55,234561.25833333333,6,2022-08-14,2024-05-08,2023-12-15,2024-09-10,19,454,329,Dhaliwal Group,Non-Profit,Enterprise,3,4,1
CUST2515,3775746.48,251716.432,15,2022-03-09,2025-03-16,2020-08-15,2025-06-30,60,142,36,Modi-Karan,Manufacturing,Small,1,8,0
CUST2516,1165884.2,233176.84,5,2022-05-07,2025-06-30,2025-03-06,2025-01-01,5,36,216,Dixit Inc,Healthcare,Mid-Market,29,5,1
CUST2517,2156915.16,179742.93000000002,12,2022-01-10,2025-01-24,2024-07-03,2024-12-05,13,193,243,Murthy-Thaker,Education,Small,50,4,0
CUST2518,799124.96,61471.150769230764,13,2022-03-04,2025-05-01,2019-05-23,2024-09-28,75,96,311,"Choudhry, Setty and Sule",Healthcare,Mid-Market,34,2,1
CUST2519,2392425.12,265825.01333333337,9,2022-04-08,2025-05-23,2019-12-08,2025-06-30,68,74,36,Nagi Group,Manufacturing,Small,1,8,0
CUST2520,941970.44,134567.2057142857,7,2022-11-06,2025-04-02,2019-10-14,2025-03-25,70,125,133,Vohra Ltd,Manufacturing,Small,10,2,0
CUST2521,810186.19,202546.5475,4,2022-09-26,2023-08-17,2025-03-17,2025-06-30,4,719,36,Madan PLC,Government,Small,1,8,0
CUST2522,2992523.19,176030.77588235293,17,2022-05-16,2025-07-14,2023-01-05,2025-06-30,31,22,36,"Madan, Gade and Kale",Retail,Enterprise,1,8,0
CUST2523,1376306.6400000001,172038.33000000002,8,2022-08-10,2025-07-15,2021-08-17,2025-06-30,48,21,36,"Rao, Jayaraman and Ramanathan",Finance,Mid-Market,1,8,0
CUST2524,641909.3,160477.325,4,2022-05-11,2025-06-12,2021-08-07,2025-06-30,48,54,36,Edwin-Hayer,Healthcare,Mid-Market,1,8,0
CUST2525,883310.21,88331.021,10,2022-07-18,2025-06-16,2024-04-18,2024-06-03,15,50,428,Sathe-Ramesh,Retail,Small,37,8,0
CUST2526,1827191.45,166108.31363636363,11,2022-01-16,2025-05-29,2019-11-11,2025-06-30,69,68,36,"Bail, Purohit and Kibe",Government,Mid-Market,1,8,0
CUST2527,1416365.99,236060.99833333332,6,2022-06-27,2025-04-06,2024-02-25,2024-06-22,17,121,409,Madan-Wali,Government,Mid-Market,7,6,0
CUST2528,2896530.55,206895.03928571427,14,2022-06-19,2025-02-19,2025-06-19,2025-07-11,1,167,25,Gola-Narain,Manufacturing,Enterprise,10,9,0
CUST2529,2133695.81,213369.581,10,2022-03-25,2024-07-21,2025-05-01,2025-05-14,3,380,83,"Sandhu, Golla and Raj",Government,Enterprise,8,6,0
CUST2530,648740.3200000001,72082.25777777779,9,2022-04-09,2025-07-15,2021-12-27,2025-06-30,43,21,36,Goyal LLC,Tech,Small,1,8,0
CUST2531,2381011.87,396835.3116666667,6,2022-04-17,2025-04-22,2023-12-03,2025-06-30,20,105,36,"Mani, Chaudhuri and Chanda",Healthcare,Enterprise,1,8,0
CUST2532,965484.34,137926.33428571429,7,2022-03-14,2024-10-03,2020-05-03,2024-11-20,64,306,258,Din Inc,Healthcare,Small,39,6,0
CUST2533,1939252.64,161604.38666666666,12,2022-03-25,2024-08-05,2020-01-19,2025-06-30,67,365,36,Batra-Lall,Tech,Enterprise,1,8,0
CUST2534,1335975.13,190853.59,7,2022-05-06,2025-03-19,2021-05-27,2025-06-30,51,139,36,Sami Inc,Finance,Enterprise,1,8,0
CUST2535,2681964.16,178797.61066666667,15,2022-01-09,2025-06-16,2019-01-01,2025-06-30,80,50,36,Ramaswamy and Sons,Education,Small,1,8,0
CUST2536,1109229.68,92435.80666666666,12,2022-02-07,2025-07-20,2023-07-12,2025-06-30,25,16,36,Mall-Vohra,Retail,Enterprise,1,8,0
CUST2537,2243592.79,186966.06583333333,12,2022-07-08,2025-07-16,2022-10-14,2024-07-23,34,20,378,Mukherjee-Sha,Manufacturing,Small,47,2,1
CUST2538,3075121.56,236547.8123076923,13,2022-02-11,2025-06-04,2021-01-08,2025-06-30,55,62,36,Randhawa PLC,Government,Enterprise,1,8,0
CUST2539,608464.1900000001,76058.02375000001,8,2022-01-08,2024-12-24,2022-05-04,2025-06-30,39,224,36,Kamdar-Tak,Education,Small,1,8,0
CUST2540,2134619.2,237179.91111111114,9,2022-06-11,2025-06-25,2021-08-06,2025-06-30,48,41,36,Kibe-Apte,Tech,Small,1,8,0
CUST2541,1993817.2799999998,664605.7599999999,3,2023-10-20,2025-07-06,2020-07-21,2024-08-31,61,30,339,"Thaker, Dey and Dasgupta",Manufacturing,Enterprise,0,9,0
CUST2542,1339347.95,223224.65833333333,6,2022-01-16,2023-12-31,2019-04-06,2024-12-01,77,583,247,Oak-Khare,Healthcare,Mid-Market,16,3,1
CUST2543,1774841.99,177484.199,10,2023-03-05,2025-07-23,2023-11-18,2025-06-30,20,13,36,Lal and Sons,Non-Profit,Mid-Market,1,8,0
CUST2544,891787.02,89178.702,10,2022-01-21,2025-07-01,2019-10-11,2025-06-30,70,35,36,Samra-Rastogi,Finance,Enterprise,1,8,0
CUST2545,3115540.7800000003,283230.98000000004,11,2022-09-07,2024-09-29,2021-06-26,2025-06-30,50,310,36,"Loyal, Sood and Sharaf",Education,Mid-Market,1,8,0
CUST2546,2431366.19,162091.07933333333,15,2022-01-08,2025-07-04,2022-01-17,2025-06-30,43,32,36,Kaul-Varughese,Non-Profit,Small,1,8,0
CUST2547,3767647.27,198297.2247368421,19,2022-04-23,2025-07-19,2020-08-07,2025-06-30,60,17,36,Wali-Radhakrishnan,Tech,Small,1,8,0
CUST2548,1091309.5,121256.61111111111,9,2022-01-04,2025-06-25,2025-04-09,2025-06-01,3,41,65,Sami-Madan,Tech,Mid-Market,8,7,0
CUST2549,673159.84,112193.30666666666,6,2022-05-12,2025-02-01,2023-02-11,2023-12-23,30,185,591,"Anand, Kala and Bora",Non-Profit,Mid-Market,28,4,0
CUST2550,1257570.74,157196.3425,8,2022-01-20,2025-07-24,2023-09-28,2025-06-30,22,12,36,Ray-Om,Non-Profit,Mid-Market,1,8,0
CUST2551,538424.6,59824.955555555556,9,2022-01-30,2025-01-19,2022-02-09,2025-06-30,42,198,36,Malhotra Inc,Retail,Small,1,8,0
CUST2552,3068778.69,180516.39352941175,17,2022-01-15,2025-07-03,2021-03-11,2025-06-30,53,33,36,"Mohanty, Om and Sachar",Healthcare,Small,1,8,0
CUST2553,4007631.3600000003,400763.13600000006,10,2022-02-19,2025-06-11,2019-04-23,2025-06-30,76,55,36,"Khanna, Bhargava and Gopal",Retail,Enterprise,1,8,0
CUST2554,3432832.68,381425.85333333333,9,2022-01-03,2025-01-04,2019-07-09,2025-06-30,73,213,36,Bawa-Gokhale,Healthcare,Mid-Market,1,8,0
CUST2555,1750938.7,291823.11666666664,6,2022-05-21,2024-02-01,2020-04-27,2024-04-04,64,551,488,Pai and Sons,Tech,Enterprise,12,7,0
CUST2556,1365486.04,170685.755,8,2022-02-04,2025-06-23,2020-09-29,2024-01-28,59,43,555,Choudhary Group,Finance,Mid-Market,16,2,1
CUST2557,1850521.42,168229.22,11,2022-11-29,2025-06-29,2020-05-28,2025-06-30,63,37,36,"Ranganathan, Subramaniam and Dash",Government,Small,1,8,0
CUST2558,1326425.19,132642.519,10,2022-07-13,2025-05-27,2024-05-29,2024-07-07,14,70,394,"Merchant, Vala and Sathe",Manufacturing,Enterprise,37,8,0
CUST2559,2097579.88,190689.08,11,2022-07-11,2025-01-02,2020-01-16,2024-06-19,67,215,412,Parsa LLC,Government,Small,41,4,1
CUST2560,1347954.07,269590.814,5,2022-03-26,2024-11-09,2021-03-31,2025-03-07,52,269,151,Korpal-Sunder,Retail,Small,10,7,0
CUST2561,2139275.7,178272.975,12,2022-01-12,2024-12-22,2022-12-09,2025-06-30,32,226,36,Halder-Gour,Tech,Enterprise,1,8,0
CUST2562,1846121.24,142009.32615384617,13,2022-02-07,2025-04-21,2021-07-23,2025-06-30,49,106,36,Korpal PLC,Education,Small,1,8,0
CUST2563,3339927.18,303629.74363636365,11,2022-07-18,2025-04-16,2019-01-16,2025-06-30,79,111,36,Pal-Patla,Education,Mid-Market,1,8,0
CUST2564,923267.39,92326.739,10,2022-07-11,2025-05-06,2021-01-25,2025-06-30,55,91,36,Yohannan-Dhillon,Tech,Mid-Market,1,8,0
CUST2565,1396963.3299999998,139696.33299999998,10,2022-01-12,2025-03-22,2021-02-07,2024-06-14,54,136,417,Yadav-Kar,Non-Profit,Enterprise,0,3,1
CUST2566,1755801.18,195089.02,9,2022-07-18,2024-09-18,2024-04-30,2025-06-04,15,321,62,Lala PLC,Tech,Small,0,9,0
CUST2567,1099957.26,137494.6575,8,2022-11-24,2025-01-24,2021-08-09,2025-06-30,48,193,36,"Mand, Thaker and Rajan",Finance,Mid-Market,1,8,0
CUST2568,2364733.03,197061.08583333332,12,2022-03-10,2024-12-22,2020-06-21,2025-06-30,62,226,36,Grewal-Setty,Education,Small,1,8,0
CUST2569,1286119.42,107176.61833333333,12,2022-01-20,2025-04-19,2025-03-02,2025-06-30,5,108,36,"Sood, Sandal and Prabhu",Education,Mid-Market,1,8,0
CUST2570,1236732.8599999999,247346.572,5,2022-03-10,2025-03-28,2020-05-28,2023-08-02,63,130,734,Patla-Bora,Tech,Mid-Market,19,4,1
CUST2571,150334.44,30066.888,5,2022-08-24,2025-01-15,2025-07-17,2025-06-30,0,202,36,"Krishnamurthy, Shenoy and Mittal",Retail,Mid-Market,1,8,0
CUST2572,871570.51,108946.31375,8,2022-01-24,2025-06-17,2024-03-16,2025-01-12,16,49,205,Chad-Kale,Finance,Mid-Market,8,7,0
CUST2573,1909639.33,127309.28866666667,15,2022-05-12,2025-03-02,2024-04-05,2025-01-18,16,156,199,Dua Ltd,Non-Profit,Small,34,5,0
CUST2574,1197655.21,119765.521,10,2022-03-18,2025-05-06,2021-07-16,2024-07-16,49,91,385,"Nazareth, Chander and Bahri",Government,Small,3,5,1
CUST2575,658141.47,109690.245,6,2022-06-09,2024-01-22,2020-10-10,2024-01-01,58,561,582,Dora-Dora,Finance,Small,28,2,1
CUST2576,1154611.56,192435.26,6,2022-07-17,2025-04-26,2024-05-18,2025-06-30,14,101,36,Kalita-Seshadri,Finance,Mid-Market,1,8,0
CUST2577,1069920.66,82301.58923076923,13,2022-02-06,2025-03-22,2024-10-11,2025-06-30,9,136,36,Deshmukh Inc,Retail,Small,1,8,0
CUST2578,2397227.35,159815.15666666668,15,2022-01-01,2024-10-19,2021-08-23,2025-06-30,48,290,36,Grewal-Setty,Education,Mid-Market,1,8,0
CUST2579,921121.2,102346.79999999999,9,2022-01-30,2025-05-11,2022-11-11,2024-09-09,33,86,330,Ben PLC,Finance,Enterprise,38,2,1
CUST2580,1132404.04,188734.00666666668,6,2022-05-08,2025-06-09,2021-01-13,2024-02-14,55,57,538,Dewan-Tank,Finance,Mid-Market,21,2,1
CUST2581,821637.45,91293.04999999999,9,2022-01-07,2024-11-11,2022-07-04,2025-06-30,37,267,36,"Manne, Mall and Prashad",Manufacturing,Small,1,8,0
CUST2582,1761231.13,195692.34777777776,9,2022-01-04,2025-07-10,2023-04-08,2025-01-31,28,26,186,Sankar Ltd,Finance,Small,1,9,0
CUST2583,922442.9500000001,131777.5642857143,7,2022-04-25,2025-04-17,2025-07-04,2025-06-30,1,110,36,Thakur Inc,Finance,Enterprise,1,8,0
CUST2584,2865721.5,220440.11538461538,13,2022-03-24,2025-02-08,2022-11-18,2023-11-20,33,178,624,"Oak, Atwal and Bava",Retail,Enterprise,0,7,0
CUST2585,1162923.6600000001,145365.45750000002,8,2022-05-15,2025-05-10,2019-10-30,2024-08-28,70,87,342,Bhattacharyya Ltd,Retail,Mid-Market,9,7,0
CUST2586,631929.05,90275.57857142857,7,2023-05-22,2025-03-29,2023-02-27,2025-06-30,29,129,36,Sridhar-Dyal,Non-Profit,Mid-Market,1,8,0
CUST2587,1935198.98,148861.46,13,2022-07-31,2025-02-11,2020-10-27,2025-06-30,58,175,36,Jani-Apte,Education,Small,1,8,0
CUST2588,1061866.08,132733.26,8,2022-04-07,2023-08-31,2019-12-06,2024-05-27,68,705,435,Nagi-Sachdeva,Education,Mid-Market,19,2,1
CUST2589,1320610.4200000002,132061.04200000002,10,2023-05-25,2025-06-19,2023-04-17,2025-06-30,28,47,36,Luthra Ltd,Manufacturing,Mid-Market,1,8,0
CUST2590,3344395.4299999997,238885.38785714284,14,2022-08-10,2025-07-22,2020-05-02,2025-06-30,64,14,36,Brahmbhatt-Mutti,Manufacturing,Small,1,8,0
CUST2591,3365743.5,240410.25,14,2022-05-18,2025-05-07,2023-09-07,2025-06-30,23,90,36,Khurana Ltd,Non-Profit,Small,1,8,0
CUST2592,3572169.36,274782.25846153847,13,2022-01-18,2025-05-21,2020-08-24,2024-10-03,60,76,306,Borde PLC,Tech,Mid-Market,49,4,1
CUST2593,3808168.6599999997,224009.92117647058,17,2022-02-11,2025-04-30,2025-02-26,2025-06-30,5,97,36,Dhingra PLC,Government,Small,1,8,0
CUST2594,2833423.1100000003,314824.79000000004,9,2022-02-04,2025-02-06,2022-10-01,2023-10-06,34,180,669,"Swamy, Keer and Lata",Education,Small,20,3,1
CUST2595,1404413.72,93627.58133333334,15,2022-01-19,2025-03-20,2025-05-24,2025-06-30,2,138,36,"Dubey, Bhattacharyya and Lanka",Tech,Small,1,8,0
CUST2596,3576173.0199999996,275090.2323076923,13,2022-05-27,2025-05-02,2020-02-19,2025-06-30,66,95,36,Gala Ltd,Retail,Small,1,8,0
CUST2597,1448170.34,96544.68933333334,15,2022-01-16,2025-07-11,2025-01-13,2025-06-30,6,25,36,"Narasimhan, Parikh and Lad",Government,Mid-Market,1,8,0
CUST2598,3098160.92,309816.092,10,2022-01-31,2024-06-07,2021-06-07,2025-06-30,50,424,36,Dash-Golla,Government,Small,1,8,0
CUST2599,1299406.15,162425.76875,8,2022-01-15,2025-07-09,2023-08-09,2024-11-13,24,27,265,"Brar, Tella and Chaudhry",Finance,Small,27,3,1
CUST2600,1827887.91,182788.791,10,2022-07-19,2025-01-17,2022-12-09,2024-03-03,32,200,520,Yadav PLC,Retail,Enterprise,4,7,0
CUST2601,1926556.42,120409.77625,16,2022-03-30,2025-03-27,2021-02-12,2025-06-30,54,131,36,Pandit Ltd,Healthcare,Small,1,8,0
CUST2602,288380.05,48063.34166666667,6,2022-08-09,2024-08-01,2020-03-28,2025-06-30,65,369,36,Rajan-Mangat,Education,Small,1,8,0
CUST2603,1422870.87,109451.6053846154,13,2022-01-06,2025-07-18,2024-03-22,2025-06-30,16,18,36,Shan-Jha,Non-Profit,Small,1,8,0
CUST2604,1657059.94,184117.7711111111,9,2022-05-10,2025-05-29,2019-01-02,2025-06-30,80,68,36,"Goel, Viswanathan and Ramakrishnan",Government,Mid-Market,1,8,0
CUST2605,553648.38,92274.73,6,2022-01-03,2024-07-12,2021-05-29,2025-06-30,50,389,36,"Sarna, Bhatia and Mammen",Retail,Mid-Market,1,8,0
CUST2606,1088413.25,108841.325,10,2022-06-17,2025-05-09,2024-12-30,2025-06-30,7,88,36,"Bal, Kala and Taneja",Government,Small,1,8,0
CUST2607,1780274.2000000002,148356.18333333335,12,2022-02-16,2024-10-24,2023-07-21,2024-11-06,24,285,272,"Chad, Bhakta and Bath",Healthcare,Mid-Market,30,3,1
CUST2608,342260.72,68452.144,5,2022-04-02,2024-05-13,2023-09-23,2025-06-30,22,449,36,Krishna-Jaggi,Manufacturing,Mid-Market,1,8,0
CUST2609,3338119.23,278176.6025,12,2022-07-27,2025-05-22,2021-12-24,2024-11-24,44,75,254,Mody-Memon,Education,Small,40,2,1
CUST2610,2016125.04,126007.815,16,2022-06-12,2025-04-02,2019-09-12,2025-06-30,71,125,36,Nayar and Sons,Education,Enterprise,1,8,0
CUST2611,1368831.98,228138.66333333333,6,2022-02-05,2025-04-19,2025-03-27,2025-05-28,4,108,69,Desai and Sons,Healthcare,Mid-Market,10,9,0
CUST2612,1109695.06,138711.8825,8,2022-02-02,2024-10-03,2019-12-12,2025-06-30,68,306,36,"Chawla, Gour and Sankar",Tech,Small,1,8,0
CUST2613,1556143.5,222306.2142857143,7,2022-10-08,2025-07-24,2024-12-12,2025-04-17,7,12,110,Koshy-Chaudhary,Tech,Small,21,7,0
CUST2614,1666454.15,151495.83181818182,11,2022-01-02,2025-05-24,2022-09-28,2024-10-20,34,73,289,Shukla and Sons,Retail,Mid-Market,46,2,1
CUST2615,1685614.9,140467.90833333333,12,2022-08-22,2025-05-02,2022-10-10,2025-06-30,34,95,36,Dhingra and Sons,Education,Small,1,8,0
CUST2616,1873529.76,133823.5542857143,14,2022-02-11,2025-06-10,2024-04-09,2025-06-30,16,56,36,"Rana, Sankaran and Pradhan",Government,Enterprise,1,8,0
CUST2617,1041077.6,148725.37142857144,7,2022-01-07,2024-12-07,2024-11-10,2025-06-30,8,241,36,Bala-Sridhar,Healthcare,Small,1,8,0
CUST2618,2466830.08,205569.17333333334,12,2022-02-14,2024-04-19,2021-11-08,2025-03-20,45,473,138,Chad-Narasimhan,Healthcare,Mid-Market,7,5,0
CUST2619,1523400.3599999999,217628.62285714285,7,2022-03-07,2025-06-08,2020-01-06,2024-03-18,67,58,505,Deol and Sons,Tech,Enterprise,14,9,0
CUST2620,2182510.76,198410.06909090906,11,2022-03-01,2025-07-10,2024-10-06,2025-06-30,10,26,36,"Shenoy, Chadha and Wali",Non-Profit,Enterprise,1,8,0
CUST2621,481507.71,68786.81571428572,7,2022-09-09,2024-04-13,2024-07-10,2025-06-30,13,479,36,Sheth-Uppal,Manufacturing,Enterprise,1,8,0
CUST2622,2384261.4000000004,170304.38571428575,14,2022-01-01,2025-04-07,2019-12-06,2025-06-30,68,120,36,"Kunda, Dash and Shah",Finance,Enterprise,1,8,0
CUST2623,718599.48,102657.06857142856,7,2022-02-07,2025-01-28,2022-04-20,2023-10-14,40,189,661,Cheema Inc,Non-Profit,Mid-Market,49,4,1
CUST2624,2562824.94,150754.4082352941,17,2022-02-27,2025-03-01,2019-07-28,2023-10-24,73,157,651,"Hora, Mandal and Tata",Healthcare,Mid-Market,37,3,1
CUST2625,1696590.05,130506.92692307693,13,2022-01-02,2025-03-25,2024-11-21,2025-06-30,8,133,36,Cherian Group,Retail,Small,1,8,0
CUST2626,887499.69,98611.07666666666,9,2023-04-09,2025-04-09,2021-01-13,2025-06-30,55,118,36,Goel and Sons,Healthcare,Mid-Market,1,8,0
CUST2627,867051.59,108381.44875,8,2022-05-06,2024-05-23,2019-04-23,2025-03-11,76,439,147,"Ramesh, Koshy and Dugar",Healthcare,Small,31,9,0
CUST2628,2101374.1,161644.16153846154,13,2022-01-05,2025-04-25,2023-07-11,2025-06-30,25,102,36,Bhagat Ltd,Non-Profit,Small,1,8,0
CUST2629,1990874.85,221208.31666666668,9,2022-03-31,2024-11-15,2020-01-21,2025-06-30,67,263,36,Samra-Shukla,Non-Profit,Mid-Market,1,8,0
CUST2630,635193.81,158798.4525,4,2022-02-21,2023-06-23,2024-02-16,2025-06-30,17,774,36,"Handa, Kaur and Sengupta",Government,Small,1,8,0
CUST2631,2611352.08,237395.64363636365,11,2022-05-18,2025-06-12,2019-12-14,2025-06-30,68,54,36,Sangha-Sood,Government,Mid-Market,1,8,0
CUST2632,2748723.04,305413.6711111111,9,2022-09-14,2025-06-15,2020-08-26,2025-06-30,60,51,36,"Baral, Mohan and Warrior",Non-Profit,Mid-Market,1,8,0
CUST2633,516972.67,103394.534,5,2022-01-13,2025-03-21,2020-08-18,2023-12-28,60,137,586,Chopra and Sons,Education,Enterprise,27,10,0
CUST2634,1530572.8699999999,170063.6522222222,9,2022-05-25,2024-10-17,2021-04-28,2023-11-14,52,292,630,Rai PLC,Tech,Enterprise,34,4,1
CUST2635,650574.28,130114.856,5,2022-06-04,2025-07-20,2022-08-10,2025-06-30,36,16,36,"Pillai, Menon and Bansal",Finance,Mid-Market,1,8,0
CUST2636,1458719.9,208388.55714285714,7,2022-03-21,2024-11-21,2019-01-29,2025-01-24,79,257,193,Banik-Som,Retail,Small,16,5,0
CUST2637,747544.24,93443.03,8,2022-04-13,2025-06-24,2023-01-23,2025-06-30,30,42,36,"Jain, Gopal and Bhakta",Finance,Enterprise,1,8,0
CUST2638,1662433.57,118745.255,14,2022-03-05,2025-03-22,2020-11-07,2025-06-30,57,136,36,"Issac, Dash and Shankar",Government,Small,1,8,0
CUST2639,2036190.47,145442.17642857143,14,2022-02-13,2025-06-16,2025-04-10,2025-06-30,3,50,36,Raman Group,Manufacturing,Enterprise,1,8,0
CUST2640,3846507.01,384650.701,10,2022-08-31,2025-06-12,2019-11-30,2025-06-30,69,54,36,Tripathi-Deol,Retail,Mid-Market,1,8,0
CUST2641,3027466.7800000003,201831.11866666668,15,2022-01-29,2025-04-29,2022-03-16,2025-07-01,41,98,35,"Chowdhury, Kibe and Walla",Non-Profit,Small,43,2,0
CUST2642,2627420.5300000003,164213.78312500002,16,2022-09-03,2025-04-17,2023-10-20,2025-06-30,21,110,36,"Barad, Bobal and Panchal",Government,Mid-Market,1,8,0
CUST2643,2386453.9299999997,198871.1608333333,12,2022-03-10,2025-06-26,2023-04-21,2025-06-30,27,40,36,Sarna Group,Healthcare,Small,1,8,0
CUST2644,922987.22,102554.13555555555,9,2022-01-01,2025-04-17,2019-10-10,2025-06-30,70,110,36,Soman and Sons,Government,Mid-Market,1,8,0
CUST2645,1413370.52,108720.80923076923,13,2022-07-18,2025-07-16,2021-05-07,2024-04-15,51,20,477,Edwin-Oommen,Tech,Mid-Market,2,3,1
CUST2646,1588289.01,158828.901,10,2022-02-14,2025-06-27,2020-02-14,2023-11-05,66,39,639,Setty-Sahota,Government,Enterprise,18,1,1
CUST2647,2647598.77,203661.44384615385,13,2022-05-10,2025-01-25,2022-04-02,2025-06-30,40,192,36,Char Group,Healthcare,Mid-Market,1,8,0
CUST2648,1371533.56,152392.61777777778,9,2022-10-15,2025-05-25,2021-12-31,2025-06-30,43,72,36,Issac-Lad,Government,Enterprise,1,8,0
CUST2649,1214556.23,134950.69222222222,9,2022-07-07,2024-08-24,2024-11-27,2025-06-30,8,346,36,Lala and Sons,Finance,Mid-Market,1,8,0
CUST2650,1663807.3499999999,138650.6125,12,2022-01-24,2025-03-23,2019-02-28,2025-03-18,78,135,140,Chahal-Venkataraman,Non-Profit,Enterprise,15,6,0
CUST2651,442739.73,110684.9325,4,2023-03-01,2025-07-24,2019-02-03,2025-06-25,79,12,41,Lad-Dhingra,Government,Small,19,10,0
CUST2652,957228.54,136746.9342857143,7,2022-02-16,2025-07-21,2019-09-02,2024-11-11,72,15,267,Gara Group,Education,Enterprise,26,4,1
CUST2653,1596605.57,99787.848125,16,2022-02-12,2025-07-08,2022-02-23,2025-06-30,41,28,36,"Dyal, Narayan and Rau",Government,Small,1,8,0
CUST2654,1417717.5,202531.07142857142,7,2022-02-01,2024-08-24,2019-10-14,2025-06-30,70,346,36,Pai-Sachar,Retail,Enterprise,1,8,0
CUST2655,1115371.39,111537.139,10,2022-06-06,2024-12-29,2020-09-25,2025-06-30,59,219,36,Badal Ltd,Non-Profit,Enterprise,1,8,0
CUST2656,723748.73,180937.1825,4,2022-07-07,2025-07-02,2025-03-30,2025-05-01,4,34,96,Dara-Mukherjee,Finance,Mid-Market,42,5,0
CUST2657,3090537.72,386317.215,8,2022-02-27,2025-07-12,2021-04-25,2025-03-07,52,24,151,"Pau, Maharaj and Ramakrishnan",Retail,Small,47,8,0
CUST2658,347690.6,38632.288888888885,9,2022-05-09,2024-12-30,2024-08-21,2025-05-02,11,218,95,Sane-Narain,Non-Profit,Mid-Market,6,6,0
CUST2659,2066236.98,158941.30615384615,13,2022-01-24,2025-02-17,2021-02-17,2025-06-30,54,169,36,Mallick Ltd,Tech,Small,1,8,0
CUST2660,2799953.58,199996.6842857143,14,2022-03-11,2025-05-12,2025-01-28,2024-09-08,6,85,331,"Mane, Parsa and Gandhi",Education,Mid-Market,41,5,1
CUST2661,633721.34,126744.268,5,2022-10-08,2025-06-15,2024-07-12,2025-06-30,12,51,36,Dalal-Hans,Education,Enterprise,1,8,0
CUST2662,1503222.82,136656.62,11,2022-02-05,2025-07-10,2024-03-27,2025-06-30,16,26,36,"Banerjee, Mand and Sarkar",Finance,Mid-Market,1,8,0
CUST2663,526232.7,58470.299999999996,9,2023-01-13,2025-07-24,2020-02-15,2024-08-08,66,12,362,Talwar-Deshpande,Education,Small,19,9,0
CUST2664,575289.74,44253.056923076925,13,2022-05-30,2025-05-07,2024-10-12,2024-10-22,9,90,287,Jani Ltd,Tech,Small,1,6,0
CUST2665,1587711.83,198463.97875,8,2023-05-12,2025-06-24,2022-01-12,2025-06-30,43,42,36,Bajaj-Lata,Manufacturing,Enterprise,1,8,0
CUST2666,3773859.39,221991.7288235294,17,2022-03-25,2025-06-14,2022-12-12,2025-06-30,32,52,36,Pandey-Hegde,Healthcare,Small,1,8,0
CUST2667,1813370.99,181337.099,10,2022-01-19,2025-06-08,2022-10-03,2025-06-30,34,58,36,Barman-Viswanathan,Manufacturing,Small,1,8,0
CUST2668,2153737.84,179478.15333333332,12,2022-02-22,2025-02-03,2025-02-17,2025-06-21,5,183,45,Sodhi-Chanda,Non-Profit,Small,44,9,0
CUST2669,1107407.3,110740.73000000001,10,2022-05-25,2025-07-23,2021-12-31,2025-06-30,43,13,36,"Rajagopalan, Bhardwaj and Halder",Retail,Small,1,8,0
CUST2670,2683112.84,335389.105,8,2022-04-30,2025-03-14,2020-12-29,2023-10-09,56,144,666,Ranganathan-Samra,Healthcare,Enterprise,7,6,0
CUST2671,904703.33,90470.333,10,2022-05-20,2025-01-03,2019-04-05,2025-06-30,77,214,36,Dalal-Madan,Education,Enterprise,1,8,0
CUST2672,1558117.46,222588.20857142858,7,2022-11-04,2025-07-17,2019-06-24,2025-01-02,74,19,215,Rattan-Thaman,Healthcare,Mid-Market,36,5,1
CUST2673,1161160.93,116116.093,10,2022-03-04,2025-05-24,2019-03-16,2025-06-30,77,73,36,"Chaudhari, Khosla and Jani",Education,Enterprise,1,8,0
CUST2674,1233497.36,176213.9085714286,7,2023-03-15,2025-06-21,2021-11-23,2025-06-30,45,45,36,"Kakar, Yadav and Upadhyay",Healthcare,Enterprise,1,8,0
CUST2675,1145580.46,88121.57384615384,13,2022-04-10,2025-06-22,2020-01-13,2025-06-17,67,44,49,"Dutta, Lad and Bera",Finance,Mid-Market,21,7,0
CUST2676,1028954.3200000001,128619.29000000001,8,2023-06-19,2025-07-03,2022-01-14,2025-03-27,43,33,131,"Agrawal, Vora and Shankar",Non-Profit,Enterprise,38,5,0
CUST2677,2586459.35,184747.09642857144,14,2022-03-15,2025-07-21,2021-05-26,2025-01-24,51,15,193,"Kurian, Bala and Choudhary",Manufacturing,Small,16,3,1
CUST2678,871093.78,96788.19777777778,9,2022-02-02,2024-02-12,2020-12-08,2025-06-30,56,540,36,Sidhu-Mander,Tech,Small,1,8,0
CUST2679,2602305.09,289145.01,9,2022-07-24,2025-05-04,2020-08-17,2025-06-30,60,93,36,Khalsa Inc,Tech,Small,1,8,0
CUST2680,4531428.13,348571.39461538463,13,2022-01-20,2025-07-22,2021-05-17,2025-06-30,51,14,36,Memon LLC,Finance,Mid-Market,1,8,0
CUST2681,629470.4299999999,104911.73833333333,6,2022-02-11,2025-05-07,2020-07-04,2025-06-30,61,90,36,"Tank, Babu and Mital",Government,Enterprise,1,8,0
CUST2682,2734797.6799999997,136739.884,20,2022-04-12,2025-07-09,2023-05-16,2023-08-06,27,27,730,Bhatnagar-Grewal,Non-Profit,Enterprise,6,1,1
CUST2683,558692.1,111738.42,5,2023-01-04,2025-07-16,2022-07-20,2025-01-26,37,20,191,Chaudhry Group,Retail,Small,47,6,0
CUST2684,1369007.25,136900.725,10,2022-03-14,2025-03-02,2021-11-11,2025-06-30,45,156,36,"Rau, Bhardwaj and Vora",Tech,Mid-Market,1,8,0
CUST2685,3059479.33,203965.28866666666,15,2022-08-25,2025-07-22,2020-12-04,2024-06-16,56,14,415,"Iyengar, Trivedi and Bail",Finance,Enterprise,36,3,1
CUST2686,2195631.36,219563.136,10,2022-07-24,2025-04-23,2025-01-03,2025-01-29,7,104,188,Ramaswamy PLC,Government,Enterprise,27,5,0
CUST2687,895343.22,74611.935,12,2022-05-21,2025-07-11,2024-10-16,2025-06-30,9,25,36,Ramesh-Bhatnagar,Tech,Enterprise,1,8,0
CUST2688,1311420.97,100878.53615384616,13,2022-02-12,2025-07-17,2021-02-20,2025-06-30,54,19,36,Rana-Bobal,Finance,Enterprise,1,8,0
CUST2689,835626.07,59687.576428571425,14,2022-03-02,2025-06-25,2022-01-25,2024-02-13,42,41,539,"Prasad, Sarma and Sahni",Manufacturing,Enterprise,1,8,0
CUST2690,1511113.54,151111.354,10,2022-06-18,2025-03-09,2023-05-27,2023-10-25,26,149,650,"Sarin, Karan and Mall",Tech,Mid-Market,41,2,1
CUST2691,1220338.49,135593.16555555555,9,2022-03-24,2024-12-14,2019-08-07,2025-06-30,73,234,36,"Lad, Sachdeva and Ram",Government,Mid-Market,1,8,0
CUST2692,1693054.45,153914.0409090909,11,2022-02-01,2024-08-07,2019-07-16,2023-09-05,73,363,700,Buch and Sons,Retail,Small,4,9,0
CUST2693,2190069.5300000003,243341.05888888892,9,2022-04-03,2025-04-02,2024-03-21,2025-06-30,16,125,36,Subramanian-Murty,Finance,Enterprise,1,8,0
CUST2694,4039328.16,336610.68,12,2022-03-14,2025-05-20,2024-07-27,2025-06-30,12,77,36,Dyal PLC,Retail,Small,1,8,0
CUST2695,925325.1699999999,132189.31,7,2022-04-17,2024-11-24,2021-11-25,2024-12-31,44,254,217,Chaudhari and Sons,Education,Mid-Market,18,8,0
CUST2696,991371.79,110152.42111111112,9,2022-05-04,2024-08-10,2021-07-19,2025-01-27,49,360,190,Pillai-Nair,Tech,Enterprise,1,9,0
CUST2697,540917.01,67614.62625,8,2022-04-07,2024-10-28,2024-04-11,2025-06-30,16,281,36,Sami and Sons,Tech,Mid-Market,1,8,0
CUST2698,2551888.89,255188.88900000002,10,2022-02-04,2025-03-20,2022-05-05,2025-06-30,39,138,36,Kaur Group,Government,Mid-Market,1,8,0
CUST2699,1053735.23,95794.11181818182,11,2022-01-06,2025-06-15,2022-11-07,2025-06-30,33,51,36,Patel Inc,Healthcare,Small,1,8,0
CUST2700,990988.7899999999,123873.59874999999,8,2022-03-14,2025-04-16,2021-06-14,2025-06-30,50,111,36,"Kalla, Panchal and Kade",Education,Small,1,8,0
CUST2701,634834.08,79354.26,8,2022-07-09,2025-02-28,2021-05-03,2025-06-30,51,158,36,"Naidu, Singhal and Bandi",Education,Small,1,8,0
CUST2702,937697.1799999999,72130.5523076923,13,2022-01-19,2025-07-22,2024-06-07,2025-02-20,14,14,166,"Chada, Pau and Pall",Education,Mid-Market,2,4,0
CUST2703,1685762.3399999999,240823.19142857142,7,2022-03-31,2025-06-04,2020-07-26,2025-06-30,61,62,36,Kumer and Sons,Retail,Enterprise,1,8,0
CUST2704,2042105.03,185645.91181818183,11,2022-01-04,2025-06-22,2022-10-22,2025-06-30,33,44,36,Krishna Inc,Retail,Small,1,8,0
CUST2705,2034888.43,169574.03583333333,12,2022-09-20,2024-12-16,2022-01-08,2025-06-30,43,232,36,"Parekh, Zacharia and Mohanty",Healthcare,Small,1,8,0
CUST2706,1074563.3599999999,134320.41999999998,8,2022-03-12,2025-02-12,2020-06-26,2023-09-22,62,174,683,Goswami-Soni,Education,Small,38,4,1
CUST2707,2975877.22,228913.6323076923,13,2022-01-26,2025-03-29,2023-11-26,2025-06-30,20,129,36,Shroff-Kunda,Healthcare,Enterprise,1,8,0
CUST2708,1812842.83,129488.77357142858,14,2022-01-08,2025-07-11,2020-10-02,2025-06-30,58,25,36,Yadav-Sura,Education,Enterprise,1,8,0
CUST2709,1870216.07,155851.33916666667,12,2022-03-27,2025-07-14,2019-11-14,2025-06-30,69,22,36,Grewal-Chaudhary,Government,Enterprise,1,8,0
CUST2710,1108090.12,123121.12444444446,9,2022-01-08,2024-10-17,2025-07-04,2025-07-18,1,292,18,Bhalla-Munshi,Non-Profit,Small,20,6,0
CUST2711,1925617.7200000002,192561.77200000003,10,2022-03-08,2024-09-10,2021-04-04,2024-01-30,52,329,553,Balakrishnan Inc,Tech,Enterprise,36,2,1
CUST2712,1808944.0899999999,164449.4627272727,11,2022-03-18,2025-04-26,2025-03-05,2025-06-30,5,101,36,"Chakraborty, Sehgal and Gandhi",Healthcare,Small,1,8,0
CUST2713,2331482.15,259053.57222222222,9,2022-11-18,2025-04-09,2019-06-26,2025-06-30,74,118,36,Krishna-Setty,Non-Profit,Small,1,8,0
CUST2714,791675.87,131945.97833333333,6,2023-06-20,2025-07-14,2025-01-21,2025-06-30,6,22,36,"Narayanan, Dube and Kothari",Non-Profit,Small,1,8,0
CUST2715,3308389.76,413548.72,8,2022-06-01,2024-12-11,2023-09-19,2024-10-21,22,237,288,"Mander, Dyal and Chaudry",Education,Small,19,7,0
CUST2716,1589229.62,158922.962,10,2022-02-13,2024-07-26,2025-04-29,2025-06-17,3,375,49,Gokhale-Mukherjee,Manufacturing,Mid-Market,31,10,0
CUST2717,811582.91,90175.8788888889,9,2022-03-14,2025-04-06,2020-09-26,2025-05-14,59,121,83,Gole-Choudhary,Manufacturing,Enterprise,13,9,0
CUST2718,439352.16,73225.36,6,2022-01-07,2025-05-09,2024-06-21,2024-12-26,13,88,222,Bahri-Prashad,Tech,Mid-Market,9,1,1
CUST2719,1510269.8399999999,137297.25818181818,11,2022-01-02,2025-06-25,2025-05-26,2025-07-11,2,41,25,"Pai, Suresh and Buch",Education,Small,24,5,0
CUST2720,1277185.79,182455.11285714287,7,2022-01-16,2025-07-21,2021-07-06,2024-09-04,49,15,335,Sathe-Setty,Non-Profit,Enterprise,20,1,1
CUST2721,2471270.87,176519.34785714286,14,2022-02-06,2025-05-24,2021-01-31,2025-02-01,54,73,185,Bhatnagar Ltd,Tech,Enterprise,17,7,0
CUST2722,2067212.26,187928.38727272727,11,2022-06-15,2025-05-03,2021-09-17,2025-06-30,47,94,36,Pillay LLC,Retail,Mid-Market,1,8,0
CUST2723,1400788.76,127344.43272727272,11,2022-04-07,2025-03-15,2022-09-12,2025-06-30,35,143,36,Lata LLC,Education,Enterprise,1,8,0
CUST2724,1588266.3900000001,132355.5325,12,2022-04-03,2024-10-19,2023-03-20,2025-02-07,28,290,179,"Chanda, Gade and Sule",Manufacturing,Enterprise,46,6,0
CUST2725,1262506.0699999998,157813.25874999998,8,2022-06-17,2025-05-02,2024-02-04,2024-12-20,18,95,228,"Sathe, Jhaveri and Kapur",Healthcare,Enterprise,10,10,0
CUST2726,2382090.94,264676.7711111111,9,2022-01-22,2024-12-30,2023-04-29,2025-06-30,27,218,36,Bhardwaj-Shetty,Retail,Mid-Market,1,8,0
CUST2727,889046.1,148174.35,6,2023-07-02,2025-06-20,2019-09-08,2025-04-24,71,46,103,"Wali, Sidhu and Kibe",Education,Small,22,7,0
CUST2728,1950669.94,216741.10444444444,9,2022-02-06,2025-07-18,2023-04-25,2025-06-30,27,18,36,Baria LLC,Education,Mid-Market,1,8,0
CUST2729,2633430.29,188102.16357142857,14,2022-02-24,2025-05-03,2024-02-04,2025-06-30,18,94,36,"Swamy, Chaudhuri and Ram",Government,Enterprise,1,8,0
CUST2730,1838409.65,306401.60833333334,6,2022-04-24,2025-05-12,2019-02-06,2025-06-30,79,85,36,"Wagle, Arya and Pandya",Government,Mid-Market,1,8,0
CUST2731,2472838.98,190218.38307692308,13,2022-01-01,2025-04-17,2021-06-09,2025-06-22,50,110,44,Tak-Reddy,Government,Small,17,9,0
CUST2732,1469949.8,209992.82857142857,7,2022-02-21,2025-05-19,2019-01-19,2025-06-30,79,78,36,"Handa, Comar and Dhillon",Manufacturing,Mid-Market,1,8,0
CUST2733,1389805.01,115817.08416666667,12,2022-04-05,2024-12-31,2022-11-08,2025-06-30,33,217,36,Bhatnagar Inc,Healthcare,Enterprise,1,8,0
CUST2734,2238298.19,172176.78384615385,13,2022-01-14,2025-05-25,2019-08-18,2023-12-28,72,72,586,"Basu, Chowdhury and Kunda",Tech,Enterprise,32,7,0
CUST2735,1891652.41,189165.24099999998,10,2022-02-03,2025-07-21,2022-05-03,2023-08-26,39,15,710,Toor PLC,Manufacturing,Mid-Market,29,1,1
CUST2736,3253859.55,325385.95499999996,10,2022-04-07,2025-07-12,2021-06-13,2025-07-11,50,24,25,Pandya-Chandra,Finance,Mid-Market,6,6,0
CUST2737,2934423.1,293442.31,10,2022-04-21,2024-11-13,2021-06-13,2025-06-30,50,265,36,Roy LLC,Non-Profit,Small,1,8,0
CUST2738,2574372.21,234033.83727272728,11,2022-04-10,2025-07-19,2021-10-30,2024-08-28,45,17,342,"Patil, Nigam and Char",Government,Mid-Market,26,5,1
CUST2739,2500046.58,192311.27538461538,13,2022-01-02,2025-03-06,2019-06-20,2023-12-28,74,152,586,Sharaf-Pillay,Tech,Mid-Market,2,8,0
CUST2740,792133.26,113161.89428571428,7,2022-04-10,2024-08-27,2023-11-20,2024-12-19,20,343,229,Chada-Sundaram,Manufacturing,Enterprise,43,8,0
CUST2741,2997335.63,157754.50684210527,19,2022-01-11,2025-06-11,2020-12-15,2025-06-30,56,55,36,Koshy Group,Manufacturing,Mid-Market,1,8,0
CUST2742,1575256.21,157525.62099999998,10,2022-03-13,2025-06-20,2022-07-22,2024-03-15,37,46,508,"Kanda, Palan and Minhas",Retail,Small,7,9,0
CUST2743,879068.7,97674.29999999999,9,2022-01-04,2025-06-26,2021-03-03,2024-06-29,53,40,402,Barman PLC,Retail,Mid-Market,49,4,1
CUST2744,1114640.75,123848.97222222222,9,2022-09-05,2025-07-15,2019-03-29,2025-06-30,77,21,36,Palla Group,Government,Enterprise,1,8,0
CUST2745,991711.49,110190.16555555555,9,2022-01-23,2025-07-01,2020-11-14,2025-06-30,57,35,36,Roy Group,Education,Enterprise,1,8,0
CUST2746,2713216.52,208708.96307692307,13,2022-01-15,2025-05-07,2021-06-15,2025-06-30,50,90,36,Doshi-Singh,Education,Small,1,8,0
CUST2747,1986401.45,220711.2722222222,9,2022-07-03,2024-12-09,2023-05-30,2025-06-30,26,239,36,Bhargava PLC,Healthcare,Enterprise,1,8,0
CUST2748,526564.27,65820.53375,8,2022-03-18,2025-03-22,2023-11-26,2025-01-01,20,136,216,Chowdhury-Kata,Education,Small,19,5,1
CUST2749,3668506.93,215794.52529411766,17,2022-01-19,2025-07-01,2024-10-15,2025-06-30,9,35,36,"Sura, Kanda and Sekhon",Government,Mid-Market,1,8,0
CUST2750,2417305.1,201442.09166666667,12,2022-01-11,2025-04-19,2019-10-24,2025-06-30,70,108,36,Nath LLC,Healthcare,Enterprise,1,8,0
CUST2751,832177.04,118882.43428571429,7,2022-03-05,2025-02-16,2024-11-06,2025-06-04,9,170,62,Kala-Loke,Education,Mid-Market,24,9,0
CUST2752,1912808.82,119550.55125,16,2022-03-28,2025-05-24,2019-12-10,2025-06-30,68,73,36,Badal Ltd,Finance,Small,1,8,0
CUST2753,953090.3600000001,105898.9288888889,9,2022-01-31,2025-04-26,2023-11-21,2024-04-14,20,101,478,Mammen-Nagi,Tech,Small,25,5,1
CUST2754,1051837.83,210367.56600000002,5,2022-07-10,2025-04-23,2020-08-01,2025-06-30,61,104,36,Bhagat-Ahluwalia,Healthcare,Enterprise,1,8,0
CUST2755,1850605.45,168236.8590909091,11,2022-02-28,2025-07-15,2025-06-08,2025-06-30,1,21,36,Lad-Dua,Healthcare,Enterprise,1,8,0
CUST2756,2130338.74,193667.1581818182,11,2022-01-31,2025-03-22,2019-09-29,2025-06-30,71,136,36,Dugal PLC,Tech,Small,1,8,0
CUST2757,948156.51,158026.085,6,2022-01-03,2025-06-01,2025-04-07,2024-10-08,4,65,301,"Karpe, Karnik and Borde",Tech,Mid-Market,7,1,1
CUST2758,3675952.23,229747.014375,16,2022-07-13,2025-06-08,2021-06-26,2025-06-30,50,58,36,Dhillon-Kothari,Healthcare,Mid-Market,1,8,0
CUST2759,2225135.66,171164.28153846154,13,2022-01-29,2024-09-30,2023-11-10,2023-12-08,21,309,606,Kakar-Narang,Non-Profit,Mid-Market,9,8,0
CUST2760,2693355.0,224446.25,12,2022-02-04,2025-06-21,2024-01-30,2024-06-01,18,45,430,"Mammen, Bedi and Shan",Tech,Mid-Market,13,4,1
CUST2761,454807.1,75801.18333333333,6,2022-03-01,2024-11-18,2024-01-04,2024-08-27,19,260,343,"Sharma, Banerjee and Lata",Tech,Enterprise,3,3,1
CUST2762,2225853.16,247317.0177777778,9,2022-02-15,2025-04-02,2020-12-05,2025-04-15,56,125,112,Dayal-Menon,Manufacturing,Mid-Market,2,7,0
CUST2763,1995271.92,285038.8457142857,7,2022-10-19,2025-06-07,2020-02-16,2025-06-30,66,59,36,Natt-Iyer,Government,Mid-Market,1,8,0
CUST2764,1169448.46,146181.0575,8,2022-02-14,2025-05-23,2022-08-05,2024-10-22,36,74,287,Tripathi-Wason,Tech,Mid-Market,44,4,1
CUST2765,1099651.96,122183.55111111111,9,2022-07-27,2025-07-19,2019-02-25,2023-07-27,78,17,740,Arora Group,Tech,Enterprise,41,5,1
CUST2766,470127.20999999996,67161.03,7,2023-03-27,2025-01-05,2021-06-21,2024-06-10,50,212,421,Naidu LLC,Healthcare,Small,45,4,1
CUST2767,1471674.3,133788.57272727272,11,2022-03-25,2025-03-29,2024-03-17,2025-06-30,16,129,36,"Chacko, Sharaf and Nagarajan",Non-Profit,Small,1,8,0
CUST2768,1519567.57,168840.8411111111,9,2022-02-09,2025-02-11,2019-03-18,2024-08-22,77,175,348,Tailor-Bobal,Healthcare,Small,35,3,1
CUST2769,1383510.26,125773.66,11,2022-03-13,2025-07-19,2019-06-22,2025-06-30,74,17,36,Chokshi Ltd,Manufacturing,Small,1,8,0
CUST2770,2232761.24,248084.58222222223,9,2022-02-15,2025-04-13,2020-02-09,2025-06-30,66,114,36,Chokshi PLC,Tech,Small,1,8,0
CUST2771,2061487.58,171790.63166666668,12,2022-01-15,2025-04-09,2022-08-29,2025-06-30,35,118,36,"Mohanty, Hora and Shanker",Education,Small,1,8,0
CUST2772,824417.6399999999,91601.95999999999,9,2022-03-26,2025-03-22,2024-03-20,2024-11-21,16,136,257,"Subramanian, Venkatesh and Dube",Government,Small,5,5,0
CUST2773,589230.82,84175.83142857142,7,2022-02-10,2024-07-28,2020-12-29,2024-10-21,56,373,288,Tank Group,Government,Enterprise,20,5,1
CUST2774,1432448.23,143244.823,10,2022-03-26,2025-02-11,2019-08-28,2024-12-01,72,175,247,Venkataraman-Kothari,Retail,Mid-Market,28,1,1
CUST2775,2193660.38,182805.03166666665,12,2022-05-03,2025-04-17,2022-12-29,2024-08-19,31,110,351,Krishna-Zacharia,Non-Profit,Mid-Market,10,9,0
CUST2776,2569702.92,233609.35636363635,11,2022-02-13,2025-05-13,2019-06-02,2025-06-30,75,84,36,Narain Inc,Manufacturing,Small,1,8,0
CUST2777,1251100.52,83406.70133333333,15,2022-02-06,2025-07-05,2024-11-24,2025-06-30,8,31,36,Shankar Ltd,Tech,Small,1,8,0
CUST2778,1646175.49,164617.549,10,2022-04-03,2025-05-31,2022-11-09,2025-06-30,33,66,36,Chandran-Krish,Manufacturing,Enterprise,1,8,0
CUST2779,2079642.94,138642.86266666665,15,2022-01-09,2024-09-28,2025-03-13,2025-06-30,4,311,36,"Date, Goswami and Nori",Tech,Enterprise,1,8,0
CUST2780,1138861.39,189810.23166666666,6,2022-08-02,2024-10-24,2022-05-13,2025-06-30,39,285,36,"Gole, Mani and Nath",Non-Profit,Mid-Market,1,8,0
CUST2781,1094858.45,156408.35,7,2023-08-07,2025-01-15,2025-06-22,2025-07-13,1,202,23,"Dua, Sachdev and Dewan",Non-Profit,Small,8,8,0
CUST2782,1294117.0499999998,161764.63124999998,8,2022-03-16,2025-03-24,2021-09-23,2025-06-30,47,134,36,Walia Group,Education,Small,1,8,0
CUST2783,775091.3400000001,110727.3342857143,7,2022-01-06,2025-06-11,2021-03-03,2025-02-26,53,55,160,Goyal Inc,Education,Enterprise,3,7,0
CUST2784,182296.11,36459.221999999994,5,2022-10-20,2025-03-04,2023-03-10,2025-06-30,29,154,36,"Sant, Sampath and Singh",Manufacturing,Enterprise,1,8,0
CUST2785,2211951.52,201086.50181818183,11,2022-05-03,2025-06-09,2025-04-11,2025-06-25,3,57,41,"Tripathi, Subramanian and Iyengar",Retail,Small,4,8,0
CUST2786,3131389.26,260949.10499999998,12,2023-01-08,2025-02-28,2019-12-19,2025-06-30,68,158,36,"Bir, Kant and Chander",Education,Enterprise,1,8,0
CUST2787,1686458.88,140538.24,12,2022-05-07,2025-07-17,2023-03-30,2025-06-30,28,19,36,Gandhi LLC,Tech,Enterprise,1,8,0
CUST2788,2327355.54,155157.036,15,2022-04-09,2025-05-27,2022-06-20,2025-06-30,38,70,36,Johal Ltd,Finance,Small,1,8,0
CUST2789,665212.79,73912.53222222223,9,2023-04-06,2025-05-30,2024-09-14,2025-01-27,10,67,190,Balay-Ganesh,Tech,Mid-Market,1,1,0
CUST2790,971707.55,138815.36428571428,7,2022-05-15,2025-04-22,2019-11-21,2025-06-30,69,105,36,"Mutti, Bhatti and Pradhan",Government,Small,1,8,0
CUST2791,1829137.8,114321.1125,16,2022-01-22,2025-07-11,2021-01-09,2024-07-01,55,25,400,Mandal-Badal,Non-Profit,Mid-Market,35,4,1
CUST2792,1985472.34,180497.48545454547,11,2022-03-18,2025-02-03,2021-08-17,2025-04-08,48,183,119,Sheth-Chand,Government,Small,33,10,0
CUST2793,922207.55,102467.50555555556,9,2022-01-09,2025-07-18,2022-06-02,2025-06-30,38,18,36,Lad Inc,Retail,Mid-Market,1,8,0
CUST2794,3448097.6399999997,202829.27294117646,17,2022-01-08,2025-07-11,2022-12-22,2025-06-30,31,25,36,"Pathak, Pillai and Pant",Education,Mid-Market,1,8,0
CUST2795,3007469.34,200497.95599999998,15,2022-01-14,2025-07-21,2022-08-03,2025-06-30,36,15,36,"Dalal, Wable and Varughese",Healthcare,Mid-Market,1,8,0
CUST2796,2249902.13,204536.55727272725,11,2022-03-09,2025-05-09,2021-03-29,2025-01-09,53,88,208,Dutta-Bahri,Manufacturing,Mid-Market,47,2,1
CUST2797,2606617.3,153330.4294117647,17,2022-02-11,2025-06-03,2021-03-02,2025-06-30,53,63,36,Pillai-Dayal,Manufacturing,Mid-Market,1,8,0
CUST2798,5447400.100000001,340462.50625000003,16,2022-03-24,2025-07-17,2020-10-02,2024-10-03,58,19,306,Vasa-Sibal,Government,Enterprise,31,10,0
CUST2799,1011062.99,202212.598,5,2024-04-04,2025-07-17,2023-03-27,2025-06-30,28,19,36,"Dua, Kohli and Mani",Government,Mid-Market,1,8,0
CUST2800,916475.87,130925.12428571428,7,2023-03-09,2024-09-02,2024-12-22,2025-06-30,7,337,36,Barad Group,Non-Profit,Enterprise,1,8,0
CUST2801,2432636.9299999997,243263.69299999997,10,2022-04-15,2024-12-08,2021-06-17,2025-07-03,50,240,33,"Wable, Dhingra and Bora",Manufacturing,Enterprise,4,7,0
CUST2802,2872435.46,205173.96142857143,14,2022-03-28,2025-01-18,2021-11-21,2025-06-30,45,199,36,Kanda PLC,Tech,Small,1,8,0
CUST2803,1264236.26,210706.04333333333,6,2022-02-15,2024-03-19,2023-08-23,2024-08-26,23,504,344,Prasad Group,Tech,Small,49,4,1
CUST2804,1782181.08,222772.635,8,2022-09-03,2025-02-25,2024-11-24,2024-12-04,8,161,244,Hayer LLC,Government,Mid-Market,2,8,0
CUST2805,804413.34,160882.668,5,2022-07-27,2025-04-12,2023-05-26,2025-06-30,26,115,36,"Batta, Yadav and Kota",Non-Profit,Small,1,8,0
CUST2806,3271938.64,363548.7377777778,9,2022-05-17,2025-02-17,2024-08-05,2025-06-30,12,169,36,"Agarwal, Nadkarni and Sawhney",Non-Profit,Mid-Market,1,8,0
CUST2807,797849.74,113978.53428571428,7,2022-01-18,2024-06-10,2024-01-12,2024-11-17,19,421,261,Rao LLC,Finance,Mid-Market,8,7,0
CUST2808,1622951.2999999998,162295.12999999998,10,2022-06-09,2025-01-31,2023-08-07,2025-06-30,24,186,36,"Raj, Khanna and Purohit",Tech,Small,1,8,0
CUST2809,1533953.3599999999,139450.30545454545,11,2022-03-01,2025-03-31,2025-06-30,2024-10-31,1,127,278,"Raval, Mody and Ghose",Manufacturing,Mid-Market,27,3,1
CUST2810,1953229.28,177566.2981818182,11,2022-04-26,2025-05-22,2021-08-28,2025-06-30,47,75,36,"Andra, Ramaswamy and Iyer",Healthcare,Enterprise,1,8,0
CUST2811,1949015.28,216557.25333333333,9,2022-06-27,2025-05-30,2022-02-18,2025-07-02,42,67,34,Jhaveri Inc,Tech,Enterprise,0,8,0
CUST2812,2181662.78,311666.1114285714,7,2022-07-01,2025-05-22,2024-05-11,2024-10-27,15,75,282,"Panchal, Sarraf and Shankar",Non-Profit,Enterprise,12,2,1
CUST2813,3281020.03,273418.3358333333,12,2022-02-26,2025-07-14,2022-04-17,2025-06-30,40,22,36,"Suri, Chhabra and Goel",Healthcare,Mid-Market,1,8,0
CUST2814,2389249.57,298656.19625,8,2022-10-11,2024-09-11,2023-08-01,2024-04-22,24,328,470,"Pandey, Roy and Varty",Manufacturing,Small,31,10,0
CUST2815,3073657.88,279423.4436363636,11,2022-06-06,2024-11-08,2019-05-13,2025-06-30,75,270,36,"Raghavan, Boase and Bora",Education,Enterprise,1,8,0
CUST2816,1260003.9500000002,105000.32916666668,12,2022-03-18,2025-02-04,2019-12-27,2025-06-30,68,182,36,Chanda-Boase,Retail,Enterprise,1,8,0
CUST2817,1741662.12,217707.765,8,2022-06-12,2025-07-20,2024-12-08,2025-06-30,8,16,36,Kapoor-Virk,Government,Enterprise,1,8,0
CUST2818,2118629.19,211862.919,10,2022-12-07,2025-04-10,2024-06-02,2024-11-05,14,117,273,Balakrishnan-Sura,Manufacturing,Small,49,2,0
CUST2819,1333040.2400000002,190434.32000000004,7,2022-02-25,2025-04-17,2025-03-05,2024-10-06,5,110,303,"Sandal, Bose and Ramanathan",Finance,Mid-Market,29,4,1
CUST2820,1379149.72,229858.28666666665,6,2022-01-28,2025-05-11,2025-03-14,2025-06-30,4,86,36,Gulati Inc,Government,Mid-Market,1,8,0
CUST2821,1955045.02,244380.6275,8,2022-01-25,2025-01-15,2023-06-07,2025-06-30,26,202,36,Sharma-Goda,Tech,Small,1,8,0
CUST2822,1064703.73,133087.96625,8,2022-04-17,2025-06-12,2021-05-23,2023-08-03,51,54,733,"Dora, Suri and Ranganathan",Government,Small,5,9,0
CUST2823,674238.71,61294.42818181818,11,2022-04-28,2025-01-16,2019-08-23,2025-06-30,72,201,36,Gour-Radhakrishnan,Healthcare,Small,1,8,0
CUST2824,1089257.47,90771.45583333333,12,2022-04-22,2025-04-30,2023-08-25,2025-06-30,23,97,36,Wadhwa Group,Tech,Small,1,8,0
CUST2825,1939166.91,193916.691,10,2022-06-15,2025-07-03,2022-04-06,2024-06-21,40,33,410,Sabharwal-Koshy,Government,Enterprise,45,2,1
CUST2826,1552367.67,172485.29666666666,9,2022-03-10,2024-10-06,2023-07-03,2025-06-30,25,303,36,Bhatti Inc,Manufacturing,Mid-Market,1,8,0
CUST2827,1936083.35,215120.37222222224,9,2022-02-18,2025-07-05,2025-01-04,2024-12-15,7,31,233,Varghese-Talwar,Tech,Enterprise,23,3,1
CUST2828,1077321.1400000001,97938.28545454546,11,2022-03-29,2025-04-24,2023-08-15,2025-06-30,24,103,36,"Pathak, Handa and Tiwari",Retail,Small,1,8,0
CUST2829,3522619.96,440327.495,8,2022-03-15,2025-04-11,2022-02-27,2024-10-07,41,116,302,Garde PLC,Finance,Mid-Market,36,7,0
CUST2830,2104883.11,210488.311,10,2022-05-11,2025-03-13,2022-08-14,2025-06-30,36,145,36,Korpal-Radhakrishnan,Non-Profit,Mid-Market,1,8,0
CUST2831,2252661.63,173281.66384615382,13,2022-02-03,2025-07-14,2024-10-15,2025-06-30,9,22,36,Mand-Edwin,Government,Mid-Market,1,8,0
CUST2832,2925342.48,208953.0342857143,14,2022-05-31,2025-07-20,2020-04-01,2025-06-30,65,16,36,Kapoor Group,Healthcare,Mid-Market,1,8,0
CUST2833,798444.51,88716.05666666667,9,2022-05-17,2025-01-30,2022-08-30,2025-06-30,35,187,36,"Varty, Parmer and Bhattacharyya",Government,Enterprise,1,8,0
CUST2834,1256272.02,179467.43142857144,7,2022-03-13,2025-02-14,2024-09-05,2025-06-30,11,172,36,"Zachariah, Wadhwa and Bhandari",Tech,Small,1,8,0
CUST2835,1532424.92,102161.66133333332,15,2022-05-24,2025-04-24,2019-10-26,2025-06-30,70,103,36,Gola PLC,Government,Small,1,8,0
CUST2836,999157.23,166526.205,6,2023-05-24,2025-04-03,2021-03-08,2025-06-30,53,124,36,Tella Inc,Tech,Small,1,8,0
CUST2837,1554280.93,222040.13285714286,7,2022-02-06,2025-01-27,2021-03-13,2025-06-30,53,190,36,Lala-Pingle,Manufacturing,Mid-Market,1,8,0
CUST2838,2196650.82,219665.082,10,2022-03-27,2025-04-23,2025-06-27,2024-07-30,1,104,371,Mand Inc,Non-Profit,Mid-Market,37,5,1
CUST2839,502712.45,62839.05625,8,2022-04-28,2024-12-27,2024-09-26,2025-05-29,10,221,68,Divan Ltd,Finance,Mid-Market,6,5,0
CUST2840,1957524.47,279646.35285714286,7,2022-12-06,2025-06-16,2021-09-20,2025-06-30,47,50,36,Agate-Narayan,Finance,Enterprise,1,8,0
CUST2841,1994639.53,153433.81,13,2022-05-11,2025-06-05,2022-07-29,2025-06-30,36,61,36,"Merchant, Kohli and Kapur",Government,Small,1,8,0
CUST2842,820957.87,91217.54111111112,9,2022-04-10,2025-06-07,2023-06-17,2025-06-30,26,59,36,Sharma-Dani,Healthcare,Mid-Market,1,8,0
CUST2843,2896991.3,241415.94166666665,12,2022-05-20,2025-04-08,2021-09-26,2025-06-30,46,119,36,Merchant-Amble,Finance,Mid-Market,1,8,0
CUST2844,1317079.99,94077.14214285715,14,2022-05-26,2025-03-21,2020-04-06,2025-06-30,64,137,36,"Pandit, Merchant and Mallick",Retail,Enterprise,1,8,0
CUST2845,1307804.1400000001,118891.28545454546,11,2022-02-08,2025-04-06,2024-12-27,2025-06-30,7,121,36,"Mangal, Sehgal and Batra",Education,Mid-Market,1,8,0
CUST2846,1655755.95,183972.88333333333,9,2022-01-08,2025-04-03,2019-09-20,2025-06-30,71,124,36,Bala-Shenoy,Tech,Small,1,8,0
CUST2847,1560622.8599999999,195077.85749999998,8,2022-05-22,2025-04-24,2020-04-20,2025-02-27,64,103,159,"Murty, Minhas and Sekhon",Manufacturing,Small,15,4,0
CUST2848,1403268.94,155918.7711111111,9,2022-02-24,2025-05-30,2019-03-19,2025-06-30,77,67,36,Mani Group,Finance,Small,1,8,0
CUST2849,322023.64,46003.37714285714,7,2022-01-01,2024-12-29,2024-05-12,2025-06-30,15,219,36,Bumb Group,Government,Enterprise,1,8,0
CUST2850,1381804.16,138180.416,10,2022-03-11,2025-04-26,2020-06-18,2025-06-30,62,101,36,Kibe-Desai,Non-Profit,Enterprise,1,8,0
CUST2851,1126772.27,187795.37833333333,6,2022-08-11,2025-04-06,2019-02-12,2025-06-30,78,121,36,"Patel, Munshi and Kumar",Finance,Small,1,8,0
CUST2852,1027552.81,146793.25857142857,7,2022-02-04,2025-03-26,2022-12-11,2025-06-30,32,132,36,Vaidya Group,Education,Enterprise,1,8,0
CUST2853,1382889.94,153654.43777777778,9,2022-01-02,2025-03-31,2021-02-15,2025-06-30,54,127,36,Tak and Sons,Tech,Mid-Market,1,8,0
CUST2854,3077901.35,236761.64230769232,13,2022-01-09,2025-07-03,2021-03-15,2024-05-26,53,33,436,Gara LLC,Healthcare,Mid-Market,36,4,1
CUST2855,3580220.5300000003,298351.7108333334,12,2022-02-25,2025-05-17,2024-05-01,2024-05-22,15,80,440,Talwar-Dara,Finance,Mid-Market,24,5,1
CUST2856,1668333.5899999999,238333.36999999997,7,2023-01-05,2025-06-28,2023-07-16,2025-06-30,25,38,36,"Garg, Sidhu and Bumb",Government,Mid-Market,1,8,0
CUST2857,1773449.6400000001,177344.964,10,2022-05-12,2025-06-10,2019-01-05,2025-02-14,80,56,172,Nadkarni and Sons,Tech,Mid-Market,28,10,0
CUST2858,1288433.79,92030.985,14,2022-05-07,2025-03-13,2023-04-19,2025-06-30,27,145,36,"Dugar, Anand and Mallick",Finance,Small,1,8,0
CUST2859,1310802.03,163850.25375,8,2022-02-24,2024-04-11,2022-01-08,2025-06-30,43,481,36,"Buch, Grewal and Sangha",Non-Profit,Mid-Market,1,8,0
CUST2860,1112558.2,139069.775,8,2022-03-12,2025-07-10,2024-12-28,2025-02-25,7,26,161,Natt-Tripathi,Tech,Enterprise,8,8,0
CUST2861,1597455.69,177495.07666666666,9,2022-08-21,2025-07-23,2025-07-09,2025-07-13,0,13,23,"Keer, Loyal and Johal",Tech,Mid-Market,8,6,0
CUST2862,761532.94,84614.7711111111,9,2022-02-17,2024-10-03,2025-05-11,2025-06-30,2,306,36,"Subramanian, Muni and Jayaraman",Non-Profit,Mid-Market,1,8,0
CUST2863,1513052.08,137550.1890909091,11,2022-05-21,2025-01-04,2023-11-03,2025-06-30,21,213,36,Gade-Saini,Healthcare,Small,1,8,0
CUST2864,1679674.3800000001,167967.43800000002,10,2022-04-15,2025-07-23,2024-03-09,2025-06-30,17,13,36,"Cheema, Basak and Krishnamurthy",Tech,Small,1,8,0
CUST2865,1220029.28,152503.66,8,2022-05-22,2024-12-31,2025-05-27,2025-06-30,2,217,36,Pradhan LLC,Education,Mid-Market,1,8,0
CUST2866,1175003.35,130555.92777777779,9,2022-03-20,2025-06-08,2024-12-13,2025-01-30,7,58,187,Singhal Ltd,Government,Enterprise,39,3,0
CUST2867,487471.9,60933.9875,8,2022-11-08,2024-10-24,2023-08-08,2025-06-30,24,285,36,"Patil, Bhatnagar and Jani",Non-Profit,Enterprise,1,8,0
CUST2868,907772.5399999999,75647.71166666666,12,2022-01-01,2025-06-02,2023-06-29,2024-08-21,25,64,349,Gara Group,Healthcare,Mid-Market,20,4,1
CUST2869,2111555.81,175962.98416666666,12,2022-01-19,2025-03-22,2020-11-17,2025-06-30,57,136,36,Vora-De,Healthcare,Small,1,8,0
CUST2870,1228952.98,175564.71142857143,7,2022-02-12,2025-01-31,2021-11-22,2025-06-30,45,186,36,"Panchal, Venkatesh and Vora",Education,Mid-Market,1,8,0
CUST2871,1031290.29,171881.715,6,2022-01-24,2024-08-20,2022-02-08,2025-06-30,42,350,36,"Yohannan, Sha and Rege",Non-Profit,Mid-Market,1,8,0
CUST2872,1754160.01,159469.09181818183,11,2022-02-13,2025-05-31,2019-01-28,2025-06-30,79,66,36,Balan Group,Healthcare,Small,1,8,0
CUST2873,1765517.6,135809.04615384617,13,2022-06-26,2025-03-09,2025-05-06,2025-06-30,3,149,36,"Ramachandran, Rao and Nanda",Retail,Small,1,8,0
CUST2874,1046492.6599999999,149498.95142857142,7,2022-04-10,2025-04-29,2025-01-21,2025-02-21,6,98,165,Mitra-Bhatia,Retail,Mid-Market,5,9,0
CUST2875,1349287.99,168660.99875,8,2022-07-04,2024-03-28,2019-11-21,2025-06-30,69,495,36,Badal LLC,Tech,Enterprise,1,8,0
CUST2876,1336683.25,133668.325,10,2022-01-19,2025-01-27,2019-07-21,2025-06-30,73,190,36,Raj-Kannan,Manufacturing,Small,1,8,0
CUST2877,1188796.6,99066.38333333335,12,2022-01-05,2025-07-08,2023-09-01,2025-06-30,23,28,36,"Gola, Bedi and Oza",Retail,Enterprise,1,8,0
CUST2878,1224698.29,204116.38166666668,6,2022-05-26,2025-02-13,2023-03-06,2025-06-30,29,173,36,Sangha Group,Retail,Small,1,8,0
CUST2879,1589008.06,198626.0075,8,2022-06-05,2024-11-12,2023-07-28,2025-06-30,24,266,36,Chauhan-Buch,Manufacturing,Small,1,8,0
CUST2880,2785237.64,163837.50823529414,17,2022-04-27,2025-06-27,2024-02-12,2025-06-30,18,39,36,Dixit PLC,Tech,Mid-Market,1,8,0
CUST2881,1212697.98,121269.798,10,2022-11-10,2025-03-18,2022-03-13,2025-06-30,41,140,36,Goel-Lanka,Finance,Enterprise,1,8,0
CUST2882,771108.86,110158.40857142858,7,2022-12-29,2025-07-19,2023-01-20,2023-10-06,30,17,669,Palla-Patla,Government,Enterprise,48,3,1
CUST2883,1465820.95,183227.61875,8,2022-03-29,2025-05-09,2025-04-30,2025-06-30,3,88,36,"Deo, Lal and Ghosh",Government,Mid-Market,1,8,0
CUST2884,1505161.0,188145.125,8,2022-03-27,2025-06-25,2019-09-18,2025-06-30,71,41,36,"Deshmukh, Khatri and Varghese",Retail,Small,1,8,0
CUST2885,412461.81,82492.362,5,2022-03-22,2024-04-19,2024-02-21,2025-02-05,17,473,181,"Sampath, Varty and Sarma",Tech,Enterprise,29,5,0
CUST2886,1871694.06,187169.40600000002,10,2022-05-29,2024-05-30,2023-12-13,2025-04-22,20,432,105,Bedi-Tara,Retail,Mid-Market,13,9,0
CUST2887,1876899.74,187689.974,10,2022-05-18,2025-06-10,2019-09-23,2025-06-30,71,56,36,"Dhillon, Kurian and Gandhi",Retail,Small,1,8,0
CUST2888,3093709.77,193356.860625,16,2022-01-12,2025-05-29,2020-09-07,2025-07-14,59,68,22,Johal LLC,Finance,Small,42,10,0
CUST2889,3575018.04,255358.43142857144,14,2023-02-17,2025-07-23,2019-12-13,2024-08-20,68,13,350,Keer PLC,Healthcare,Mid-Market,36,3,1
CUST2890,1120809.47,160115.63857142857,7,2022-09-13,2025-05-29,2021-01-30,2025-06-30,54,68,36,Rajagopalan-Bhatia,Non-Profit,Enterprise,1,8,0
CUST2891,2866644.79,220511.1376923077,13,2022-04-10,2025-01-27,2021-09-30,2025-02-11,46,190,175,Sawhney-Nair,Tech,Small,0,10,0
CUST2892,1730323.3599999999,157302.12363636363,11,2022-02-28,2025-05-10,2020-09-21,2024-03-05,59,87,518,Sankaran PLC,Manufacturing,Enterprise,10,5,1
CUST2893,1187765.72,98980.47666666667,12,2022-02-07,2025-05-25,2023-10-21,2025-06-30,21,72,36,"Murthy, Dhaliwal and Sunder",Healthcare,Small,1,8,0
CUST2894,1183770.3900000001,131530.04333333333,9,2022-06-22,2024-06-11,2021-09-13,2025-06-30,47,420,36,Shah-Ahuja,Retail,Mid-Market,1,8,0
CUST2895,2044646.8,340774.4666666667,6,2022-11-16,2025-05-13,2021-07-18,2024-10-09,49,84,300,Pingle Ltd,Tech,Enterprise,34,3,1
CUST2896,1941286.27,176480.57,11,2022-02-23,2025-05-11,2019-09-05,2025-06-30,72,86,36,Mohanty-De,Retail,Enterprise,1,8,0
CUST2897,1024011.32,146287.33142857143,7,2022-02-14,2025-01-18,2019-12-04,2024-08-12,69,199,358,Sachdev LLC,Manufacturing,Small,28,3,1
CUST2898,1330696.6,166337.075,8,2023-06-04,2025-06-23,2020-05-19,2024-10-13,63,43,296,Devan PLC,Retail,Enterprise,37,1,0
CUST2899,413545.89,137848.63,3,2023-01-06,2024-01-19,2021-06-26,2024-06-17,50,564,414,Kurian LLC,Tech,Mid-Market,50,7,0
CUST2900,4209226.38,221538.23052631578,19,2022-02-15,2025-07-05,2019-08-31,2025-06-30,72,31,36,Seth and Sons,Government,Mid-Market,1,8,0
CUST2901,633169.61,90452.80142857143,7,2022-01-26,2025-07-22,2024-04-30,2024-10-31,15,14,278,"Issac, Dugar and Sharaf",Healthcare,Enterprise,23,5,1
CUST2902,2441049.02,143591.11882352942,17,2022-01-16,2025-04-12,2022-01-25,2024-07-05,42,115,396,Rana-Agarwal,Retail,Enterprise,47,5,1
CUST2903,1534434.71,153443.471,10,2022-02-08,2025-07-12,2019-08-11,2025-06-30,72,24,36,Baral LLC,Retail,Mid-Market,1,8,0
CUST2904,1683069.6700000002,187007.74111111113,9,2022-11-13,2025-01-28,2024-05-31,2025-06-30,14,189,36,"Bhatnagar, Barad and Dass",Education,Small,1,8,0
CUST2905,1028221.59,146888.79857142858,7,2022-06-27,2024-12-16,2022-07-05,2025-06-30,37,232,36,"Rege, Kumer and Sathe",Education,Small,1,8,0
CUST2906,1166317.79,166616.82714285716,7,2022-04-17,2024-12-03,2025-07-23,2025-07-24,0,245,12,Lal-Venkatesh,Education,Small,7,5,0
CUST2907,1555582.8599999999,129631.90499999998,12,2022-07-31,2025-06-25,2022-06-20,2025-06-30,38,41,36,"Kanda, Hans and Chowdhury",Education,Small,1,8,0
CUST2908,1390140.65,198591.5214285714,7,2022-05-14,2025-06-03,2019-12-30,2025-06-30,68,63,36,Saran PLC,Tech,Mid-Market,1,8,0
CUST2909,1748586.0,194287.33333333334,9,2022-03-02,2024-10-03,2020-12-12,2025-06-30,56,306,36,Dalal Group,Healthcare,Small,1,8,0
CUST2910,572425.6900000001,63602.85444444445,9,2022-11-14,2025-07-23,2024-03-13,2025-06-30,17,13,36,"Bajaj, Sharaf and Dua",Manufacturing,Small,1,8,0
CUST2911,1071673.8,153096.25714285715,7,2022-02-19,2024-03-25,2022-10-23,2025-06-30,33,498,36,"Kota, Pingle and Singh",Finance,Mid-Market,1,8,0
CUST2912,1048808.96,95346.26909090909,11,2022-04-29,2025-01-23,2023-05-30,2024-09-29,26,194,310,Borah LLC,Education,Small,44,1,1
CUST2913,2228351.79,202577.43545454546,11,2022-01-11,2025-07-13,2019-06-20,2024-07-27,74,23,374,Dyal Group,Tech,Enterprise,20,6,0
CUST2914,3042609.85,217329.275,14,2022-02-28,2025-07-12,2022-06-07,2023-09-15,38,24,690,Varma and Sons,Finance,Mid-Market,25,8,0
CUST2915,1848186.2400000002,264026.60571428575,7,2022-03-08,2025-05-01,2021-08-11,2025-06-30,48,96,36,Kala PLC,Government,Enterprise,1,8,0
CUST2916,1444221.42,120351.78499999999,12,2022-04-06,2025-01-05,2019-08-30,2025-06-30,72,212,36,Hari-Bhagat,Finance,Enterprise,1,8,0
CUST2917,1435791.38,143579.13799999998,10,2022-05-09,2025-04-28,2024-01-28,2025-06-30,18,99,36,Datta-Sarma,Manufacturing,Mid-Market,1,8,0
CUST2918,1598193.74,199774.2175,8,2022-07-31,2025-06-19,2023-09-03,2025-06-30,23,47,36,"Borah, Issac and Karan",Education,Mid-Market,1,8,0
CUST2919,701675.23,100239.31857142856,7,2022-01-22,2024-07-06,2021-05-29,2025-06-30,50,395,36,Swamy PLC,Manufacturing,Enterprise,1,8,0
CUST2920,3252093.2600000002,250161.02000000002,13,2022-05-10,2024-08-11,2024-11-08,2024-10-29,9,359,280,"Shukla, Tiwari and Barad",Education,Small,48,3,1
CUST2921,942311.65,72485.51153846153,13,2022-04-06,2025-06-28,2019-07-16,2025-06-30,73,38,36,Ganguly and Sons,Finance,Mid-Market,1,8,0
CUST2922,2807726.0500000003,350965.75625000003,8,2022-05-29,2025-04-10,2025-02-04,2025-06-30,6,117,36,"Jain, Ramakrishnan and Saini",Non-Profit,Small,1,8,0
CUST2923,2014875.9,223875.09999999998,9,2022-01-11,2025-05-03,2021-02-05,2025-06-30,54,94,36,Khare-Dhaliwal,Tech,Small,1,8,0
CUST2924,2328735.82,194061.31833333333,12,2022-04-03,2025-07-23,2020-02-26,2025-06-30,66,13,36,Buch Ltd,Healthcare,Small,1,8,0
CUST2925,1025577.38,170929.56333333332,6,2022-08-16,2025-04-02,2022-01-20,2025-02-09,43,125,177,Bains-Dora,Finance,Mid-Market,9,10,0
CUST2926,1310675.78,81917.23625,16,2022-02-02,2025-04-01,2020-01-10,2024-08-10,67,126,360,Ray-Chaudhuri,Finance,Mid-Market,7,8,0
CUST2927,1379600.99,153288.9988888889,9,2022-11-18,2025-04-03,2025-03-13,2025-03-26,4,124,132,Prashad PLC,Non-Profit,Small,48,8,0
CUST2928,2347082.45,260786.93888888892,9,2022-03-02,2025-05-24,2023-11-13,2025-06-30,21,73,36,Pandey LLC,Retail,Mid-Market,1,8,0
CUST2929,2297926.99,176763.61461538463,13,2022-02-23,2025-07-14,2021-05-02,2025-06-30,51,22,36,"Goswami, Raman and Kumer",Manufacturing,Enterprise,1,8,0
CUST2930,1339026.49,148780.7211111111,9,2022-07-24,2024-10-13,2020-10-08,2023-08-08,58,296,728,Patil-D’Alia,Healthcare,Mid-Market,22,6,0
CUST2931,2804554.68,215734.9753846154,13,2022-04-15,2025-04-13,2019-06-09,2023-10-20,74,114,655,"Som, Kannan and Ramanathan",Manufacturing,Small,6,4,1
CUST2932,643955.53,107325.92166666668,6,2023-07-01,2025-07-18,2025-02-25,2025-05-17,5,18,80,Sarna Group,Government,Mid-Market,48,1,0
CUST2933,2611651.52,261165.152,10,2022-04-11,2025-01-08,2023-03-15,2025-06-30,29,209,36,Suresh PLC,Finance,Enterprise,1,8,0
CUST2934,1115670.6,123963.40000000001,9,2022-03-14,2025-05-19,2019-05-19,2025-03-12,75,78,146,"Sarna, Dada and Gill",Manufacturing,Small,28,3,0
CUST2935,576402.33,96067.055,6,2022-06-15,2025-05-09,2020-10-30,2025-06-30,58,88,36,"Dara, Bir and Dash",Education,Enterprise,1,8,0
CUST2936,1313200.1800000002,187600.02571428573,7,2022-03-06,2025-05-20,2023-10-23,2025-06-30,21,77,36,Jha PLC,Non-Profit,Enterprise,1,8,0
CUST2937,875752.55,125107.50714285715,7,2022-07-18,2025-02-02,2019-08-29,2025-06-30,72,184,36,"Kumar, Sundaram and Ghosh",Education,Mid-Market,1,8,0
CUST2938,735681.73,73568.173,10,2022-03-05,2025-02-13,2021-11-26,2025-06-30,44,173,36,Kari Inc,Government,Mid-Market,1,8,0
CUST2939,1822438.01,227804.75125,8,2023-01-15,2025-05-13,2025-05-04,2024-09-09,3,84,330,Bedi-Ravi,Retail,Mid-Market,48,3,1
CUST2940,1209543.96,109958.54181818181,11,2022-06-10,2024-11-23,2019-03-21,2024-09-06,77,255,333,Mutti PLC,Manufacturing,Small,0,6,0
CUST2941,2057271.23,158251.63307692308,13,2022-01-14,2025-02-11,2019-02-01,2025-06-30,79,175,36,"Choudhry, Bora and Palla",Government,Small,1,8,0
CUST2942,1011271.99,101127.199,10,2022-07-19,2025-03-12,2020-08-27,2025-06-30,60,146,36,Sachar-Palan,Education,Small,1,8,0
CUST2943,716353.77,102336.25285714286,7,2022-11-23,2025-07-20,2021-06-07,2023-08-13,50,16,723,"Pant, Kalita and Wable",Manufacturing,Enterprise,39,5,1
CUST2944,1410324.22,176290.5275,8,2022-08-07,2025-06-03,2025-05-25,2025-06-30,2,63,36,"Modi, Kapoor and Dhingra",Tech,Mid-Market,1,8,0
CUST2945,2491441.25,177960.0892857143,14,2022-06-28,2025-04-09,2020-05-03,2025-06-30,64,118,36,"Kade, Grover and Raja",Non-Profit,Enterprise,1,8,0
CUST2946,2051535.76,256441.97,8,2022-01-14,2024-09-24,2024-07-25,2025-03-08,12,315,150,Patil-Chaudhari,Education,Small,2,5,0
CUST2947,2174559.71,271819.96375,8,2022-05-04,2024-10-24,2021-10-12,2023-08-26,46,285,710,"Vala, Cheema and Dasgupta",Government,Mid-Market,0,1,0
CUST2948,1728428.06,172842.806,10,2022-01-30,2024-07-10,2020-06-05,2025-06-30,62,391,36,"Lall, Sachar and Gupta",Healthcare,Mid-Market,1,8,0
CUST2949,3611302.5500000003,277792.50384615385,13,2022-03-31,2025-07-03,2021-11-13,2025-06-30,45,33,36,"Rau, Bhatnagar and Balan",Healthcare,Enterprise,1,8,0
CUST2950,1935414.1300000001,161284.51083333333,12,2022-07-02,2025-05-27,2022-10-07,2025-06-30,34,70,36,"Bains, Wason and Bhargava",Non-Profit,Mid-Market,1,8,0
CUST2951,1551294.51,155129.451,10,2022-07-16,2025-07-07,2023-09-22,2025-06-30,22,29,36,"Sabharwal, Bail and Pau",Manufacturing,Enterprise,1,8,0
CUST2952,1557837.56,155783.756,10,2022-03-25,2025-01-30,2021-06-27,2025-06-30,50,187,36,Kapoor Inc,Manufacturing,Small,1,8,0
CUST2953,1122516.3900000001,187086.06500000003,6,2022-07-03,2025-05-26,2019-04-30,2025-06-30,76,71,36,Grewal LLC,Non-Profit,Small,1,8,0
CUST2954,2218051.49,130473.61705882354,17,2022-06-20,2025-06-10,2022-03-25,2023-12-28,40,56,586,"Mall, Iyer and Buch",Tech,Small,0,10,0
CUST2955,2121958.03,212195.80299999999,10,2022-05-31,2025-01-06,2024-02-07,2025-06-30,18,211,36,"Karnik, Dada and Pal",Tech,Small,1,8,0
CUST2956,2216360.29,184696.69083333333,12,2022-02-15,2025-05-18,2023-06-08,2025-06-30,26,79,36,"Mutti, Nayak and Kumar",Non-Profit,Mid-Market,1,8,0
CUST2957,2138599.86,142573.324,15,2022-09-21,2025-07-09,2025-07-19,2024-11-07,0,27,271,Walia-Sahota,Finance,Enterprise,21,3,1
CUST2958,0.0,0.0,1,2024-06-02,2024-06-02,2019-09-26,2025-06-30,71,429,36,Shukla Ltd,Healthcare,Mid-Market,1,8,0
CUST2959,964399.18,107155.46444444446,9,2022-01-19,2025-04-12,2025-02-05,2025-07-17,6,115,19,Saraf Inc,Retail,Enterprise,18,8,0
CUST2960,2139081.75,237675.75,9,2022-11-08,2025-02-10,2025-06-03,2025-06-13,2,176,53,Babu and Sons,Manufacturing,Enterprise,14,9,0
CUST2961,2609138.33,163071.145625,16,2022-04-01,2025-07-06,2024-07-01,2025-06-30,13,30,36,Pathak Ltd,Non-Profit,Mid-Market,1,8,0
CUST2962,1508438.45,116033.72692307692,13,2022-02-28,2025-05-18,2023-08-10,2025-06-30,24,79,36,Mallick Ltd,Finance,Small,1,8,0
CUST2963,2066521.2,172210.1,12,2022-03-11,2025-01-12,2023-11-01,2025-06-30,21,205,36,Aurora and Sons,Education,Small,1,8,0
CUST2964,1662750.42,184750.04666666666,9,2022-01-01,2025-07-11,2024-03-24,2025-06-03,16,25,63,Bhargava-Dhaliwal,Finance,Small,44,8,0
CUST2965,717191.71,89648.96375,8,2022-02-13,2024-03-21,2023-10-25,2025-06-30,21,502,36,Thaker-Hayre,Non-Profit,Enterprise,1,8,0
CUST2966,1599285.21,123021.93923076923,13,2022-07-01,2025-03-21,2023-03-05,2024-12-31,29,137,217,Morar-Nigam,Retail,Mid-Market,35,5,1
CUST2967,622510.1799999999,124502.036,5,2022-04-28,2025-04-22,2022-11-04,2024-06-27,33,105,404,Chowdhury LLC,Tech,Mid-Market,1,2,1
CUST2968,1862786.86,186278.68600000002,10,2022-10-24,2025-01-19,2024-08-18,2025-01-10,11,198,207,"Manda, Chander and Gandhi",Government,Mid-Market,44,5,1
CUST2969,651401.43,108566.90500000001,6,2022-02-20,2025-03-23,2019-08-25,2024-07-28,72,135,373,"Choudhary, Andra and Keer",Retail,Small,14,3,1
CUST2970,826100.71,91788.96777777777,9,2022-07-22,2024-10-04,2019-02-12,2025-06-30,78,305,36,"Sachdev, Dhawan and Panchal",Healthcare,Enterprise,1,8,0
CUST2971,1256573.67,157071.70875,8,2022-07-18,2025-06-28,2025-07-21,2025-07-23,0,38,13,"Tandon, Agrawal and Narasimhan",Manufacturing,Enterprise,13,7,0
CUST2972,3027471.76,216247.98285714284,14,2022-06-08,2025-04-14,2024-06-12,2025-03-18,13,113,140,"Kalita, Nagi and Dash",Retail,Mid-Market,10,6,0
CUST2973,575343.48,115068.696,5,2022-07-08,2024-05-08,2023-01-24,2025-06-30,30,454,36,Dube Group,Finance,Small,1,8,0
CUST2974,2982093.11,271099.3736363636,11,2022-01-29,2025-01-11,2022-07-22,2025-06-30,37,206,36,Maharaj Group,Healthcare,Mid-Market,1,8,0
CUST2975,1206148.51,120614.851,10,2022-03-24,2025-07-17,2021-08-17,2024-06-14,48,19,417,Zacharia-Pai,Tech,Mid-Market,14,1,1
CUST2976,661766.1,94538.01428571428,7,2022-11-07,2025-06-10,2019-01-19,2025-06-30,79,56,36,Sarraf-Wable,Government,Mid-Market,1,8,0
CUST2977,398053.37,49756.67125,8,2022-12-19,2025-05-30,2023-01-07,2025-06-30,31,67,36,"Peri, Oommen and Gade",Government,Enterprise,1,8,0
CUST2978,2552831.02,196371.61692307692,13,2022-10-06,2025-06-18,2022-06-22,2023-10-16,38,48,659,"Varughese, Dass and Subramaniam",Healthcare,Mid-Market,28,3,1
CUST2979,919172.0599999999,114896.50749999999,8,2022-07-06,2025-06-04,2023-03-13,2024-01-28,29,62,555,"Bajaj, Oak and Prasad",Retail,Enterprise,0,2,1
CUST2980,998702.38,124837.7975,8,2022-03-23,2025-03-19,2019-05-22,2024-11-26,75,139,252,Sachdeva-Brahmbhatt,Government,Mid-Market,37,3,1
CUST2981,2695453.52,224621.12666666668,12,2022-02-27,2024-12-21,2020-08-09,2025-04-06,60,227,121,De-Barad,Finance,Mid-Market,13,9,0
CUST2982,1520325.69,190040.71125,8,2022-04-16,2025-01-12,2020-05-27,2023-07-27,63,205,740,"Talwar, Iyengar and Majumdar",Retail,Small,36,5,1
CUST2983,759243.4,126540.56666666667,6,2022-02-08,2024-05-09,2022-10-15,2025-06-30,34,453,36,Brahmbhatt PLC,Finance,Enterprise,1,8,0
CUST2984,686243.69,114373.94833333332,6,2022-10-24,2024-12-03,2024-02-08,2024-10-26,18,245,283,Sethi PLC,Non-Profit,Mid-Market,45,4,1
CUST2985,766941.2999999999,85215.7,9,2022-01-02,2025-06-17,2024-07-30,2025-01-19,12,49,198,Bhat and Sons,Government,Enterprise,27,3,1
CUST2986,2196550.89,244061.21000000002,9,2022-03-06,2025-06-17,2020-09-17,2024-05-18,59,49,444,"Sule, Gole and Chowdhury",Finance,Enterprise,3,5,0
CUST2987,2340912.9800000004,195076.0816666667,12,2022-01-08,2025-06-10,2023-04-18,2023-09-01,28,56,704,Choudhury-Shere,Manufacturing,Mid-Market,49,1,0
CUST2988,1568345.0799999998,142576.82545454544,11,2022-02-01,2025-06-28,2023-04-26,2025-06-30,27,38,36,Patil Group,Education,Small,1,8,0
CUST2989,1050830.85,105083.085,10,2022-01-23,2025-06-14,2020-01-25,2024-09-27,67,52,312,Setty PLC,Retail,Small,2,10,0
CUST2990,2039227.81,203922.78100000002,10,2022-10-17,2025-02-08,2024-12-04,2025-06-30,8,178,36,"Prashad, Dewan and Rana",Tech,Enterprise,1,8,0
CUST2991,667888.45,133577.69,5,2022-06-21,2024-11-22,2024-12-14,2025-05-10,7,256,87,Raghavan Group,Education,Mid-Market,50,5,0
CUST2992,554297.07,79185.2957142857,7,2022-04-23,2025-04-21,2021-01-23,2025-06-30,55,106,36,Warrior PLC,Tech,Mid-Market,1,8,0
CUST2993,1799506.99,224938.37375,8,2022-04-04,2024-11-20,2024-11-23,2025-06-30,8,258,36,Ghosh-Lala,Education,Enterprise,1,8,0
CUST2994,3109423.3,222101.66428571427,14,2022-01-06,2024-09-17,2023-11-26,2025-05-23,20,322,74,Bora-Kalla,Manufacturing,Small,43,7,0
CUST2995,899905.14,128557.87714285715,7,2022-02-02,2024-08-29,2020-04-19,2025-06-30,64,341,36,"Narayan, Deo and Bhatia",Government,Small,1,8,0
CUST2996,2184834.91,156059.63642857145,14,2022-01-26,2025-07-10,2019-09-27,2023-12-28,71,26,586,"Babu, Savant and Chada",Non-Profit,Small,15,1,1
CUST2997,1076817.09,82832.08384615385,13,2022-06-29,2024-09-11,2024-03-11,2025-06-30,17,328,36,"Sahota, Randhawa and Dugar",Education,Small,1,8,0
CUST2998,2793229.84,232769.15333333332,12,2022-06-06,2024-11-22,2022-09-03,2025-06-30,35,256,36,"Bhatt, Samra and Ben",Manufacturing,Small,1,8,0
CUST2999,3171869.58,317186.958,10,2022-09-23,2025-01-23,2022-07-13,2025-06-30,37,194,36,Ray-Ramanathan,Manufacturing,Mid-Market,1,8,0
CUST3000,1819016.2899999998,202112.9211111111,9,2022-05-08,2024-10-15,2021-12-26,2025-06-30,43,294,36,Cheema PLC,Retail,Small,1,8,0
CUST3001,1416866.96,128806.08727272727,11,2022-02-26,2025-05-12,2024-12-08,2025-06-30,8,85,36,Dada-Ramesh,Government,Mid-Market,1,8,0
CUST3002,1499642.93,115357.14846153845,13,2022-04-02,2024-12-31,2020-04-11,2025-06-30,64,217,36,"Gulati, Ranganathan and Modi",Education,Enterprise,1,8,0
CUST3003,937342.3,78111.85833333334,12,2022-05-02,2024-09-08,2019-06-09,2025-06-30,74,331,36,Dhingra PLC,Education,Enterprise,1,8,0
CUST3004,477128.72000000003,95425.744,5,2022-06-06,2025-01-25,2019-02-22,2025-06-30,78,192,36,"Deep, Bahri and Kala",Non-Profit,Small,1,8,0
CUST3005,1365483.0,195069.0,7,2023-06-11,2025-07-23,2020-04-19,2025-06-30,64,13,36,Deo-Malhotra,Healthcare,Mid-Market,1,8,0
CUST3006,4180729.35,278715.29,15,2022-03-18,2025-07-23,2024-09-28,2025-03-27,10,13,131,Barad and Sons,Retail,Enterprise,33,4,0
CUST3007,978499.62,122312.4525,8,2022-05-08,2025-05-01,2024-02-04,2025-06-30,18,96,36,Bhatnagar-Chander,Healthcare,Enterprise,1,8,0
CUST3008,1836017.78,153001.48166666666,12,2022-12-20,2025-03-02,2023-07-23,2025-06-30,24,156,36,Andra-Kapur,Retail,Enterprise,1,8,0
CUST3009,2113252.77,176104.3975,12,2022-06-28,2025-06-08,2023-04-04,2025-04-10,28,58,117,Aurora-Shroff,Tech,Enterprise,9,10,0
CUST3010,1255855.8,114168.70909090909,11,2022-03-29,2024-07-19,2022-02-24,2024-07-22,41,382,379,Chakraborty LLC,Retail,Small,27,7,0
CUST3011,1549338.16,140848.92363636362,11,2022-02-17,2025-04-14,2025-05-05,2024-12-25,3,113,223,"Mani, Luthra and Barad",Retail,Small,43,4,1
CUST3012,1357965.4,169745.675,8,2022-02-28,2025-06-07,2023-05-25,2025-04-01,26,59,126,Murthy-Narasimhan,Education,Mid-Market,50,10,0
CUST3013,0.0,0.0,2,2023-01-15,2023-05-11,2022-07-18,2024-10-24,37,817,285,Patel-Sandal,Tech,Small,41,1,0
CUST3014,1010785.21,91889.56454545454,11,2022-01-01,2025-04-16,2022-04-23,2025-06-30,40,111,36,"Dugar, Dora and Sandal",Finance,Enterprise,1,8,0
CUST3015,3065163.6999999997,218940.26428571428,14,2022-04-11,2025-07-04,2023-10-05,2025-06-30,22,32,36,Raja-Chand,Non-Profit,Small,1,8,0
CUST3016,1716221.89,143018.49083333332,12,2022-01-03,2025-02-02,2021-06-02,2025-06-30,50,184,36,Rastogi Group,Retail,Enterprise,1,8,0
CUST3017,1520198.3399999999,138199.8490909091,11,2022-10-11,2025-05-13,2025-03-23,2025-04-13,4,84,114,"Nigam, Kata and Raj",Retail,Enterprise,2,5,0
CUST3018,1519310.12,168812.23555555556,9,2022-03-19,2025-03-27,2024-05-13,2025-06-30,14,131,36,"Salvi, Koshy and Bava",Non-Profit,Enterprise,1,8,0
CUST3019,479019.42,68431.34571428571,7,2022-04-01,2025-04-05,2024-10-07,2024-11-21,10,122,257,"Dhar, Wadhwa and Nayak",Tech,Mid-Market,29,4,1
CUST3020,1926358.83,148181.44846153847,13,2022-06-08,2025-01-27,2021-02-23,2025-06-30,54,190,36,Ramanathan LLC,Tech,Enterprise,1,8,0
CUST3021,1392318.81,139231.881,10,2022-01-20,2025-03-10,2023-11-01,2025-06-30,21,148,36,Kurian Inc,Finance,Small,1,8,0
CUST3022,1942380.79,215820.08777777778,9,2022-01-18,2025-06-09,2021-12-30,2025-06-30,43,57,36,"Behl, Gandhi and Prabhakar",Manufacturing,Small,1,8,0
CUST3023,1564753.49,223536.21285714285,7,2022-02-06,2025-02-23,2020-01-15,2024-11-27,67,163,251,Dugal-Raghavan,Retail,Mid-Market,29,1,1
CUST3024,3266591.88,251276.29846153845,13,2022-02-19,2025-07-11,2019-05-27,2025-06-30,75,25,36,Chanda and Sons,Healthcare,Enterprise,1,8,0
CUST3025,2461251.77,246125.177,10,2022-05-01,2025-04-22,2021-01-29,2024-04-20,54,105,472,Varty Ltd,Finance,Small,26,8,0
CUST3026,2859026.99,168178.05823529413,17,2022-01-12,2025-01-31,2022-07-02,2025-06-30,37,186,36,"Majumdar, Parmer and Dube",Finance,Mid-Market,1,8,0
CUST3027,1470192.29,147019.229,10,2022-03-06,2025-06-08,2022-08-29,2025-06-30,35,58,36,Sangha and Sons,Education,Small,1,8,0
CUST3028,1996533.04,221837.00444444444,9,2022-12-01,2025-06-03,2019-09-27,2024-05-04,71,63,458,Vohra-Karan,Non-Profit,Mid-Market,42,3,0
CUST3029,745469.4299999999,106495.63285714285,7,2022-01-26,2024-08-27,2023-01-21,2025-06-30,30,343,36,Nair and Sons,Non-Profit,Small,1,8,0
CUST3030,1334315.35,133431.535,10,2022-09-09,2025-03-13,2020-09-13,2024-09-08,59,145,331,Kant-Thaman,Retail,Small,4,7,0
CUST3031,1728904.88,144075.40666666665,12,2022-01-16,2025-04-05,2023-09-30,2025-06-30,22,122,36,Jain-Balay,Finance,Mid-Market,1,8,0
CUST3032,719190.9199999999,102741.55999999998,7,2023-04-30,2025-03-22,2022-02-17,2025-06-30,42,136,36,Borra-Nair,Healthcare,Small,1,8,0
CUST3033,2091130.8,174260.9,12,2022-01-07,2025-05-28,2022-11-19,2024-09-29,33,69,310,Wali-Kar,Government,Enterprise,24,5,1
CUST3034,3109195.6,207279.70666666667,15,2022-03-02,2025-03-27,2022-06-20,2025-06-30,38,131,36,Chowdhury PLC,Education,Small,1,8,0
CUST3035,3727776.23,338888.74818181817,11,2022-04-18,2025-07-22,2023-03-05,2024-12-10,29,14,238,"Tailor, Gala and Devi",Non-Profit,Enterprise,9,8,0
CUST3036,924047.28,154007.88,6,2022-03-02,2025-04-05,2023-06-15,2024-10-13,26,122,296,Mane-Bora,Healthcare,Enterprise,35,5,1
CUST3037,2529867.12,316233.39,8,2022-06-02,2025-04-14,2019-04-06,2025-06-30,77,113,36,Rajagopalan LLC,Retail,Enterprise,1,8,0
CUST3038,1933009.48,128867.29866666667,15,2022-05-27,2025-04-07,2024-11-05,2024-07-31,9,120,370,Sabharwal-Kurian,Education,Mid-Market,21,1,1
CUST3039,6477503.720000001,404843.98250000004,16,2022-01-08,2025-07-22,2023-01-18,2025-06-30,31,14,36,Parmer-Kade,Healthcare,Mid-Market,1,8,0
CUST3040,489958.54,54439.83777777778,9,2022-04-07,2024-11-13,2020-08-05,2023-12-05,60,265,609,Sengupta-Lanka,Retail,Small,9,3,1
CUST3041,1991718.0999999999,199171.81,10,2022-07-22,2025-02-04,2020-08-13,2025-06-30,60,182,36,"Pathak, Jhaveri and Ramesh",Government,Enterprise,1,8,0
CUST3042,920006.49,115000.81125,8,2022-05-22,2024-12-29,2021-03-31,2025-06-30,52,219,36,"Magar, Chaudhari and Kala",Non-Profit,Small,1,8,0
CUST3043,1454784.69,121232.0575,12,2022-05-20,2024-11-09,2019-02-24,2025-06-30,78,269,36,Khare PLC,Non-Profit,Enterprise,1,8,0
CUST3044,758050.23,75805.023,10,2022-09-19,2025-02-15,2020-10-24,2025-06-30,58,171,36,Kashyap Group,Healthcare,Small,1,8,0
CUST3045,3247824.91,249832.68538461538,13,2022-02-12,2025-06-22,2022-08-09,2025-01-23,36,44,194,Ranganathan LLC,Manufacturing,Small,45,4,1
CUST3046,1082284.6,108228.46,10,2022-02-09,2025-06-02,2023-06-13,2025-06-30,26,64,36,"Soman, Kapoor and Sidhu",Education,Small,1,8,0
CUST3047,2015630.71,155048.51615384614,13,2022-01-01,2025-07-23,2022-05-15,2025-06-30,39,13,36,"Setty, Mitra and Gera",Manufacturing,Enterprise,1,8,0
CUST3048,2392506.91,239250.69100000002,10,2022-01-15,2025-07-04,2025-07-21,2025-06-30,0,32,36,Mani-Patla,Retail,Small,1,8,0
CUST3049,861235.0700000001,78294.09727272727,11,2022-01-30,2025-02-04,2020-12-05,2023-08-01,56,182,735,Lanka LLC,Finance,Small,29,5,0
CUST3050,1124120.73,160588.67571428572,7,2022-06-05,2025-05-23,2024-10-27,2025-06-30,9,74,36,Shroff-Sura,Government,Small,1,8,0
CUST3051,2730360.68,227530.05666666667,12,2022-03-19,2025-07-18,2021-07-15,2025-06-30,49,18,36,Mohanty-Raju,Government,Enterprise,1,8,0
CUST3052,1501708.67,150170.867,10,2022-03-13,2025-05-05,2023-11-08,2023-12-19,21,92,595,Madan Inc,Manufacturing,Small,42,10,0
CUST3053,2312883.39,210262.12636363637,11,2022-09-30,2024-11-15,2020-05-07,2025-06-30,63,263,36,Bora Inc,Manufacturing,Enterprise,1,8,0
CUST3054,604212.12,86316.01714285715,7,2022-01-04,2025-06-10,2024-06-11,2025-06-30,14,56,36,Barad-Kala,Manufacturing,Mid-Market,1,8,0
CUST3055,2760925.94,230077.16166666665,12,2022-02-03,2025-06-16,2020-03-12,2025-06-30,65,50,36,Bahl-Vyas,Manufacturing,Enterprise,1,8,0
CUST3056,1996687.6199999999,166390.63499999998,12,2022-03-23,2024-11-18,2024-09-22,2025-06-30,10,260,36,"Sha, Oommen and Natarajan",Finance,Small,1,8,0
CUST3057,2661794.75,221816.22916666666,12,2022-04-22,2024-06-19,2019-06-04,2023-08-21,75,412,715,Pradhan-Mandal,Finance,Enterprise,33,4,1
CUST3058,1415908.45,157323.1611111111,9,2022-11-12,2024-05-04,2021-09-15,2025-04-14,47,458,113,Sem-Ramachandran,Healthcare,Small,15,10,0
CUST3059,928010.01,185602.002,5,2022-06-06,2024-12-04,2024-12-25,2025-06-30,7,244,36,Khosla and Sons,Manufacturing,Enterprise,1,8,0
CUST3060,2745180.84,211167.7569230769,13,2022-01-20,2024-12-22,2020-03-27,2024-01-27,65,226,556,"Sarin, Narain and Srivastava",Healthcare,Enterprise,25,1,1
CUST3061,1286593.42,116963.03818181818,11,2022-07-27,2025-03-31,2023-03-17,2025-06-30,29,127,36,Shenoy-Sura,Non-Profit,Enterprise,1,8,0
CUST3062,738354.97,105479.28142857143,7,2022-02-11,2024-07-08,2019-10-16,2025-06-30,70,393,36,More PLC,Non-Profit,Mid-Market,1,8,0
CUST3063,2363856.06,157590.404,15,2022-01-01,2025-04-05,2019-05-23,2025-06-30,75,122,36,Murty-Bava,Government,Enterprise,1,8,0
CUST3064,2232538.28,186044.85666666666,12,2022-01-11,2025-03-04,2020-11-02,2025-06-30,57,154,36,"Sachar, Basak and Gala",Government,Small,1,8,0
CUST3065,531897.84,106379.568,5,2022-10-12,2025-05-23,2024-01-12,2025-07-09,19,74,27,"Dani, Panchal and Sachdeva",Retail,Small,13,6,0
CUST3066,1544873.44,102991.56266666666,15,2022-02-07,2025-07-18,2025-05-08,2025-06-30,2,18,36,"Mishra, Mallick and Bassi",Non-Profit,Enterprise,1,8,0
CUST3067,1950348.7599999998,216705.41777777777,9,2022-09-04,2025-05-24,2021-11-01,2024-02-25,45,73,527,"Bajwa, Rastogi and Yogi",Manufacturing,Enterprise,18,5,1
CUST3068,3256152.2199999997,171376.43263157894,19,2022-02-16,2025-07-01,2023-11-02,2025-06-30,21,35,36,"Sami, Bava and Chandran",Finance,Small,1,8,0
CUST3069,1728710.1600000001,172871.016,10,2022-02-22,2025-03-31,2019-04-27,2025-01-17,76,127,200,Barad LLC,Healthcare,Small,25,2,1
CUST3070,560747.95,43134.45769230769,13,2022-05-28,2025-06-18,2024-03-22,2025-06-30,16,48,36,Prabhakar-Soni,Government,Mid-Market,1,8,0
CUST3071,676953.04,135390.608,5,2022-07-16,2025-07-23,2023-03-03,2024-12-14,29,13,234,"Pau, Agarwal and Jhaveri",Manufacturing,Mid-Market,14,6,0
CUST3072,1899667.48,135690.5342857143,14,2022-06-18,2025-05-30,2023-08-25,2025-06-30,23,67,36,Narain-Balakrishnan,Government,Enterprise,1,8,0
CUST3073,1019664.3099999999,203932.862,5,2022-06-26,2025-04-28,2024-02-08,2025-06-30,18,99,36,Gopal-Bhandari,Tech,Enterprise,1,8,0
CUST3074,2122204.51,265275.56375,8,2022-02-03,2025-04-20,2024-05-20,2025-02-20,14,107,166,Shenoy-Lal,Retail,Small,7,9,0
CUST3075,2496102.03,192007.84846153844,13,2022-01-27,2025-07-21,2021-11-02,2025-03-09,45,15,149,Kata and Sons,Healthcare,Enterprise,27,10,0
CUST3076,2831343.89,257394.8990909091,11,2022-01-16,2025-06-30,2025-06-12,2025-06-30,1,36,36,"Vig, Oza and Karpe",Finance,Mid-Market,1,8,0
CUST3077,1343219.81,167902.47625,8,2022-02-04,2024-07-28,2022-10-02,2025-06-30,34,373,36,Parekh-Garg,Retail,Enterprise,1,8,0
CUST3078,2655296.94,221274.745,12,2022-02-22,2024-07-09,2019-11-06,2025-06-30,69,392,36,Zachariah PLC,Manufacturing,Mid-Market,1,8,0
CUST3079,99129.38,16521.563333333335,6,2022-11-04,2025-04-19,2020-02-16,2025-06-30,66,108,36,Konda and Sons,Tech,Enterprise,1,8,0
CUST3080,2413205.56,185631.19692307693,13,2022-01-12,2025-07-03,2022-02-03,2025-06-30,42,33,36,Solanki-Khurana,Retail,Small,1,8,0
CUST3081,2715014.9899999998,193929.64214285713,14,2022-04-14,2025-06-21,2024-03-09,2025-06-30,17,45,36,Kaul-Badami,Manufacturing,Mid-Market,1,8,0
CUST3082,450232.29,75038.715,6,2022-07-09,2025-06-27,2025-05-06,2025-06-30,3,39,36,Trivedi and Sons,Manufacturing,Small,1,8,0
CUST3083,2925867.08,208990.5057142857,14,2022-01-19,2024-12-17,2021-10-08,2025-06-30,46,231,36,Rege-Datta,Finance,Small,1,8,0
CUST3084,1476678.49,164075.38777777777,9,2022-01-02,2025-07-22,2020-04-12,2025-05-26,64,14,71,Mohanty and Sons,Education,Small,29,3,0
CUST3085,1742750.52,145229.21,12,2022-01-14,2025-06-19,2020-01-31,2025-06-30,67,47,36,Upadhyay Inc,Manufacturing,Enterprise,1,8,0
CUST3086,1752718.12,159338.01090909092,11,2022-01-26,2025-01-28,2022-02-04,2025-06-30,42,189,36,"Munshi, Rattan and Andra",Government,Enterprise,1,8,0
CUST3087,1144013.88,114401.38799999999,10,2022-01-02,2025-05-12,2025-05-31,2025-06-23,2,85,43,Sagar-Devi,Healthcare,Enterprise,35,1,0
CUST3088,1390395.97,154488.4411111111,9,2022-01-08,2025-06-20,2020-12-05,2024-06-25,56,46,406,Bhasin-Nagar,Healthcare,Small,22,1,1
CUST3089,1847499.48,115468.7175,16,2022-02-09,2025-05-10,2020-09-21,2025-07-02,59,87,34,"Mahal, Tak and Loke",Finance,Mid-Market,2,7,0
CUST3090,655600.11,72844.45666666667,9,2022-05-12,2025-06-21,2019-12-27,2025-06-30,68,45,36,Panchal Group,Manufacturing,Mid-Market,1,8,0
CUST3091,1080672.8,270168.2,4,2023-10-13,2025-03-24,2022-10-12,2025-06-30,34,134,36,"Kara, Bhardwaj and Dhar",Government,Mid-Market,1,8,0
CUST3092,1352978.81,150330.9788888889,9,2022-08-31,2025-05-10,2024-01-23,2025-02-06,18,87,180,Balay LLC,Retail,Small,47,10,0
CUST3093,2493063.61,191774.12384615385,13,2022-07-07,2025-03-18,2022-08-28,2025-06-30,35,140,36,Kaur-Ganguly,Manufacturing,Small,1,8,0
CUST3094,1337190.4100000001,121562.76454545456,11,2022-02-06,2025-06-09,2025-05-12,2025-06-08,2,57,58,Lad PLC,Tech,Enterprise,12,8,0
CUST3095,145751.62,24291.936666666665,6,2022-08-04,2024-10-08,2023-05-08,2025-06-30,27,301,36,Issac-Karan,Manufacturing,Mid-Market,1,8,0
CUST3096,1227256.1,111568.73636363637,11,2022-01-05,2024-09-15,2022-10-09,2025-06-30,34,324,36,"Gill, Zachariah and Goel",Manufacturing,Mid-Market,1,8,0
CUST3097,2107051.13,175587.59416666665,12,2022-02-19,2024-12-18,2021-06-11,2025-06-30,50,230,36,"Bahl, Narain and Gara",Healthcare,Small,1,8,0
CUST3098,3520771.3400000003,195598.4077777778,18,2022-03-27,2025-07-13,2021-12-03,2025-06-30,44,23,36,"Bhardwaj, Arora and Golla",Tech,Mid-Market,1,8,0
CUST3099,2461538.42,205128.20166666666,12,2022-01-29,2025-07-19,2019-05-21,2025-06-30,75,17,36,Apte-Sachdeva,Tech,Enterprise,1,8,0
CUST3100,1251054.27,113732.20636363636,11,2023-02-15,2025-05-30,2022-04-08,2025-06-30,40,67,36,Bhargava Inc,Retail,Enterprise,1,8,0
CUST3101,746112.83,74611.283,10,2022-01-07,2025-02-19,2023-08-17,2024-08-26,23,167,344,"Raghavan, Naik and Sharma",Tech,Small,14,4,1
CUST3102,1507222.85,150722.285,10,2022-04-02,2024-11-01,2020-09-20,2024-01-31,59,277,552,Agate-Raval,Education,Enterprise,12,6,0
CUST3103,1636241.79,116874.41357142858,14,2022-08-29,2025-07-10,2019-11-17,2024-07-15,69,26,386,Keer PLC,Healthcare,Small,48,5,1
CUST3104,750213.29,150042.658,5,2022-01-24,2025-06-14,2020-11-17,2023-12-13,57,52,601,Hayre PLC,Finance,Small,3,8,0
CUST3105,1197918.23,199653.03833333333,6,2022-06-17,2025-01-25,2024-11-30,2025-05-06,8,192,91,"Mody, Madan and Hayre",Finance,Mid-Market,8,3,0
CUST3106,1004283.8200000001,167380.6366666667,6,2022-01-22,2025-03-29,2020-03-22,2025-06-30,65,129,36,Bhakta Group,Government,Small,1,8,0
CUST3107,1514651.6,168294.62222222224,9,2022-08-11,2025-05-22,2021-09-01,2023-10-14,47,75,661,"Mohanty, Suresh and Bedi",Non-Profit,Mid-Market,28,7,0
CUST3108,1642761.94,164276.194,10,2022-04-17,2025-05-08,2020-02-01,2025-06-30,67,89,36,"Loyal, Chatterjee and Narain",Manufacturing,Enterprise,1,8,0
CUST3109,1573153.57,174794.8411111111,9,2022-01-07,2025-06-24,2022-09-23,2025-06-30,34,42,36,"Loyal, Mahal and Sant",Tech,Small,1,8,0
CUST3110,1363230.6,272646.12,5,2022-03-14,2025-01-20,2024-12-28,2025-06-09,7,197,57,"Singhal, Rau and Mandal",Manufacturing,Small,28,9,0
CUST3111,630654.45,126130.88999999998,5,2022-04-25,2024-10-01,2019-10-19,2025-06-30,70,308,36,Dass Inc,Finance,Small,1,8,0
CUST3112,915067.21,114383.40125,8,2022-04-21,2025-03-16,2021-04-11,2025-06-30,52,142,36,Chana Group,Finance,Enterprise,1,8,0
CUST3113,2034137.5999999999,226015.28888888887,9,2022-02-12,2024-11-04,2023-06-02,2025-06-30,26,274,36,Rau PLC,Tech,Small,1,8,0
CUST3114,1091094.79,121232.75444444445,9,2022-06-16,2024-08-27,2024-10-18,2025-06-30,9,343,36,Narain Group,Government,Enterprise,1,8,0
CUST3115,2065533.7,129095.85625,16,2022-02-28,2025-04-26,2019-03-21,2025-06-30,77,101,36,Gupta-Saraf,Tech,Small,1,8,0
CUST3116,2413670.62,160911.37466666667,15,2022-04-23,2024-12-17,2021-10-23,2025-06-30,46,231,36,"Tandon, Kadakia and Sarin",Manufacturing,Enterprise,1,8,0
CUST3117,2686889.97,206683.84384615388,13,2022-07-20,2025-06-12,2025-06-09,2025-06-14,1,54,52,Parmer PLC,Finance,Enterprise,6,9,0
CUST3118,2290009.94,190834.16166666665,12,2022-03-23,2025-06-22,2019-11-28,2025-01-11,69,44,206,"Chakrabarti, Tank and Verma",Retail,Mid-Market,47,10,0
CUST3119,1246811.54,155851.4425,8,2022-02-17,2025-07-10,2020-04-15,2025-06-30,64,26,36,Desai-Buch,Education,Small,1,8,0
CUST3120,755777.03,68707.00272727273,11,2023-05-22,2025-04-28,2019-12-25,2024-05-17,68,99,445,Dora Inc,Education,Mid-Market,23,7,0
CUST3121,2488335.01,177738.215,14,2022-02-16,2024-11-06,2024-08-13,2024-11-21,11,272,257,"Merchant, Nanda and Goyal",Tech,Small,3,9,0
CUST3122,2457173.61,204764.4675,12,2022-03-20,2025-06-25,2023-10-26,2025-06-30,21,41,36,"Tailor, Ganesh and Sandhu",Government,Mid-Market,1,8,0
CUST3123,569658.9299999999,113931.786,5,2022-01-09,2024-08-16,2020-07-29,2025-06-30,61,354,36,"Devan, Joshi and Choudhury",Finance,Small,1,8,0
CUST3124,743993.08,92999.135,8,2022-01-17,2025-05-24,2023-10-12,2025-06-30,22,73,36,Pathak-Thakur,Education,Enterprise,1,8,0
CUST3125,1115907.3800000001,159415.34000000003,7,2023-01-07,2025-07-11,2023-06-10,2025-06-30,26,25,36,"Bahri, Borde and Thaker",Manufacturing,Small,1,8,0
CUST3126,943755.4,104861.71111111112,9,2022-04-13,2025-02-12,2019-11-03,2025-06-30,70,174,36,Parmer LLC,Finance,Mid-Market,1,8,0
CUST3127,1009354.36,100935.436,10,2022-01-12,2024-03-24,2024-09-30,2025-06-30,10,499,36,Konda LLC,Non-Profit,Small,1,8,0
CUST3128,1307080.01,261416.002,5,2022-05-14,2025-02-17,2024-05-24,2025-06-30,14,169,36,"Reddy, Gole and Lanka",Manufacturing,Small,1,8,0
CUST3129,1573136.4300000002,314627.286,5,2022-12-16,2025-01-20,2019-11-29,2025-06-30,69,197,36,Krishna-Som,Non-Profit,Mid-Market,1,8,0
CUST3130,3877270.07,352479.09727272723,11,2022-07-29,2025-07-19,2024-02-23,2025-06-30,17,17,36,"Saran, Sharaf and Bhat",Healthcare,Small,1,8,0
CUST3131,2497973.18,178426.65571428573,14,2022-01-21,2025-07-16,2022-02-21,2025-06-30,42,20,36,Dara-Yohannan,Government,Small,1,8,0
CUST3132,498244.92000000004,99648.98400000001,5,2023-03-17,2024-07-25,2020-02-14,2025-01-29,66,376,188,"Chad, Rajagopal and Wason",Education,Small,17,5,0
CUST3133,2224418.58,202219.8709090909,11,2022-04-12,2025-06-05,2022-10-24,2025-06-30,33,61,36,Dara-Bahl,Education,Enterprise,1,8,0
CUST3134,1777784.76,296297.46,6,2022-02-14,2025-05-10,2019-06-27,2025-06-30,74,87,36,"Bhatt, Mittal and Balakrishnan",Government,Small,1,8,0
CUST3135,1863777.55,169434.32272727272,11,2022-01-10,2024-12-24,2022-04-12,2025-06-30,40,224,36,"Bal, Chaudhary and Brahmbhatt",Retail,Small,1,8,0
CUST3136,902209.92,128887.13142857143,7,2022-02-26,2024-11-14,2021-01-22,2025-04-03,55,264,124,"Kapadia, Kaul and Dhawan",Education,Enterprise,12,7,0
CUST3137,1817572.2,181757.22,10,2022-08-26,2024-12-01,2024-09-23,2025-06-30,10,247,36,Vaidya Group,Healthcare,Mid-Market,35,5,0
CUST3138,2812922.02,187528.13466666668,15,2022-04-12,2024-10-11,2021-09-04,2025-06-30,47,298,36,Lad-Mohanty,Government,Mid-Market,1,8,0
CUST3139,2906024.95,290602.495,10,2022-02-28,2024-10-01,2025-04-03,2025-06-30,4,308,36,Bansal-Nair,Manufacturing,Enterprise,5,10,0
CUST3140,753875.33,94234.41625,8,2023-04-27,2025-01-16,2024-07-11,2025-06-30,13,201,36,"Ravel, Balay and Deep",Healthcare,Enterprise,1,8,0
CUST3141,1024469.5800000001,113829.95333333334,9,2022-01-29,2025-01-06,2020-04-08,2025-06-30,64,211,36,Shukla Inc,Finance,Small,1,8,0
CUST3142,2740021.3,228335.1083333333,12,2022-02-13,2025-05-03,2022-11-05,2025-06-30,33,94,36,"Khalsa, Sur and Panchal",Finance,Mid-Market,1,8,0
CUST3143,1074073.3,179012.21666666667,6,2022-08-16,2025-07-09,2024-02-01,2025-04-19,18,27,108,Narula-Karpe,Tech,Mid-Market,7,5,0
CUST3144,1593186.03,132765.5025,12,2023-03-03,2025-06-27,2019-04-18,2023-11-17,76,39,627,Bandi-Sheth,Manufacturing,Small,50,4,1
CUST3145,1264339.8800000001,126433.98800000001,10,2022-01-07,2025-06-27,2022-03-25,2025-06-30,40,39,36,Raghavan LLC,Healthcare,Small,1,8,0
CUST3146,1796267.55,359253.51,5,2022-01-02,2025-01-03,2024-03-29,2024-10-17,16,214,292,Bora LLC,Government,Mid-Market,41,8,0
CUST3147,1044642.02,149234.57428571428,7,2022-02-10,2025-06-26,2021-12-09,2025-06-30,44,40,36,Behl Group,Government,Enterprise,1,8,0
CUST3148,1996235.47,133082.36466666666,15,2022-02-15,2025-03-26,2024-03-30,2025-06-30,16,132,36,Deol Ltd,Retail,Mid-Market,1,8,0
CUST3149,3175350.19,264612.5158333333,12,2022-02-13,2025-03-07,2025-05-11,2025-07-05,2,151,31,"Chaudry, Mangal and Mahal",Healthcare,Enterprise,2,8,0
CUST3150,406479.83999999997,58068.54857142857,7,2022-05-12,2025-06-28,2019-05-14,2025-06-30,75,38,36,"Yadav, Sundaram and Soman",Government,Mid-Market,1,8,0
CUST3151,1423902.01,177987.75125,8,2023-07-21,2025-07-22,2022-01-01,2023-11-14,43,14,630,Virk-Ramaswamy,Healthcare,Mid-Market,4,7,0
CUST3152,2053015.58,293287.94,7,2022-04-10,2025-04-25,2023-11-09,2025-06-30,21,102,36,Dhaliwal and Sons,Tech,Enterprise,1,8,0
CUST3153,2261786.2,141361.6375,16,2022-03-06,2025-07-07,2019-01-13,2025-06-30,79,29,36,"Bhatnagar, Chacko and Gera",Education,Enterprise,1,8,0
CUST3154,1371193.51,152354.83444444445,9,2023-04-06,2025-05-01,2023-05-02,2025-06-30,27,96,36,Prashad Inc,Finance,Enterprise,1,8,0
CUST3155,2189947.99,312849.7128571429,7,2023-01-01,2025-06-08,2023-09-03,2025-06-30,23,58,36,"Jain, Khalsa and Jani",Government,Small,1,8,0
CUST3156,1395694.6500000001,126881.33181818183,11,2022-03-19,2025-06-17,2021-01-19,2024-10-02,55,49,307,Bora and Sons,Education,Mid-Market,12,8,0
CUST3157,2260548.1300000004,205504.3754545455,11,2022-05-17,2025-04-16,2020-06-12,2025-06-30,62,111,36,"Swamy, Sridhar and Pandya",Finance,Mid-Market,1,8,0
CUST3158,2951843.05,268349.36818181816,11,2022-02-01,2025-07-08,2025-07-14,2025-06-30,0,28,36,Ratti Group,Healthcare,Enterprise,1,8,0
CUST3159,2437325.71,221575.06454545454,11,2022-02-11,2025-03-30,2025-02-17,2025-03-12,5,128,146,"Datta, Bora and Char",Tech,Mid-Market,11,7,0
CUST3160,1433357.59,159261.95444444445,9,2022-09-23,2025-02-23,2020-11-10,2025-07-03,57,163,33,Venkatesh Group,Government,Enterprise,13,10,0
CUST3161,1751887.07,194654.1188888889,9,2022-08-23,2025-03-09,2020-02-21,2025-06-30,66,149,36,Kota PLC,Education,Mid-Market,1,8,0
CUST3162,2376359.16,148522.4475,16,2022-01-12,2024-12-27,2020-01-29,2023-09-28,67,221,677,Sarkar Inc,Government,Small,5,1,0
CUST3163,1154797.1,115479.71,10,2022-08-23,2025-04-18,2020-02-10,2025-06-30,66,109,36,"Brar, Tiwari and Dar",Non-Profit,Small,1,8,0
CUST3164,535906.03,76558.00428571428,7,2022-04-10,2025-03-13,2019-05-17,2024-09-05,75,145,334,"Sibal, Nanda and Wadhwa",Healthcare,Small,45,5,1
CUST3165,1227965.54,87711.82428571429,14,2022-01-26,2024-11-24,2022-02-17,2025-06-30,42,254,36,"Balakrishnan, Comar and Wadhwa",Non-Profit,Enterprise,1,8,0
CUST3166,1388897.8399999999,126263.43999999999,11,2022-04-28,2024-03-17,2022-04-25,2023-10-15,39,506,660,Sathe-Balay,Non-Profit,Enterprise,28,1,1
CUST3167,2975792.37,270526.5790909091,11,2022-03-14,2025-03-28,2022-03-26,2025-06-30,40,130,36,Ganesan-Kota,Retail,Enterprise,1,8,0
CUST3168,374062.13,74812.426,5,2023-02-23,2024-10-09,2025-01-27,2025-06-30,6,300,36,Dugar Inc,Retail,Mid-Market,1,8,0
CUST3169,1251272.96,178753.28,7,2022-08-16,2025-05-22,2023-09-28,2023-11-07,22,75,637,Chacko-Master,Healthcare,Small,15,3,1
CUST3170,1335980.8,111331.73333333334,12,2022-07-11,2025-07-09,2023-09-02,2024-11-20,23,27,258,"Mall, Natt and Gala",Non-Profit,Enterprise,41,9,0
CUST3171,1854082.9,168552.9909090909,11,2022-01-14,2025-05-13,2023-08-27,2025-04-07,23,84,120,"Kari, Cheema and Nayak",Non-Profit,Enterprise,13,9,0
CUST3172,1162624.3900000001,116262.43900000001,10,2022-04-06,2025-02-28,2022-07-16,2024-09-09,37,158,330,Srivastava-Dara,Manufacturing,Mid-Market,17,2,1
CUST3173,2131531.04,266441.38,8,2022-02-27,2024-04-28,2019-12-10,2025-06-30,68,464,36,"Kar, Mitra and Pandit",Manufacturing,Small,1,8,0
CUST3174,1010044.04,112227.11555555556,9,2022-09-20,2025-05-19,2024-05-30,2025-01-13,14,78,204,Doctor-Garg,Retail,Enterprise,38,2,1
CUST3175,1714446.8599999999,122460.48999999999,14,2022-03-06,2025-04-12,2021-09-16,2025-06-30,47,115,36,Atwal Group,Education,Small,1,8,0
CUST3176,2575289.36,198099.18153846153,13,2022-01-30,2025-04-23,2021-04-29,2025-06-30,51,104,36,Dube Ltd,Finance,Enterprise,1,8,0
CUST3177,889924.25,74160.35416666667,12,2022-05-20,2025-04-25,2024-06-09,2024-07-19,14,102,382,Lall Inc,Tech,Small,3,5,0
CUST3178,2815332.84,234611.06999999998,12,2022-01-02,2025-07-23,2024-09-03,2025-06-30,11,13,36,Pillay-Sawhney,Government,Small,1,8,0
CUST3179,460779.47000000003,65825.63857142857,7,2022-09-10,2025-02-16,2022-05-29,2025-06-30,38,170,36,Rao LLC,Finance,Enterprise,1,8,0
CUST3180,864000.6799999999,108000.08499999999,8,2022-01-06,2025-03-13,2019-01-21,2024-02-22,79,145,530,Pau Inc,Education,Mid-Market,10,8,0
CUST3181,327039.14,36337.682222222225,9,2022-05-28,2025-04-13,2020-10-28,2025-06-30,58,114,36,Nayak-Karnik,Non-Profit,Enterprise,1,8,0
CUST3182,1044039.86,94912.71454545454,11,2022-01-14,2025-04-22,2021-12-02,2025-02-09,44,105,177,"Sathe, Lalla and Cherian",Non-Profit,Mid-Market,13,1,0
CUST3183,1502015.9500000002,300403.19000000006,5,2022-03-02,2025-02-02,2023-04-30,2025-06-30,27,184,36,Bajwa Group,Non-Profit,Mid-Market,1,8,0
CUST3184,2033663.1199999999,169471.92666666667,12,2022-01-01,2025-03-31,2024-09-22,2025-06-30,10,127,36,"Mistry, Chowdhury and Jha",Healthcare,Small,1,8,0
CUST3185,1251015.83,156376.97875,8,2022-02-25,2025-05-03,2023-06-05,2025-07-17,26,94,19,Chadha Inc,Healthcare,Enterprise,14,5,0
CUST3186,1040783.3200000001,130097.91500000001,8,2022-03-02,2025-05-12,2021-11-20,2024-09-07,45,85,332,Dara-Solanki,Education,Small,31,4,1
CUST3187,2723537.6,194538.4,14,2022-12-17,2025-04-14,2020-09-07,2024-08-16,59,113,354,Bhalla-Grover,Healthcare,Small,0,8,0
CUST3188,1511713.08,167968.12,9,2022-01-07,2024-12-30,2023-10-02,2025-06-30,22,218,36,Shroff-Khare,Tech,Enterprise,1,8,0
CUST3189,1151787.74,164541.10571428572,7,2022-11-18,2025-07-19,2021-03-31,2025-06-30,52,17,36,"Din, Cherian and Chaudry",Tech,Mid-Market,1,8,0
CUST3190,818107.11,116872.44428571429,7,2022-08-04,2025-03-02,2019-07-08,2025-06-30,74,156,36,"Mallick, Swamy and Dugar",Finance,Enterprise,1,8,0
CUST3191,591722.0,147930.5,4,2022-08-29,2023-09-22,2024-09-08,2025-06-05,11,683,61,Bath Ltd,Healthcare,Enterprise,14,3,0
CUST3192,3464272.57,288689.3808333333,12,2022-05-21,2025-06-05,2019-05-01,2025-01-03,76,61,214,Palla PLC,Finance,Mid-Market,44,2,1
CUST3193,361160.79000000004,120386.93000000001,3,2022-05-24,2022-09-16,2020-06-04,2025-04-17,62,1054,110,Srinivasan Inc,Healthcare,Mid-Market,30,6,0
CUST3194,2307047.44,230704.744,10,2023-02-18,2025-06-25,2022-01-31,2024-02-11,42,41,541,Zacharia Group,Retail,Mid-Market,7,4,1
CUST3195,1273393.1599999997,254678.63199999993,5,2022-03-03,2024-03-27,2023-07-29,2025-06-30,24,496,36,Bajaj Inc,Finance,Small,1,8,0
CUST3196,270787.5,33848.4375,8,2022-02-11,2025-04-09,2021-03-14,2025-06-30,53,118,36,Sha-Balay,Finance,Enterprise,1,8,0
CUST3197,1338045.82,133804.582,10,2022-01-12,2025-07-03,2020-04-22,2025-03-08,64,33,150,Saran-Bhat,Education,Small,12,6,0
CUST3198,694318.44,69431.844,10,2022-05-21,2025-06-08,2024-10-19,2024-12-11,9,58,237,Dutta-Andra,Healthcare,Small,50,6,0
CUST3199,752516.13,150503.226,5,2022-10-13,2025-05-15,2021-05-12,2025-03-04,51,82,154,Parmar LLC,Manufacturing,Mid-Market,13,5,0
CUST3200,2121253.95,265156.74375,8,2022-07-07,2025-07-08,2019-12-01,2025-06-30,69,28,36,"Iyer, Rao and Sama",Government,Mid-Market,1,8,0
CUST3201,1723265.81,172326.581,10,2022-01-07,2025-03-15,2022-03-01,2024-07-25,41,143,376,"Banik, Kamdar and Aurora",Retail,Enterprise,43,8,0
CUST3202,2285536.95,253948.55000000002,9,2023-02-18,2025-04-08,2019-12-17,2024-04-25,68,119,467,Sahni-Dass,Finance,Enterprise,39,3,1
CUST3203,801653.8600000001,53443.59066666667,15,2022-05-03,2025-06-23,2020-11-28,2025-06-30,57,43,36,Uppal-Golla,Education,Small,1,8,0
CUST3204,136903.47,34225.8675,4,2022-04-15,2025-05-26,2022-05-27,2024-04-10,38,71,482,"Sule, Shukla and Setty",Retail,Enterprise,27,2,1
CUST3205,1103390.62,100308.23818181819,11,2022-02-23,2025-05-05,2022-05-14,2024-03-16,39,92,507,Contractor-Parikh,Tech,Small,40,5,1
CUST3206,1351824.19,225304.03166666665,6,2022-09-01,2024-05-15,2020-10-22,2025-06-30,58,447,36,Thaker PLC,Manufacturing,Enterprise,1,8,0
CUST3207,658654.9,65865.49,10,2022-02-05,2025-05-16,2019-05-20,2025-06-30,75,81,36,"Chada, Randhawa and Sengupta",Manufacturing,Mid-Market,1,8,0
CUST3208,282709.44,47118.24,6,2023-03-11,2025-05-23,2025-06-06,2025-06-30,2,74,36,Tata and Sons,Manufacturing,Mid-Market,1,8,0
CUST3209,1351739.9,135173.99,10,2022-02-03,2023-11-25,2023-01-26,2025-04-09,30,619,118,"Agrawal, Memon and Chandran",Government,Mid-Market,35,9,0
CUST3210,580799.32,96799.88666666666,6,2022-01-04,2025-05-29,2022-11-29,2023-11-25,32,68,619,"Upadhyay, Keer and Swamy",Non-Profit,Small,31,1,1
CUST3211,1367315.84,124301.44,11,2022-07-26,2025-03-29,2021-09-25,2025-06-30,47,129,36,Dayal-Vaidya,Finance,Mid-Market,1,8,0
CUST3212,1636899.06,116921.36142857143,14,2022-01-12,2025-07-05,2021-12-10,2025-06-30,44,31,36,Gopal Ltd,Education,Enterprise,1,8,0
CUST3213,3234952.16,215663.47733333334,15,2022-03-09,2025-06-10,2020-07-08,2025-06-30,61,56,36,Sabharwal-Purohit,Manufacturing,Enterprise,1,8,0
CUST3214,1026967.39,93360.67181818181,11,2022-04-01,2025-07-18,2022-06-10,2024-06-17,38,18,414,"Khosla, Tripathi and Chacko",Retail,Small,7,3,0
CUST3215,316045.32999999996,45149.33285714285,7,2023-04-16,2024-12-06,2019-04-23,2025-06-30,76,242,36,Ramachandran PLC,Government,Small,1,8,0
CUST3216,1899537.79,189953.779,10,2022-11-26,2025-01-13,2023-08-30,2025-06-30,23,204,36,"Gulati, Dugar and Bhatia",Finance,Enterprise,1,8,0
CUST3217,1445750.29,103267.87785714286,14,2022-01-30,2025-06-11,2024-09-01,2024-11-17,11,55,261,Bose-Salvi,Healthcare,Mid-Market,24,2,1
CUST3218,1819466.95,227433.36875,8,2022-04-25,2025-07-04,2020-12-03,2025-06-30,56,32,36,Kalla Inc,Non-Profit,Enterprise,1,8,0
CUST3219,453004.02999999997,45300.403,10,2022-04-22,2024-05-01,2022-04-30,2025-06-30,39,461,36,"Dada, Ganesan and Dugal",Tech,Mid-Market,1,8,0
CUST3220,1766587.67,196287.51888888888,9,2022-11-19,2025-07-23,2022-04-20,2025-01-10,40,13,207,"Kadakia, Pai and Murthy",Healthcare,Mid-Market,25,5,1
CUST3221,1712056.07,244579.4385714286,7,2022-03-23,2025-04-14,2022-08-28,2024-08-21,35,113,349,Dutt-Nanda,Healthcare,Enterprise,13,6,0
CUST3222,904860.37,100540.04111111112,9,2022-06-15,2024-11-29,2019-01-24,2024-12-23,79,249,225,Yadav-Bir,Education,Mid-Market,26,2,1
CUST3223,821098.29,82109.829,10,2022-01-17,2025-06-25,2019-07-10,2024-10-17,73,41,292,Kibe Group,Retail,Small,14,1,0
CUST3224,2186656.5100000002,198786.95545454547,11,2022-07-19,2025-06-15,2023-05-30,2025-06-30,26,51,36,Lad PLC,Education,Mid-Market,1,8,0
CUST3225,1109086.1,100826.0090909091,11,2022-04-17,2025-03-11,2020-05-08,2025-06-30,63,147,36,Gupta-Viswanathan,Non-Profit,Enterprise,1,8,0
CUST3226,2062353.65,158642.58846153846,13,2022-09-13,2025-07-11,2021-04-09,2025-06-30,52,25,36,"Jha, Patil and Varughese",Manufacturing,Mid-Market,1,8,0
CUST3227,2918830.48,291883.048,10,2022-03-22,2025-05-09,2023-02-27,2025-06-30,29,88,36,Memon Ltd,Manufacturing,Mid-Market,1,8,0
CUST3228,1782223.72,254603.38857142857,7,2022-01-31,2025-01-24,2025-01-15,2025-06-30,6,193,36,Kala-Karan,Government,Mid-Market,1,8,0
CUST3229,1653449.06,183716.56222222222,9,2022-02-08,2025-04-19,2019-12-11,2025-06-30,68,108,36,Pingle-Johal,Government,Enterprise,1,8,0
CUST3230,2329608.0500000003,258845.33888888892,9,2022-02-26,2024-12-17,2024-03-26,2024-11-09,16,231,269,Chand LLC,Manufacturing,Enterprise,28,4,0
CUST3231,2300603.2,153373.5466666667,15,2022-01-13,2025-01-24,2019-01-13,2025-06-30,79,193,36,Tak Ltd,Non-Profit,Enterprise,1,8,0
CUST3232,1565104.43,130425.36916666666,12,2022-03-09,2024-10-03,2021-01-26,2025-06-30,55,306,36,"Suresh, Chowdhury and Jayaraman",Manufacturing,Small,1,8,0
CUST3233,1560874.69,173430.5211111111,9,2022-05-19,2024-06-03,2025-06-30,2025-06-30,1,428,36,Chowdhury and Sons,Manufacturing,Enterprise,1,8,0
CUST3234,2188508.5300000003,218850.85300000003,10,2022-11-08,2024-08-29,2019-03-06,2025-06-30,78,341,36,Lal Group,Education,Mid-Market,1,8,0
CUST3235,665376.21,73930.69,9,2022-01-01,2025-05-16,2021-10-01,2025-06-30,46,81,36,"Bali, Warrior and Ratta",Manufacturing,Mid-Market,1,8,0
CUST3236,2591477.23,172765.14866666668,15,2022-03-22,2025-04-02,2020-03-15,2025-06-30,65,125,36,Hegde-Chauhan,Retail,Small,1,8,0
CUST3237,834699.58,119242.79714285713,7,2022-04-02,2025-05-24,2024-08-28,2025-06-30,11,73,36,Konda PLC,Finance,Small,1,8,0
CUST3238,3373474.52,240962.4657142857,14,2022-03-11,2025-02-02,2024-08-11,2025-01-14,11,184,203,"Cheema, Vohra and Kar",Non-Profit,Enterprise,13,2,1
CUST3239,3133490.02,284862.72909090907,11,2022-09-14,2025-06-15,2023-08-11,2025-01-28,24,51,189,Wadhwa LLC,Education,Enterprise,2,8,0
CUST3240,1394319.99,126756.36272727273,11,2022-01-07,2025-02-20,2020-03-20,2025-06-30,65,166,36,Swaminathan Inc,Non-Profit,Mid-Market,1,8,0
CUST3241,1428602.66,129872.96909090909,11,2022-05-14,2025-01-22,2024-05-14,2025-06-30,14,195,36,Khalsa Group,Manufacturing,Mid-Market,1,8,0
CUST3242,1633621.0,204202.625,8,2022-03-15,2025-03-05,2021-09-18,2024-06-07,47,153,424,Goswami PLC,Government,Mid-Market,38,1,1
CUST3243,1245765.3599999999,177966.47999999998,7,2022-08-08,2025-03-01,2022-05-06,2025-06-30,39,157,36,Wali Inc,Education,Enterprise,1,8,0
CUST3244,470800.06,78466.67666666667,6,2022-06-16,2023-10-06,2024-11-09,2025-04-22,8,669,105,Kadakia and Sons,Non-Profit,Mid-Market,11,9,0
CUST3245,1762284.46,195809.38444444444,9,2022-05-14,2024-06-12,2024-12-16,2025-06-30,7,419,36,"Sabharwal, Palan and Deep",Non-Profit,Mid-Market,1,8,0
CUST3246,918219.4199999999,153036.56999999998,6,2022-03-11,2024-09-03,2023-01-25,2025-06-30,30,336,36,Wason-Dutta,Manufacturing,Enterprise,1,8,0
CUST3247,1710954.25,142579.52083333334,12,2022-03-12,2025-05-22,2020-11-08,2025-06-30,57,75,36,Raj-Swaminathan,Retail,Small,1,8,0
CUST3248,1477688.6199999999,246281.43666666665,6,2022-04-03,2025-07-16,2022-06-20,2025-06-30,38,20,36,Mitter-Sibal,Retail,Mid-Market,1,8,0
CUST3249,2503404.25,192569.5576923077,13,2022-01-29,2025-05-18,2020-02-03,2025-06-30,67,79,36,Solanki-Zacharia,Non-Profit,Enterprise,1,8,0
CUST3250,1275678.1,212613.0166666667,6,2022-04-09,2025-07-23,2020-10-05,2025-06-30,58,13,36,Deep Group,Government,Small,1,8,0
CUST3251,1220028.59,152503.57375,8,2022-06-25,2025-07-23,2022-06-29,2025-06-30,37,13,36,Dhar LLC,Tech,Mid-Market,1,8,0
CUST3252,1746293.08,158753.91636363638,11,2022-08-10,2025-05-04,2021-11-05,2025-05-27,45,93,70,Gandhi PLC,Tech,Mid-Market,24,6,0
CUST3253,3568037.5199999996,274464.4246153846,13,2022-04-25,2025-05-21,2022-12-08,2025-04-09,32,76,118,Oza-Ravi,Government,Mid-Market,1,10,0
CUST3254,2472795.79,224799.61727272728,11,2022-04-21,2025-06-27,2021-02-25,2024-04-06,54,39,486,Balay Ltd,Retail,Mid-Market,34,4,1
CUST3255,2920686.4699999997,265516.9518181818,11,2022-02-02,2025-06-25,2024-04-25,2024-11-28,15,41,250,"Tripathi, Borah and Prakash",Retail,Small,17,2,1
CUST3256,1860626.28,206736.25333333333,9,2022-02-21,2024-03-08,2022-03-24,2024-08-13,41,515,357,"Jhaveri, Nigam and Maharaj",Non-Profit,Mid-Market,31,10,0
CUST3257,2975531.27,247960.93916666668,12,2022-06-24,2025-05-22,2024-03-02,2025-06-30,17,75,36,Agate Inc,Retail,Mid-Market,1,8,0
CUST3258,1646158.57,182906.5077777778,9,2022-03-16,2025-05-07,2019-07-12,2023-10-27,73,90,648,Merchant-Mandal,Tech,Mid-Market,39,5,1
CUST3259,2553476.66,255347.66600000003,10,2022-02-15,2025-07-03,2022-08-26,2025-04-07,35,33,120,"Tata, Mukherjee and Narasimhan",Retail,Enterprise,0,8,0
CUST3260,2430579.5,151911.21875,16,2022-06-30,2025-06-29,2024-06-23,2024-08-01,13,37,369,Sunder-Reddy,Manufacturing,Mid-Market,0,1,1
CUST3261,1561754.29,260292.38166666668,6,2022-11-01,2025-06-29,2020-06-06,2025-06-30,62,37,36,"Ramakrishnan, Dara and Oza",Non-Profit,Mid-Market,1,8,0
CUST3262,1380818.04,172602.255,8,2022-04-20,2024-02-27,2025-01-06,2025-06-30,7,525,36,Pant LLC,Education,Mid-Market,1,8,0
CUST3263,2120565.48,212056.548,10,2022-01-11,2025-01-19,2019-12-30,2024-10-03,68,198,306,Bhardwaj Ltd,Tech,Mid-Market,24,3,1
CUST3264,1565090.26,195636.2825,8,2023-02-22,2025-04-09,2019-02-23,2025-06-30,78,118,36,"Merchant, Vaidya and Patil",Tech,Enterprise,1,8,0
CUST3265,1182021.06,107456.46,11,2022-01-31,2024-11-13,2021-02-16,2025-06-30,54,265,36,"Dara, Chaudhari and Sama",Tech,Small,1,8,0
CUST3266,1610377.0,161037.7,10,2022-02-08,2025-04-18,2024-12-11,2025-06-30,7,109,36,Saraf LLC,Finance,Small,1,8,0
CUST3267,2427428.96,242742.896,10,2022-03-05,2025-05-18,2020-02-27,2025-06-30,66,79,36,Ahluwalia-Khurana,Healthcare,Enterprise,1,8,0
CUST3268,3095162.29,257930.19083333333,12,2022-06-17,2025-05-09,2024-11-30,2025-06-30,8,88,36,"Shroff, Gara and Barad",Non-Profit,Mid-Market,1,8,0
CUST3269,1833478.29,229184.78625,8,2022-03-19,2024-11-25,2023-07-21,2024-07-26,24,253,375,"Mall, Soni and Naik",Non-Profit,Enterprise,12,6,0
CUST3270,1311117.92,145679.76888888888,9,2022-04-16,2025-05-17,2020-11-29,2025-06-30,57,80,36,"Chand, Kunda and Lanka",Retail,Mid-Market,1,8,0
CUST3271,1041329.22,130166.1525,8,2022-03-22,2025-02-26,2023-02-23,2024-10-19,29,160,290,Sachdeva PLC,Tech,Enterprise,21,4,1
CUST3272,1594632.47,122664.03615384616,13,2022-04-08,2025-07-20,2022-06-05,2025-02-27,38,16,159,"Dube, Sarin and Parmar",Tech,Mid-Market,33,10,0
CUST3273,3847945.02,226349.70705882352,17,2022-04-05,2025-03-27,2020-03-24,2025-06-30,65,131,36,Nayak-Dash,Retail,Enterprise,1,8,0
CUST3274,988925.5,123615.6875,8,2022-03-26,2025-04-29,2024-02-02,2025-06-30,18,98,36,Konda-Nanda,Education,Enterprise,1,8,0
CUST3275,1574804.5899999999,174978.28777777776,9,2022-03-09,2025-07-01,2023-03-30,2025-06-30,28,35,36,Batra-Ray,Non-Profit,Enterprise,1,8,0
CUST3276,1551598.52,155159.852,10,2022-02-22,2025-06-26,2019-11-16,2025-06-30,69,40,36,Dass LLC,Non-Profit,Enterprise,1,8,0
CUST3277,772978.88,96622.36,8,2022-03-13,2024-06-15,2020-03-19,2025-06-30,65,416,36,Batta and Sons,Healthcare,Small,1,8,0
CUST3278,2259805.52,251089.50222222222,9,2022-01-27,2025-03-12,2021-03-15,2025-06-30,53,146,36,Sura-Kumar,Government,Enterprise,1,8,0
CUST3279,1203939.25,150492.40625,8,2022-02-01,2025-04-14,2024-12-03,2025-06-30,8,113,36,Seshadri Group,Education,Mid-Market,1,8,0
CUST3280,1392583.06,116048.58833333333,12,2022-01-23,2024-11-21,2020-02-12,2025-06-30,66,257,36,Swaminathan Ltd,Finance,Mid-Market,1,8,0
CUST3281,3611854.3299999996,277834.9484615384,13,2022-02-14,2025-01-02,2020-03-28,2025-07-13,65,215,23,Jain-Saraf,Manufacturing,Enterprise,5,5,0
CUST3282,2601864.66,185847.4757142857,14,2022-02-15,2024-09-18,2023-10-13,2025-06-17,22,321,49,Khurana LLC,Manufacturing,Mid-Market,11,4,0
CUST3283,1122824.09,160403.44142857144,7,2022-05-22,2025-01-29,2020-07-19,2024-12-13,61,188,235,Divan-Ghose,Non-Profit,Enterprise,18,5,1
CUST3284,901366.91,225341.7275,4,2022-02-16,2025-03-01,2019-08-20,2025-06-25,72,157,41,"Ravi, Sandal and Savant",Tech,Enterprise,2,3,0
CUST3285,1185912.99,197652.165,6,2022-01-10,2024-05-08,2024-07-03,2025-06-30,13,454,36,"Dash, Chaudhuri and Mangat",Healthcare,Enterprise,1,8,0
CUST3286,2129644.69,212964.46899999998,10,2022-01-03,2025-06-13,2024-10-12,2024-10-26,9,53,283,"Tandon, Chaudhari and Dayal",Education,Mid-Market,17,9,0
CUST3287,1087167.02,155309.57428571428,7,2024-01-02,2025-05-26,2025-03-01,2025-03-13,5,71,145,Gaba and Sons,Manufacturing,Small,11,6,0
CUST3288,2061344.6199999999,206134.462,10,2022-05-19,2025-07-09,2020-11-11,2025-06-30,57,27,36,Dar-Bhargava,Government,Mid-Market,1,8,0
CUST3289,1222524.8699999999,152815.60874999998,8,2022-01-03,2024-03-15,2020-07-24,2025-06-30,61,508,36,Walla-Malhotra,Non-Profit,Enterprise,1,8,0
CUST3290,3057947.11,277995.19181818183,11,2022-01-05,2025-05-14,2020-06-07,2025-06-30,62,83,36,Srivastava Group,Non-Profit,Small,1,8,0
CUST3291,1985128.78,248141.0975,8,2022-01-31,2025-03-12,2025-02-09,2025-04-12,5,146,115,Ghose-Sood,Retail,Mid-Market,25,6,0
CUST3292,970501.58,161750.26333333334,6,2022-04-28,2023-12-30,2023-01-12,2023-12-27,31,584,587,Basu-Nadig,Retail,Mid-Market,6,2,1
CUST3293,2191184.66,219118.46600000001,10,2022-01-18,2025-04-18,2020-07-28,2025-06-30,61,109,36,"Ratta, Sachdev and Dutt",Manufacturing,Small,1,8,0
CUST3294,2612029.93,290225.54777777777,9,2022-03-23,2025-05-11,2020-09-07,2025-06-30,59,86,36,"Bose, Dash and Apte",Non-Profit,Mid-Market,1,8,0
CUST3295,1794495.83,256356.54714285716,7,2022-10-14,2025-06-13,2025-06-28,2025-06-30,1,53,36,"Zachariah, Comar and Raval",Healthcare,Enterprise,1,8,0
CUST3296,2132922.94,177743.57833333334,12,2023-02-14,2025-05-16,2022-11-28,2025-06-30,32,81,36,"Natarajan, Thakur and Prabhakar",Healthcare,Mid-Market,1,8,0
CUST3297,1423308.88,158145.4311111111,9,2022-07-25,2025-02-01,2022-06-25,2025-06-30,37,185,36,Sem-Hayre,Healthcare,Mid-Market,1,8,0
CUST3298,1238651.96,176950.28,7,2022-06-05,2025-07-14,2021-02-15,2025-06-30,54,22,36,"Varkey, Chana and Gole",Healthcare,Small,1,8,0
CUST3299,1649505.08,126885.00615384616,13,2022-09-05,2025-05-06,2020-05-30,2025-06-30,63,91,36,"Thakkar, Nayak and Bajwa",Non-Profit,Small,1,8,0
CUST3300,1377481.56,153053.50666666668,9,2022-04-27,2025-07-19,2019-01-24,2025-06-30,79,17,36,Solanki-Barman,Healthcare,Small,1,8,0
CUST3301,2132047.84,213204.78399999999,10,2022-01-04,2025-03-13,2022-03-06,2025-06-30,41,145,36,Nagarajan Ltd,Finance,Mid-Market,1,8,0
CUST3302,971461.89,121432.73625,8,2022-03-23,2025-04-13,2023-11-15,2023-11-27,20,114,617,"Shan, D’Alia and Dass",Non-Profit,Enterprise,1,4,1
CUST3303,1696075.26,188452.80666666667,9,2022-05-28,2024-08-22,2022-02-18,2025-06-30,42,348,36,Sandhu-Mistry,Education,Small,1,8,0
CUST3304,2872335.62,261121.42,11,2022-10-24,2025-01-23,2019-10-23,2025-06-30,70,194,36,"Purohit, Bansal and Om",Healthcare,Mid-Market,1,8,0
CUST3305,1622780.69,180308.96555555554,9,2022-01-15,2025-01-30,2024-06-30,2025-06-30,13,187,36,"Gola, Ramaswamy and Prabhu",Finance,Enterprise,1,8,0
CUST3306,530715.22,75816.45999999999,7,2024-02-17,2025-07-04,2020-12-24,2025-06-30,56,32,36,Bora-Banerjee,Government,Mid-Market,1,8,0
CUST3307,3032385.29,189524.080625,16,2022-03-01,2025-07-17,2024-12-11,2025-02-14,7,19,172,Bhagat-Chaudhry,Non-Profit,Mid-Market,4,8,0
CUST3308,1307639.58,87175.97200000001,15,2022-03-14,2025-06-23,2020-12-15,2025-06-30,56,43,36,Das Group,Tech,Mid-Market,1,8,0
CUST3309,2179693.9,242188.2111111111,9,2022-03-22,2024-10-29,2025-01-19,2024-09-16,6,280,323,Chakraborty-Morar,Education,Small,15,2,1
CUST3310,1387896.54,154210.72666666668,9,2022-04-29,2024-11-08,2022-12-21,2024-01-29,31,270,554,Dara Inc,Government,Mid-Market,8,5,1
CUST3311,141183.71,17647.96375,8,2022-09-29,2025-03-21,2025-01-22,2025-06-30,6,137,36,"Oak, Pandya and Bassi",Manufacturing,Enterprise,1,8,0
CUST3312,2470375.2199999997,274486.1355555555,9,2022-03-27,2025-06-20,2020-02-24,2023-12-11,66,46,603,Chhabra Group,Government,Small,0,5,0
CUST3313,1383038.33,276607.666,5,2022-02-02,2025-02-04,2022-05-06,2025-06-30,39,182,36,Upadhyay Inc,Education,Mid-Market,1,8,0
CUST3314,652338.35,130467.67,5,2022-08-12,2025-03-08,2024-02-20,2025-06-30,17,150,36,Gole-Radhakrishnan,Manufacturing,Enterprise,1,8,0
CUST3315,2439037.7399999998,143472.8082352941,17,2022-04-21,2025-04-17,2021-02-21,2025-06-30,54,110,36,"Bajaj, Vyas and Grover",Finance,Mid-Market,1,8,0
CUST3316,2078416.71,296916.67285714287,7,2022-07-06,2025-06-21,2023-07-22,2025-06-30,24,45,36,"Nayak, Karan and Nayar",Manufacturing,Small,1,8,0
CUST3317,2018355.57,288336.51,7,2022-07-16,2025-07-18,2023-03-28,2025-06-30,28,18,36,Parmer Inc,Retail,Enterprise,1,8,0
CUST3318,1161341.79,193556.965,6,2022-09-26,2025-01-07,2019-09-08,2025-06-30,71,210,36,"Hegde, Bhat and Lad",Government,Mid-Market,1,8,0
CUST3319,1903135.43,271876.49,7,2022-04-13,2025-06-08,2019-02-11,2025-06-30,78,58,36,Lall LLC,Government,Mid-Market,1,8,0
CUST3320,1360993.4100000001,123726.67363636364,11,2022-01-03,2025-05-26,2023-05-20,2025-06-30,26,71,36,Garg Inc,Education,Small,1,8,0
CUST3321,372573.13,93143.2825,4,2022-10-21,2025-04-19,2023-12-12,2025-06-30,20,108,36,Chakrabarti-Saran,Government,Small,1,8,0
CUST3322,1300714.22,162589.2775,8,2022-03-20,2025-02-15,2020-02-08,2025-06-30,66,171,36,"Rastogi, Khalsa and Gopal",Government,Enterprise,1,8,0
CUST3323,376061.5,125353.83333333333,3,2022-02-10,2025-04-21,2025-03-02,2025-06-30,5,106,36,"Chandran, Som and Dugar",Healthcare,Small,1,8,0
CUST3324,1941475.11,129431.67400000001,15,2022-06-12,2025-07-14,2019-10-16,2024-09-08,70,22,331,Narula Inc,Manufacturing,Small,22,1,1
CUST3325,961963.8300000001,137423.4042857143,7,2022-12-16,2024-09-28,2019-03-16,2025-06-30,77,311,36,Contractor-Buch,Non-Profit,Small,1,8,0
CUST3326,3542413.36,322037.5781818182,11,2022-01-16,2025-02-10,2021-07-03,2024-08-10,49,176,360,Dua LLC,Healthcare,Mid-Market,18,7,0
CUST3327,1229557.71,175651.10142857142,7,2023-08-09,2025-05-11,2025-04-17,2025-06-30,3,86,36,"Deshpande, Shankar and Luthra",Government,Mid-Market,1,8,0
CUST3328,2753194.92,275319.49199999997,10,2022-02-11,2025-05-27,2019-04-17,2024-10-20,76,70,289,Soni Ltd,Retail,Mid-Market,27,5,1
CUST3329,376609.27999999997,75321.856,5,2023-07-27,2024-08-19,2025-03-14,2025-06-12,4,351,54,"Thakkar, Patel and Biswas",Government,Small,31,8,0
CUST3330,76530.58,19132.645,4,2023-10-20,2024-06-01,2023-02-16,2025-06-30,30,430,36,Rau PLC,Finance,Mid-Market,1,8,0
CUST3331,864740.0,144123.33333333334,6,2022-07-27,2025-03-11,2022-01-25,2025-06-30,42,147,36,Kumar-Loke,Retail,Mid-Market,1,8,0
CUST3332,1227565.77,175366.53857142857,7,2022-09-03,2025-07-01,2024-10-11,2024-11-01,9,35,277,"Swaminathan, Wagle and Bath",Non-Profit,Small,49,5,1
CUST3333,3163743.75,158187.1875,20,2022-03-18,2025-06-01,2023-10-22,2025-06-30,21,65,36,"Rastogi, Setty and Peri",Finance,Small,1,8,0
CUST3334,814852.9199999999,90539.21333333332,9,2022-06-04,2024-12-21,2025-03-15,2025-06-30,4,227,36,Sood Group,Healthcare,Small,1,8,0
CUST3335,1873870.15,267695.7357142857,7,2022-02-08,2024-11-17,2024-09-14,2025-06-30,10,261,36,"Rao, Srivastava and Prabhu",Retail,Small,1,8,0
CUST3336,1426977.73,142697.773,10,2022-03-11,2025-04-18,2023-09-27,2024-10-26,22,109,283,"Prasad, Hans and Ramaswamy",Non-Profit,Small,48,3,1
CUST3337,3174899.31,138039.10043478262,23,2022-05-12,2025-06-14,2022-12-18,2025-06-30,32,52,36,"Borde, Raman and Nair",Retail,Small,1,8,0
CUST3338,2804572.84,254961.16727272727,11,2022-03-10,2025-06-16,2024-04-22,2025-06-30,15,50,36,"Apte, Narayan and Lala",Manufacturing,Small,1,8,0
CUST3339,2534715.1,230428.64545454548,11,2022-07-19,2024-10-27,2020-03-23,2025-06-30,65,282,36,"Dutt, Jaggi and Johal",Non-Profit,Enterprise,1,8,0
CUST3340,1615159.79,179462.1988888889,9,2022-02-10,2025-06-26,2021-07-24,2025-06-30,49,40,36,Jaggi Group,Healthcare,Enterprise,1,8,0
CUST3341,2975737.16,330637.46222222224,9,2022-04-27,2024-09-03,2019-03-28,2025-06-30,77,336,36,Ray Inc,Tech,Small,1,8,0
CUST3342,3688948.47,216996.96882352943,17,2022-03-05,2025-07-18,2019-05-23,2025-06-30,75,18,36,Pal-Deshmukh,Finance,Small,1,8,0
CUST3343,2673451.73,178230.11533333332,15,2022-01-14,2025-05-17,2021-07-03,2025-06-30,49,80,36,"Ahluwalia, Wali and Sahni",Non-Profit,Enterprise,1,8,0
CUST3344,1301439.65,108453.30416666665,12,2022-01-12,2025-02-21,2025-02-04,2025-07-02,6,165,34,"Nagy, Madan and Mahajan",Finance,Enterprise,37,6,0
CUST3345,2110128.44,211012.84399999998,10,2022-01-21,2024-06-27,2022-02-14,2024-04-22,42,404,470,Sastry-Badal,Government,Small,9,4,1
CUST3346,1075852.94,134481.6175,8,2022-03-15,2024-10-13,2021-01-29,2025-06-30,54,296,36,Maharaj-Dey,Healthcare,Mid-Market,1,8,0
CUST3347,747833.8,67984.89090909091,11,2022-07-15,2025-01-30,2022-10-09,2024-02-11,34,187,541,Soni Inc,Tech,Enterprise,25,7,0
CUST3348,1409017.28,128092.48,11,2022-04-06,2025-05-04,2022-09-19,2025-06-30,35,93,36,Chadha Inc,Finance,Enterprise,1,8,0
CUST3349,2426720.92,220610.9927272727,11,2022-05-08,2025-05-22,2024-04-17,2025-04-17,15,75,110,Saini-Viswanathan,Non-Profit,Enterprise,3,8,0
CUST3350,2435056.94,202921.41166666665,12,2022-02-01,2025-01-02,2019-09-22,2025-06-30,71,215,36,Sehgal-Barad,Education,Enterprise,1,8,0
CUST3351,1073677.98,107367.798,10,2022-02-27,2025-06-13,2024-06-17,2024-12-30,13,53,218,Khanna-Rau,Healthcare,Mid-Market,0,7,0
CUST3352,1687338.66,112489.24399999999,15,2022-05-27,2025-07-04,2023-10-27,2025-06-30,21,32,36,Upadhyay-More,Manufacturing,Mid-Market,1,8,0
CUST3353,1508359.54,188544.9425,8,2022-06-05,2025-07-14,2024-09-08,2025-06-30,11,22,36,Mall PLC,Retail,Small,1,8,0
CUST3354,1388574.66,154286.07333333333,9,2022-03-05,2025-06-20,2025-07-11,2025-06-30,0,46,36,"Nori, Date and Jain",Healthcare,Mid-Market,1,8,0
CUST3355,1900907.36,211211.9288888889,9,2022-02-06,2025-04-15,2019-04-17,2025-06-30,76,112,36,Vyas-Chad,Retail,Enterprise,1,8,0
CUST3356,1829395.9200000002,203266.21333333335,9,2022-01-21,2025-03-28,2024-10-24,2024-12-08,9,130,240,Shah-Sharma,Non-Profit,Small,34,5,1
CUST3357,3091741.1399999997,281067.37636363634,11,2022-06-21,2025-02-22,2025-02-20,2025-06-30,5,164,36,Guha-Prabhakar,Government,Mid-Market,1,8,0
CUST3358,1007987.49,125998.43625,8,2022-11-14,2025-07-06,2023-03-28,2025-06-30,28,30,36,Mahajan Ltd,Education,Small,1,8,0
CUST3359,1392086.33,174010.79125,8,2022-04-05,2025-06-15,2022-10-10,2023-10-05,34,51,670,"Grover, Mital and Keer",Education,Small,16,10,0
CUST3360,2684603.4,268460.33999999997,10,2022-03-12,2025-03-17,2020-07-27,2024-10-11,61,141,298,Viswanathan Inc,Healthcare,Enterprise,0,6,0
CUST3361,2164153.35,144276.89,15,2022-01-25,2025-04-25,2025-02-18,2025-06-30,5,102,36,"Chaudhari, Sandal and Mukhopadhyay",Retail,Small,1,8,0
CUST3362,2923662.06,182728.87875,16,2022-01-29,2025-06-21,2022-09-03,2025-06-30,35,45,36,Chaudhry-Biswas,Healthcare,Mid-Market,1,8,0
CUST3363,1169982.7200000002,233996.54400000005,5,2022-05-20,2025-02-24,2022-07-30,2024-10-17,36,162,292,Bajaj-Nigam,Education,Small,19,10,0
CUST3364,3340485.76,208780.36,16,2022-02-02,2025-06-01,2022-11-02,2024-11-13,33,65,265,Bakshi Group,Non-Profit,Enterprise,25,2,1
CUST3365,2491338.93,191641.45615384617,13,2022-02-11,2025-06-17,2020-01-19,2023-10-29,67,49,646,Reddy-Swamy,Government,Small,38,7,0
CUST3366,1536265.83,170696.20333333334,9,2022-03-23,2025-02-21,2021-03-25,2025-06-30,53,165,36,Barad Inc,Non-Profit,Small,1,8,0
CUST3367,2364656.58,168904.04142857142,14,2022-01-01,2025-02-24,2022-09-21,2024-07-23,34,162,378,"Char, Rout and Tank",Education,Small,15,6,0
CUST3368,2648401.13,264840.113,10,2022-01-20,2025-02-15,2022-07-30,2023-12-13,36,171,601,Bhalla-Agrawal,Tech,Enterprise,20,10,0
CUST3369,1814279.74,201586.63777777777,9,2022-01-02,2025-03-09,2020-10-11,2025-06-11,58,149,55,Bains PLC,Tech,Small,3,8,0
CUST3370,320261.15,40032.64375,8,2023-04-10,2025-04-14,2025-03-23,2024-09-20,4,113,319,Majumdar-Zacharia,Non-Profit,Mid-Market,18,2,1
CUST3371,2412621.4,219329.21818181817,11,2022-01-10,2025-02-28,2024-05-18,2024-06-14,14,158,417,Kurian PLC,Tech,Enterprise,48,5,0
CUST3372,981803.9299999999,81816.99416666666,12,2022-04-01,2025-04-28,2024-10-27,2025-07-17,9,99,19,Talwar-Sarma,Non-Profit,Small,43,10,0
CUST3373,3470038.9299999997,231335.92866666664,15,2022-06-30,2025-07-20,2025-02-28,2024-11-10,5,16,268,Kurian Inc,Non-Profit,Enterprise,34,1,1
CUST3374,1309583.48,163697.935,8,2022-05-05,2025-04-17,2019-09-27,2025-06-30,71,110,36,"Dewan, Chatterjee and Subramaniam",Healthcare,Enterprise,1,8,0
CUST3375,980134.06,89103.09636363637,11,2022-01-18,2025-07-22,2019-04-27,2025-06-30,76,14,36,Vohra-Brar,Retail,Mid-Market,1,8,0
CUST3376,2096072.73,161236.36384615384,13,2022-03-06,2025-06-10,2022-02-02,2025-06-30,42,56,36,"Rai, Ramesh and Murthy",Finance,Enterprise,1,8,0
CUST3377,1550488.57,129207.38083333334,12,2022-04-28,2025-06-25,2020-11-21,2025-06-30,57,41,36,Palan-Raman,Tech,Enterprise,1,8,0
CUST3378,1609856.22,123835.09384615385,13,2022-03-24,2025-06-16,2021-05-10,2025-06-30,51,50,36,"Bhavsar, Prashad and Wadhwa",Retail,Enterprise,1,8,0
CUST3379,1937481.85,138391.56071428573,14,2022-08-26,2025-03-08,2023-07-25,2025-06-30,24,150,36,Sankar Group,Government,Small,1,8,0
CUST3380,1273407.39,97954.41461538461,13,2022-03-14,2025-02-27,2019-10-15,2025-06-30,70,159,36,"Puri, Sur and Trivedi",Education,Small,1,8,0
CUST3381,2434036.58,173859.7557142857,14,2022-02-18,2025-07-15,2019-07-18,2025-06-30,73,21,36,Tiwari-Pai,Healthcare,Enterprise,1,8,0
CUST3382,2599864.42,288873.82444444444,9,2022-02-02,2024-04-18,2022-12-26,2025-06-30,31,474,36,Rau Group,Non-Profit,Enterprise,1,8,0
CUST3383,1424901.1,158322.34444444446,9,2022-01-27,2024-10-08,2022-02-09,2025-02-01,42,301,185,Keer-Reddy,Manufacturing,Enterprise,11,1,0
CUST3384,2812912.12,187527.47466666668,15,2022-01-01,2025-01-10,2022-07-21,2025-06-30,37,207,36,"Sathe, Edwin and Narasimhan",Manufacturing,Small,1,8,0
CUST3385,2000291.36,250036.42,8,2022-11-08,2025-02-12,2023-05-17,2025-06-30,27,174,36,Chand-Boase,Manufacturing,Mid-Market,1,8,0
CUST3386,584926.82,73115.8525,8,2022-02-18,2025-07-13,2025-04-09,2025-06-30,3,23,36,"Vig, Bhagat and Prakash",Finance,Enterprise,1,8,0
CUST3387,1700882.95,130837.15,13,2022-01-19,2025-04-13,2021-02-06,2025-06-30,54,114,36,Naik and Sons,Manufacturing,Small,1,8,0
CUST3388,785111.62,130851.93666666666,6,2024-06-03,2025-06-25,2020-06-30,2023-09-11,62,41,694,Nair-Chada,Government,Small,4,6,0
CUST3389,2889439.55,240786.62916666665,12,2022-10-06,2025-06-15,2024-08-04,2025-06-05,12,51,61,Keer and Sons,Manufacturing,Small,40,3,0
CUST3390,2924343.3200000003,243695.2766666667,12,2022-08-16,2025-07-19,2019-03-24,2025-06-30,77,17,36,"Ahuja, Dhaliwal and Mahal",Education,Enterprise,1,8,0
CUST3391,1812469.56,181246.956,10,2022-04-10,2025-02-10,2021-06-06,2025-06-30,50,176,36,"Bawa, Sinha and Grewal",Non-Profit,Mid-Market,1,8,0
CUST3392,3870924.8,241932.8,16,2022-01-02,2025-05-22,2021-06-22,2025-06-30,50,75,36,"Nagar, Sur and Gala",Retail,Small,1,8,0
CUST3393,3196847.2,245911.3230769231,13,2022-09-21,2025-06-16,2022-04-25,2025-06-30,39,50,36,"Kibe, Yohannan and Biswas",Government,Enterprise,1,8,0
CUST3394,3179103.76,198693.985,16,2022-07-28,2025-07-06,2022-10-15,2024-06-21,34,30,410,Loke-Naik,Education,Small,44,2,1
CUST3395,803987.22,114855.31714285714,7,2022-01-09,2025-04-09,2019-10-28,2025-03-07,70,118,151,Hegde and Sons,Retail,Small,8,7,0
CUST3396,1596956.6700000002,266159.445,6,2022-06-25,2024-11-24,2024-04-13,2024-09-27,15,254,312,Sathe-Balakrishnan,Finance,Small,17,2,1
CUST3397,1174884.3699999999,97907.03083333332,12,2022-02-09,2024-12-15,2021-01-31,2024-06-29,54,233,402,Badal-Tripathi,Education,Mid-Market,36,5,1
CUST3398,559253.07,62139.229999999996,9,2022-01-17,2025-06-24,2022-01-08,2025-06-30,43,42,36,Narayanan PLC,Non-Profit,Enterprise,1,8,0
CUST3399,1887851.9,171622.9,11,2022-03-10,2025-01-20,2019-12-09,2025-06-30,68,197,36,Mall-Lal,Healthcare,Enterprise,1,8,0
CUST3400,531480.22,88580.03666666667,6,2022-09-30,2024-05-02,2021-10-26,2025-06-30,45,460,36,"Zachariah, Chandra and Oak",Manufacturing,Enterprise,1,8,0
CUST3401,2028403.9,169033.65833333333,12,2022-01-05,2025-05-24,2023-05-31,2025-06-30,26,73,36,Tara-Puri,Manufacturing,Enterprise,1,8,0
CUST3402,1748575.76,145714.64666666667,12,2022-04-05,2025-05-05,2020-05-23,2025-06-30,63,92,36,"Mukherjee, Chhabra and Majumdar",Finance,Mid-Market,1,8,0
CUST3403,1637351.4100000001,136445.95083333334,12,2022-05-06,2025-06-29,2022-03-08,2024-08-28,41,37,342,"Oommen, Swamy and Hegde",Finance,Enterprise,38,4,1
CUST3404,1113526.87,111352.687,10,2022-04-11,2025-03-02,2021-03-03,2025-06-23,53,156,43,"Goda, Narayanan and Mitra",Non-Profit,Mid-Market,30,4,0
CUST3405,1188079.97,148509.99625,8,2022-01-22,2024-11-27,2020-07-30,2025-06-30,61,251,36,"Bhatia, Parsa and Kannan",Finance,Enterprise,1,8,0
CUST3406,841285.5,120183.64285714286,7,2022-05-21,2025-04-16,2019-11-22,2025-06-30,69,111,36,Mody Inc,Retail,Small,1,8,0
CUST3407,1235051.99,154381.49875,8,2022-03-13,2025-06-24,2022-01-08,2024-04-03,43,42,489,Shanker Group,Government,Enterprise,21,5,0
CUST3408,2050705.42,227856.15777777776,9,2022-04-30,2025-06-28,2020-01-12,2025-03-21,67,38,137,Chakrabarti LLC,Government,Enterprise,28,5,0
CUST3409,1895078.1199999999,189507.81199999998,10,2022-07-11,2025-07-01,2024-03-28,2024-10-27,16,35,282,Reddy-Warrior,Education,Mid-Market,27,5,1
CUST3410,1561343.61,130111.96750000001,12,2022-05-09,2025-04-16,2023-01-06,2025-06-30,31,111,36,Handa PLC,Tech,Enterprise,1,8,0
CUST3411,3171066.83,317106.683,10,2022-07-22,2025-04-01,2024-06-29,2025-01-29,13,126,188,"Pathak, Srinivasan and Hayer",Government,Mid-Market,0,5,0
CUST3412,2376758.52,198063.21,12,2022-05-12,2025-05-19,2021-07-22,2025-06-30,49,78,36,Mohanty-Yogi,Government,Enterprise,1,8,0
CUST3413,1268092.31,105674.35916666668,12,2022-02-01,2024-10-03,2019-03-01,2025-02-19,78,306,167,"Shroff, Pau and Garde",Non-Profit,Enterprise,18,6,0
CUST3414,1012162.64,112462.51555555555,9,2022-12-17,2025-05-26,2023-12-06,2025-06-30,20,71,36,"Sami, Ramakrishnan and Ramaswamy",Manufacturing,Small,1,8,0
CUST3415,2672434.1100000003,242948.55545454548,11,2022-01-09,2025-02-05,2021-12-31,2025-06-30,43,181,36,"Jhaveri, Sachar and Shah",Education,Small,1,8,0
CUST3416,2172030.99,197457.36272727276,11,2022-05-02,2025-01-20,2022-03-11,2025-06-30,41,197,36,"Prakash, Sachar and Kothari",Finance,Mid-Market,1,8,0
CUST3417,2159881.21,179990.10083333333,12,2022-06-22,2025-04-25,2023-12-27,2025-06-30,19,102,36,Bakshi Ltd,Finance,Mid-Market,1,8,0
CUST3418,2563156.77,197165.90538461538,13,2022-03-11,2025-03-19,2024-06-26,2025-06-30,13,139,36,Bala-Pathak,Manufacturing,Mid-Market,1,8,0
CUST3419,1731894.2000000002,192432.68888888892,9,2022-10-30,2024-11-14,2022-11-26,2025-07-06,32,264,30,"Hari, Cheema and Khurana",Government,Mid-Market,49,8,0
CUST3420,1124072.8599999999,112407.286,10,2022-05-31,2025-07-05,2024-02-04,2025-03-24,18,31,134,Srinivasan LLC,Finance,Small,27,5,0
CUST3421,709124.77,101303.53857142858,7,2022-06-05,2025-03-21,2024-07-13,2025-06-30,12,137,36,Chahal Group,Non-Profit,Small,1,8,0
CUST3422,1576859.03,175206.5588888889,9,2022-03-03,2025-06-09,2023-04-21,2025-06-30,27,57,36,Pall-Goel,Finance,Enterprise,1,8,0
CUST3423,1684604.43,140383.70249999998,12,2022-04-17,2025-02-15,2023-01-01,2025-05-30,31,171,67,"Datta, Shah and Virk",Tech,Mid-Market,27,8,0
CUST3424,3471831.17,231455.41133333332,15,2022-03-01,2025-06-05,2021-06-16,2025-06-30,50,61,36,Kamdar Inc,Non-Profit,Mid-Market,1,8,0
CUST3425,1345599.55,134559.95500000002,10,2022-06-01,2025-06-08,2025-05-04,2025-06-03,3,58,63,Nanda PLC,Retail,Mid-Market,43,2,0
CUST3426,1277296.1400000001,127729.61400000002,10,2022-04-20,2025-06-22,2022-08-17,2024-01-16,36,44,567,Thakur PLC,Education,Enterprise,1,5,0
CUST3427,1150327.35,191721.225,6,2022-07-16,2025-06-09,2020-04-12,2025-03-31,64,57,127,Sarma-Bhatia,Retail,Enterprise,5,9,0
CUST3428,1502083.11,166898.12333333335,9,2022-05-17,2025-05-12,2024-04-02,2025-06-30,16,85,36,Pillay and Sons,Retail,Mid-Market,1,8,0
CUST3429,3382804.71,241628.90785714285,14,2022-05-24,2024-11-01,2024-07-24,2025-06-30,12,277,36,Dasgupta-Venkatesh,Healthcare,Small,1,8,0
CUST3430,443453.45,110863.3625,4,2022-01-06,2025-02-28,2024-05-28,2025-06-30,14,158,36,"Ahluwalia, Balay and Bala",Manufacturing,Mid-Market,1,8,0
CUST3431,1468154.9000000001,183519.36250000002,8,2022-07-23,2025-05-03,2023-08-08,2025-06-30,24,94,36,Dhingra-Chandra,Manufacturing,Enterprise,1,8,0
CUST3432,3069013.15,153450.6575,20,2022-01-09,2025-07-19,2019-08-04,2025-06-30,73,17,36,"Sabharwal, Bhatnagar and Doctor",Retail,Mid-Market,1,8,0
CUST3433,1405755.57,156195.06333333335,9,2022-05-15,2024-12-11,2021-05-09,2025-06-30,51,237,36,"Sundaram, Sarraf and Halder",Manufacturing,Mid-Market,1,8,0
CUST3434,662640.24,82830.03,8,2022-08-20,2025-02-09,2020-03-21,2025-06-30,65,177,36,Madan-Toor,Healthcare,Mid-Market,1,8,0
CUST3435,2792282.54,310253.61555555556,9,2022-04-24,2025-03-14,2019-08-23,2025-06-30,72,144,36,"Chada, Sibal and Goswami",Government,Mid-Market,1,8,0
CUST3436,693465.8999999999,115577.64999999998,6,2022-02-27,2024-07-17,2021-12-17,2025-06-30,44,384,36,Bir Ltd,Non-Profit,Mid-Market,1,8,0
CUST3437,2545761.62,231432.87454545454,11,2022-06-20,2025-07-12,2021-10-29,2024-08-03,45,24,367,Chaudhuri LLC,Healthcare,Enterprise,40,1,1
CUST3438,3802554.99,292504.23000000004,13,2022-02-04,2025-06-13,2022-04-07,2025-07-08,40,53,28,Malhotra Group,Government,Enterprise,10,9,0
CUST3439,3579017.23,255644.08785714285,14,2022-04-16,2025-06-23,2020-04-16,2025-06-30,64,43,36,"Parmar, Pillai and Nayar",Retail,Mid-Market,1,8,0
CUST3440,1376103.64,114675.30333333333,12,2022-06-15,2025-07-24,2019-08-22,2025-06-30,72,12,36,"Naik, Comar and Sethi",Tech,Small,1,8,0
CUST3441,1449982.72,120831.89333333333,12,2022-01-15,2024-10-28,2023-02-25,2025-06-30,29,281,36,Varghese LLC,Healthcare,Small,1,8,0
CUST3442,1503681.87,115667.83615384616,13,2022-03-22,2025-03-06,2020-01-08,2025-04-06,67,152,121,Reddy and Sons,Education,Enterprise,8,9,0
CUST3443,1819970.19,202218.91,9,2022-09-03,2025-01-06,2024-01-18,2024-07-20,18,211,381,Edwin-Prakash,Tech,Small,48,10,0
CUST3444,950318.26,79193.18833333334,12,2022-07-11,2025-07-13,2019-02-22,2025-06-30,78,23,36,"Gera, Dube and Nayak",Healthcare,Small,1,8,0
CUST3445,1316917.51,188131.07285714286,7,2022-07-20,2025-06-05,2024-09-06,2024-11-10,11,61,268,"Kapoor, Prasad and Rajagopalan",Tech,Mid-Market,34,3,1
CUST3446,2443919.2,222174.47272727275,11,2022-08-03,2025-05-27,2024-10-17,2025-06-30,9,70,36,Oak LLC,Government,Small,1,8,0
CUST3447,2801275.17,175079.698125,16,2022-01-13,2025-05-25,2023-11-01,2024-07-25,21,72,376,Barad-Issac,Non-Profit,Mid-Market,16,5,1
CUST3448,1440190.01,120015.83416666667,12,2022-03-26,2025-07-16,2024-04-20,2025-06-30,15,20,36,Kumer LLC,Education,Mid-Market,1,8,0
CUST3449,1471547.19,105110.51357142857,14,2022-01-13,2025-07-12,2023-01-02,2025-06-30,31,24,36,"Pathak, Raja and Kota",Non-Profit,Enterprise,1,8,0
CUST3450,634785.74,79348.2175,8,2022-03-15,2025-05-29,2019-07-22,2024-08-31,73,68,339,"Arora, Buch and Vora",Healthcare,Small,17,1,0
CUST3451,513748.1,85624.68333333333,6,2022-01-03,2024-10-03,2019-04-21,2025-06-30,76,306,36,"Vaidya, Kulkarni and Garg",Healthcare,Small,1,8,0
CUST3452,2267452.68,206132.06181818183,11,2022-08-19,2025-07-13,2025-07-23,2025-07-23,0,23,13,"Shah, Singh and Thaman",Manufacturing,Small,5,7,0
CUST3453,1114738.23,139342.27875,8,2022-04-30,2025-05-28,2023-03-27,2024-04-05,28,69,487,Apte Ltd,Government,Mid-Market,22,4,1
CUST3454,1461480.13,162386.6811111111,9,2023-04-18,2025-05-12,2025-01-31,2025-04-24,6,85,103,Cheema-Dalal,Tech,Enterprise,4,5,0
CUST3455,1166970.81,129663.42333333334,9,2022-06-19,2025-05-17,2019-08-16,2025-06-30,72,80,36,Pandit and Sons,Healthcare,Enterprise,1,8,0
CUST3456,1063375.29,96670.48090909091,11,2022-09-27,2025-06-05,2025-04-21,2025-06-30,3,61,36,"Basak, Din and Kale",Healthcare,Enterprise,1,8,0
CUST3457,1726213.71,172621.37099999998,10,2022-02-22,2025-07-12,2025-02-05,2025-06-30,6,24,36,"Nanda, Raman and Divan",Healthcare,Small,1,8,0
CUST3458,2266356.23,174335.09461538462,13,2022-05-03,2025-05-05,2021-09-25,2025-06-30,47,92,36,Wali-Gaba,Education,Mid-Market,1,8,0
CUST3459,1647735.82,205966.9775,8,2022-02-20,2024-11-20,2021-09-02,2025-06-30,47,258,36,Chanda and Sons,Government,Enterprise,1,8,0
CUST3460,61287.64,20429.213333333333,3,2022-08-17,2024-03-15,2021-05-08,2025-06-30,51,508,36,"Mohanty, Hora and Raghavan",Finance,Mid-Market,1,8,0
CUST3461,1896082.3599999999,145852.48923076922,13,2022-04-06,2025-07-16,2023-09-18,2025-07-10,22,20,26,Puri Inc,Retail,Enterprise,16,9,0
CUST3462,1100672.3900000001,73378.15933333334,15,2022-05-04,2025-06-05,2023-09-15,2025-06-30,23,61,36,"Deshpande, Peri and Sem",Non-Profit,Enterprise,1,8,0
CUST3463,1841931.01,230241.37625,8,2022-07-21,2025-03-15,2022-02-13,2024-07-28,42,143,373,Srinivas and Sons,Retail,Small,41,1,1
CUST3464,2644215.8200000003,165263.48875000002,16,2022-01-14,2025-04-29,2023-12-22,2025-06-17,19,98,49,Khatri-Kumar,Finance,Enterprise,50,10,0
CUST3465,1271289.35,127128.93500000001,10,2022-07-24,2025-07-24,2023-11-08,2025-06-30,21,12,36,"Parsa, Vig and Pillay",Non-Profit,Enterprise,1,8,0
CUST3466,1114210.6600000001,139276.33250000002,8,2022-03-10,2024-06-19,2021-02-18,2024-12-23,54,412,225,Bedi Group,Retail,Enterprise,44,3,1
CUST3467,799691.81,133281.96833333335,6,2022-01-09,2025-03-25,2021-11-04,2025-02-21,45,133,165,"Majumdar, Vyas and Sibal",Tech,Mid-Market,29,9,0
CUST3468,864740.61,96082.29,9,2022-03-09,2025-03-25,2019-12-04,2025-06-30,69,133,36,Sarna Ltd,Manufacturing,Small,1,8,0
CUST3469,3658431.2,203246.17777777778,18,2022-04-11,2025-07-23,2023-06-14,2025-06-30,26,13,36,Jani PLC,Finance,Mid-Market,1,8,0
CUST3470,3119869.81,183521.75352941177,17,2022-10-07,2025-04-10,2025-04-07,2025-04-17,4,117,110,Johal Ltd,Healthcare,Mid-Market,4,8,0
CUST3471,509078.38,169692.79333333333,3,2022-06-27,2023-02-27,2022-07-01,2025-07-24,37,890,12,Barman LLC,Government,Mid-Market,11,5,0
CUST3472,1606310.68,160631.068,10,2022-07-04,2024-05-16,2022-04-28,2025-06-30,39,446,36,"Varma, Sagar and Bandi",Government,Small,1,8,0
CUST3473,427467.08,85493.416,5,2022-02-13,2025-06-29,2019-04-11,2025-06-30,76,37,36,Saran and Sons,Healthcare,Enterprise,1,8,0
CUST3474,1949455.16,177223.19636363635,11,2022-02-01,2025-03-09,2024-05-26,2025-06-30,14,149,36,Maharaj Inc,Retail,Enterprise,1,8,0
CUST3475,2456917.23,188993.63307692308,13,2022-02-12,2024-12-05,2022-01-22,2025-02-25,43,243,161,Sachdev-Virk,Finance,Enterprise,5,1,0
CUST3476,1563869.06,173763.2288888889,9,2022-01-29,2024-11-30,2021-10-26,2025-06-30,45,248,36,"Gopal, Dalal and Som",Healthcare,Enterprise,1,8,0
CUST3477,1092501.73,109250.173,10,2022-09-26,2025-06-05,2020-11-23,2025-06-30,57,61,36,Chaudhuri PLC,Healthcare,Enterprise,1,8,0
CUST3478,3476473.23,289706.1025,12,2022-08-23,2025-05-28,2019-06-20,2025-06-30,74,69,36,"Wable, Dewan and Sawhney",Retail,Small,1,8,0
CUST3479,567425.9199999999,81060.84571428571,7,2022-07-27,2024-09-13,2022-07-08,2025-02-12,37,326,174,"Kata, Brar and Sachdev",Healthcare,Small,12,7,0
CUST3480,1394071.84,139407.184,10,2022-01-31,2023-11-05,2021-04-22,2025-06-30,52,639,36,Goyal-Kala,Finance,Mid-Market,1,8,0
CUST3481,2024227.94,202422.794,10,2022-12-19,2025-05-24,2024-10-05,2025-06-30,10,73,36,Parsa-Panchal,Finance,Small,1,8,0
CUST3482,3073892.44,256157.70333333334,12,2022-02-15,2024-12-05,2025-02-01,2025-06-30,6,243,36,"Bhalla, Kapur and Ganguly",Government,Enterprise,1,8,0
CUST3483,637404.33,159351.0825,4,2022-07-13,2024-11-14,2023-08-24,2025-06-30,23,264,36,Gulati-Sharma,Retail,Enterprise,1,8,0
CUST3484,1763899.99,125992.85642857142,14,2022-02-15,2025-02-24,2024-06-07,2025-06-30,14,162,36,Ramachandran-Kar,Non-Profit,Mid-Market,1,8,0
CUST3485,1266947.02,180992.43142857144,7,2022-06-07,2024-08-30,2021-07-22,2025-06-30,49,340,36,Vohra Ltd,Non-Profit,Small,1,8,0
CUST3486,511151.39,102230.278,5,2022-04-14,2025-01-17,2023-08-09,2024-06-27,24,200,404,"Sachdeva, Barad and Banik",Finance,Enterprise,24,9,0
CUST3487,1925968.56,240746.07,8,2022-04-08,2025-01-26,2022-12-01,2025-03-09,32,191,149,Edwin and Sons,Tech,Mid-Market,8,8,0
CUST3488,2223570.31,185297.52583333335,12,2022-01-03,2025-06-11,2025-01-30,2025-05-16,6,55,81,"Sidhu, Bumb and Bahri",Manufacturing,Mid-Market,48,5,0
CUST3489,1466291.78,162921.3088888889,9,2022-03-17,2024-12-06,2024-08-31,2025-06-30,11,242,36,Prashad-Bhatti,Tech,Mid-Market,1,8,0
CUST3490,1277691.58,212948.59666666668,6,2022-01-01,2025-01-18,2020-07-26,2023-11-28,61,199,616,"Gaba, Yogi and Maharaj",Tech,Enterprise,9,10,0
CUST3491,1541323.96,192665.495,8,2023-07-04,2025-02-12,2023-06-28,2025-02-23,25,174,163,Bains Ltd,Non-Profit,Mid-Market,11,10,0
CUST3492,783853.8099999999,87094.86777777778,9,2022-06-08,2024-10-15,2023-06-15,2025-06-30,26,294,36,Choudhary-Bahl,Education,Mid-Market,1,8,0
CUST3493,849158.27,121308.32428571429,7,2022-02-10,2025-05-06,2024-09-29,2025-06-30,10,91,36,Agrawal-Toor,Education,Enterprise,1,8,0
CUST3494,1668698.12,278116.35333333333,6,2022-01-31,2025-04-09,2022-10-12,2025-06-30,34,118,36,"Goel, Srivastava and Sarkar",Retail,Enterprise,1,8,0
CUST3495,2137455.89,267181.98625,8,2022-08-28,2025-06-25,2024-07-21,2024-09-19,12,41,320,Chaudhry-Samra,Healthcare,Enterprise,2,2,1
CUST3496,716948.76,71694.876,10,2022-01-24,2025-04-12,2025-05-05,2025-06-30,3,115,36,Bail Group,Non-Profit,Small,1,8,0
CUST3497,2703098.81,193078.48642857143,14,2022-02-10,2025-06-30,2025-07-18,2025-07-24,0,36,12,Talwar-Murty,Tech,Small,33,10,0
CUST3498,1430548.74,110042.21076923076,13,2023-05-29,2025-01-28,2021-01-20,2024-09-11,55,189,328,"Tak, Murthy and Pingle",Manufacturing,Enterprise,43,10,0
CUST3499,419532.1,69922.01666666666,6,2022-02-27,2025-06-07,2020-03-14,2023-08-30,65,59,706,Kala-Manne,Government,Small,43,2,1
CUST3500,835295.16,64253.47384615385,13,2023-05-24,2025-07-14,2019-12-15,2025-06-30,68,22,36,Nagar and Sons,Finance,Enterprise,1,8,0
CUST3501,2515833.85,209652.82083333333,12,2022-06-06,2025-04-11,2024-12-06,2025-02-13,8,116,173,Agate-Maharaj,Healthcare,Small,35,7,0
CUST3502,1592752.55,132729.37916666668,12,2022-02-17,2025-02-19,2020-09-08,2025-06-30,59,167,36,Bhat Ltd,Manufacturing,Small,1,8,0
CUST3503,797822.57,132970.42833333332,6,2022-03-17,2024-05-03,2019-11-09,2025-06-30,69,459,36,Saini LLC,Healthcare,Mid-Market,1,8,0
CUST3504,1562577.51,195322.18875,8,2022-03-08,2025-05-12,2021-06-26,2024-01-12,50,85,571,Ghosh Ltd,Education,Small,1,9,0
CUST3505,3387762.3,225850.81999999998,15,2022-03-30,2025-05-10,2022-04-18,2024-07-07,40,87,394,Prakash Inc,Education,Mid-Market,33,1,0
CUST3506,550831.6599999999,78690.23714285714,7,2022-01-12,2025-07-07,2024-06-11,2025-06-30,14,29,36,"Badami, Ganesh and Balasubramanian",Government,Small,1,8,0
CUST3507,1406783.09,117231.92416666668,12,2022-01-29,2025-03-06,2022-07-14,2025-06-30,37,152,36,"Khare, Bhatnagar and Jha",Manufacturing,Mid-Market,1,8,0
CUST3508,394222.13,131407.37666666668,3,2022-12-11,2025-02-13,2024-07-05,2025-06-30,13,173,36,Palla Inc,Government,Small,1,8,0
CUST3509,670243.83,74471.53666666667,9,2022-01-05,2025-04-29,2022-12-13,2025-06-30,32,98,36,"Toor, Grewal and Madan",Healthcare,Mid-Market,1,8,0
CUST3510,855121.29,171024.258,5,2022-06-16,2025-04-05,2019-02-13,2025-07-11,78,122,25,Mishra Ltd,Manufacturing,Enterprise,41,6,0
CUST3511,1314313.85,109526.15416666667,12,2022-02-15,2025-03-14,2025-06-30,2025-07-13,1,144,23,"Rajan, Khare and Chand",Non-Profit,Enterprise,27,6,0
CUST3512,2024177.4100000001,253022.17625000002,8,2023-03-18,2025-07-13,2022-03-11,2025-06-30,41,23,36,Kalita-Kannan,Healthcare,Enterprise,1,8,0
CUST3513,2008782.44,182616.58545454545,11,2022-01-05,2025-07-06,2022-05-14,2025-06-30,39,30,36,Ben LLC,Manufacturing,Small,1,8,0
CUST3514,460340.33999999997,65762.9057142857,7,2023-04-24,2025-07-18,2022-10-12,2024-04-06,34,18,486,"Minhas, Seshadri and Roy",Retail,Mid-Market,2,4,1
CUST3515,878790.8,146465.13333333333,6,2022-05-28,2024-11-14,2021-10-07,2025-04-15,46,264,112,Tank-Sundaram,Tech,Small,10,10,0
CUST3516,2545953.12,212162.76,12,2022-03-12,2025-05-30,2021-08-08,2024-02-06,48,67,546,Hayer Inc,Finance,Small,34,1,1
CUST3517,1763058.87,176305.88700000002,10,2022-01-02,2025-03-25,2019-03-22,2025-06-30,77,133,36,Gola-Suri,Retail,Small,1,8,0
CUST3518,999056.0800000001,124882.01000000001,8,2022-02-11,2025-07-22,2022-11-20,2025-06-30,32,14,36,Varkey Ltd,Retail,Mid-Market,1,8,0
CUST3519,1167939.9,129771.09999999999,9,2022-05-18,2025-07-18,2021-02-13,2025-06-30,54,18,36,Merchant-Sachar,Healthcare,Mid-Market,1,8,0
CUST3520,1711052.32,131619.40923076923,13,2022-07-02,2025-07-06,2019-07-22,2025-06-30,73,30,36,Kata-Hans,Healthcare,Mid-Market,1,8,0
CUST3521,2575595.25,234145.02272727274,11,2022-04-01,2025-06-30,2021-02-13,2025-06-30,54,36,36,Pau and Sons,Manufacturing,Mid-Market,1,8,0
CUST3522,4265662.43,328127.87923076923,13,2022-05-04,2025-06-05,2023-03-20,2023-10-22,28,61,653,Bava-Narula,Finance,Small,40,2,0
CUST3523,676866.12,75207.34666666666,9,2022-07-03,2025-05-16,2021-04-27,2025-06-30,52,81,36,Comar and Sons,Manufacturing,Enterprise,1,8,0
CUST3524,1449889.82,120824.15166666667,12,2022-02-21,2024-12-27,2020-01-31,2025-06-30,67,221,36,Rana-Gera,Tech,Mid-Market,1,8,0
CUST3525,2526298.25,180449.875,14,2022-02-08,2025-06-14,2021-10-02,2025-06-30,46,52,36,Sarin LLC,Education,Small,1,8,0
CUST3526,1402566.1,93504.40666666668,15,2022-02-11,2025-04-23,2020-03-30,2025-06-30,65,104,36,"Rao, Kapoor and Lad",Finance,Mid-Market,1,8,0
CUST3527,1827360.61,130525.75785714286,14,2022-01-21,2025-07-10,2023-10-19,2025-06-30,21,26,36,"Master, Hora and Shah",Tech,Small,1,8,0
CUST3528,1673027.09,185891.89888888889,9,2022-05-23,2025-07-10,2022-07-25,2025-06-30,36,26,36,Rastogi-Srivastava,Retail,Enterprise,1,8,0
CUST3529,591547.63,118309.526,5,2023-11-04,2024-11-21,2024-06-25,2024-12-25,13,257,223,"Kadakia, Pandit and Din",Education,Enterprise,7,3,1
CUST3530,2448316.42,174879.7442857143,14,2022-04-24,2025-06-29,2021-09-09,2024-03-21,47,37,502,"Goyal, Padmanabhan and Kara",Manufacturing,Small,9,6,0
CUST3531,1058842.58,117649.17555555556,9,2022-08-10,2025-06-13,2023-05-06,2024-07-18,27,53,383,Bandi Ltd,Government,Small,22,5,0
CUST3532,1359632.88,194233.26857142855,7,2022-10-23,2025-07-14,2020-11-06,2024-01-25,57,22,558,"Sagar, Dora and Batra",Non-Profit,Small,42,8,0
CUST3533,1333840.09,133384.00900000002,10,2022-03-06,2025-06-09,2023-09-03,2024-09-10,23,57,329,"Bobal, Golla and Loke",Healthcare,Small,8,10,0
CUST3534,2028791.85,135252.79,15,2022-04-21,2025-02-27,2023-01-09,2024-06-20,31,159,411,Grover-Chada,Healthcare,Small,43,6,0
CUST3535,1117039.32,101549.0290909091,11,2022-02-21,2025-01-28,2023-07-23,2025-06-30,24,189,36,Nayar Ltd,Education,Mid-Market,1,8,0
CUST3536,730271.31,146054.26200000002,5,2022-03-14,2025-05-23,2019-07-06,2025-06-30,74,74,36,Baral Group,Finance,Enterprise,1,8,0
CUST3537,4133904.52,375809.50181818183,11,2022-07-08,2025-07-11,2022-08-23,2025-03-03,35,25,155,Chander-Ray,Healthcare,Mid-Market,47,9,0
CUST3538,862173.21,107771.65125,8,2022-02-26,2024-08-23,2021-08-16,2024-12-11,48,347,237,Narayan-Buch,Non-Profit,Small,10,8,0
CUST3539,1067760.33,177960.05500000002,6,2022-05-13,2025-04-16,2024-12-23,2025-02-25,7,111,161,Palla Inc,Manufacturing,Small,1,7,0
CUST3540,2878286.5100000002,319809.61222222226,9,2022-12-16,2025-04-26,2019-10-15,2025-06-30,70,101,36,Bajwa LLC,Non-Profit,Small,1,8,0
CUST3541,1053452.03,105345.20300000001,10,2022-05-10,2025-01-12,2020-01-04,2025-06-30,68,205,36,Mohanty-Dugar,Healthcare,Mid-Market,1,8,0
CUST3542,1529543.6600000001,191192.95750000002,8,2022-01-11,2024-10-22,2022-06-11,2025-06-30,38,287,36,Talwar Ltd,Finance,Mid-Market,1,8,0
CUST3543,1877188.91,208576.54555555555,9,2022-04-28,2024-12-27,2024-12-26,2025-07-06,7,221,30,Mohan Inc,Non-Profit,Mid-Market,45,10,0
CUST3544,506942.95,63367.86875,8,2022-06-25,2025-03-02,2025-06-28,2025-07-03,1,156,33,"Lad, Barad and Vaidya",Manufacturing,Small,14,5,0
CUST3545,2904214.62,223401.12461538462,13,2022-05-05,2025-04-07,2020-06-12,2025-06-30,62,120,36,Walla LLC,Tech,Enterprise,1,8,0
CUST3546,1107913.71,100719.42818181818,11,2022-05-09,2024-09-27,2023-11-07,2024-04-03,21,312,489,Memon Inc,Finance,Mid-Market,3,4,1
CUST3547,424056.99,106014.2475,4,2022-01-02,2024-05-18,2020-06-25,2025-06-30,62,444,36,Basu Inc,Government,Small,1,8,0
CUST3548,2059613.51,137307.56733333334,15,2022-01-01,2025-02-14,2021-12-12,2025-06-30,44,172,36,Chandran PLC,Non-Profit,Small,1,8,0
CUST3549,1589641.23,122280.09461538462,13,2022-05-30,2025-03-16,2024-05-09,2025-06-30,15,142,36,"Doshi, Natt and Ranganathan",Finance,Small,1,8,0
CUST3550,1965805.81,163817.15083333335,12,2022-01-01,2024-12-05,2024-07-04,2025-06-30,13,243,36,Sampath-Singh,Non-Profit,Small,1,8,0
CUST3551,832718.74,104089.8425,8,2022-01-26,2025-05-06,2022-10-09,2024-09-26,34,91,313,"Sheth, Chopra and Srivastava",Healthcare,Small,31,3,1
CUST3552,2901858.72,263805.3381818182,11,2022-09-15,2025-07-08,2022-12-08,2025-06-30,32,28,36,"Shere, Kanda and Nazareth",Education,Enterprise,1,8,0
CUST3553,1732525.52,157502.32,11,2022-08-19,2025-06-15,2021-03-08,2025-06-30,53,51,36,Raju-Jani,Retail,Mid-Market,1,8,0
CUST3554,1517939.76,216848.53714285715,7,2022-02-28,2025-07-05,2022-12-22,2024-05-08,31,31,454,Wali Group,Retail,Mid-Market,37,7,0
CUST3555,871431.21,87143.121,10,2022-09-10,2025-03-21,2024-10-21,2025-06-16,9,137,50,Master-Doshi,Education,Small,0,5,0
CUST3556,1196672.26,149584.0325,8,2022-08-07,2025-07-06,2022-01-28,2025-06-30,42,30,36,Anne-Comar,Non-Profit,Enterprise,1,8,0
CUST3557,1308780.22,130878.022,10,2022-01-10,2025-01-22,2024-12-08,2025-06-30,8,195,36,"Karan, Barad and Butala",Finance,Small,1,8,0
CUST3558,1510236.51,125853.0425,12,2022-05-11,2025-07-11,2022-09-26,2025-06-30,34,25,36,Tailor-Maharaj,Non-Profit,Enterprise,1,8,0
CUST3559,1537046.45,219578.06428571427,7,2022-02-12,2025-07-16,2024-06-18,2025-06-30,13,20,36,Varghese-Chakrabarti,Education,Enterprise,1,8,0
CUST3560,1806171.6,200685.73333333334,9,2022-01-04,2025-06-27,2020-06-02,2024-06-04,63,39,427,"Ramanathan, Sur and Sundaram",Government,Enterprise,41,7,0
CUST3561,1816748.76,139749.9046153846,13,2022-07-05,2025-04-16,2021-08-16,2025-06-30,48,111,36,Ratti-Mallick,Finance,Small,1,8,0
CUST3562,1958418.5,178038.04545454544,11,2022-07-04,2025-07-11,2020-01-24,2024-01-18,67,25,565,"Deshpande, Bhasin and Loyal",Manufacturing,Mid-Market,29,3,1
CUST3563,1708797.65,189866.40555555554,9,2022-02-24,2025-05-14,2019-12-27,2025-06-30,68,83,36,Iyer LLC,Healthcare,Enterprise,1,8,0
CUST3564,1351693.39,135169.33899999998,10,2022-01-20,2024-12-16,2020-05-06,2024-12-20,63,232,228,Salvi-Kala,Healthcare,Small,11,4,1
CUST3565,2679764.1999999997,178650.94666666666,15,2022-04-22,2025-03-02,2022-02-17,2025-06-30,42,156,36,Bahl PLC,Tech,Enterprise,1,8,0
CUST3566,1333578.26,111131.52166666667,12,2022-05-09,2025-05-26,2022-05-12,2025-06-30,39,71,36,"Gandhi, Nagy and Parekh",Non-Profit,Small,1,8,0
CUST3567,2439660.83,162644.05533333335,15,2022-03-28,2025-06-20,2025-06-17,2025-06-30,1,46,36,Bandi-Jha,Government,Enterprise,1,8,0
CUST3568,72302.11,14460.422,5,2023-01-29,2025-06-06,2022-09-17,2023-09-21,35,60,684,Anand Group,Healthcare,Small,3,1,1
CUST3569,1430738.8800000001,476912.96,3,2022-06-13,2024-07-25,2025-01-13,2025-06-30,6,376,36,Pandey-Dasgupta,Tech,Enterprise,1,8,0
CUST3570,1272723.25,97901.78846153847,13,2022-08-31,2025-04-05,2019-07-16,2024-12-05,73,122,243,Bala Group,Finance,Mid-Market,29,3,1
CUST3571,3130902.76,260908.56333333332,12,2022-01-06,2025-03-05,2020-01-10,2024-10-27,67,153,282,Bedi Inc,Manufacturing,Enterprise,9,1,0
CUST3572,1506587.3800000001,150658.738,10,2022-10-04,2025-06-21,2024-01-06,2024-08-28,19,45,342,Bedi Ltd,Manufacturing,Enterprise,5,9,0
CUST3573,126441.5,31610.375,4,2023-03-11,2025-06-29,2024-03-15,2025-03-29,16,37,129,Aggarwal-Madan,Manufacturing,Small,21,8,0
CUST3574,904097.93,82190.72090909092,11,2022-02-24,2025-04-25,2021-03-21,2025-06-30,53,102,36,Sanghvi PLC,Government,Small,1,8,0
CUST3575,1491532.27,149153.227,10,2022-10-03,2025-04-28,2020-09-06,2025-06-30,59,99,36,Nair-Doctor,Government,Enterprise,1,8,0
CUST3576,1635705.13,233672.16142857142,7,2022-10-09,2024-05-14,2021-11-28,2025-06-30,44,448,36,"Mistry, Palla and Suri",Tech,Mid-Market,1,8,0
CUST3577,1238312.3,137590.25555555557,9,2023-01-01,2025-02-28,2023-09-14,2025-06-30,23,158,36,Gole Inc,Non-Profit,Small,1,8,0
CUST3578,1288758.2,128875.81999999999,10,2022-06-19,2025-03-21,2019-08-11,2024-03-10,72,137,513,"Ratti, Banerjee and Dhillon",Education,Mid-Market,39,5,1
CUST3579,1264328.43,126432.843,10,2023-02-12,2025-05-03,2025-06-17,2025-07-19,1,94,17,D’Alia-Gara,Government,Enterprise,46,2,0
CUST3580,2180144.83,198194.98454545456,11,2022-04-03,2025-03-26,2019-01-22,2023-11-23,79,132,621,"Vohra, Nori and Bahl",Healthcare,Mid-Market,5,7,0
CUST3581,2486603.5599999996,248660.35599999997,10,2022-01-20,2025-03-06,2019-08-11,2025-06-30,72,152,36,Gara Inc,Non-Profit,Mid-Market,1,8,0
CUST3582,1167742.3499999999,129749.14999999998,9,2022-03-29,2025-05-24,2024-02-05,2024-07-08,18,73,393,Bhakta and Sons,Tech,Mid-Market,28,9,0
CUST3583,833032.66,104129.0825,8,2022-04-06,2025-04-08,2023-01-30,2025-06-30,30,119,36,"Balay, Pal and Srivastava",Education,Enterprise,1,8,0
CUST3584,1826439.33,202937.70333333334,9,2022-01-06,2025-06-03,2025-01-03,2025-05-25,7,63,72,Pillai-Devan,Education,Mid-Market,21,10,0
CUST3585,2295710.73,286963.84125,8,2022-01-22,2025-03-28,2023-11-17,2025-06-30,20,130,36,"Sidhu, Natt and Hora",Manufacturing,Mid-Market,1,8,0
CUST3586,948582.0599999999,105398.00666666665,9,2022-10-12,2024-07-22,2019-07-01,2023-08-14,74,379,722,Nagi Group,Finance,Enterprise,33,2,1
CUST3587,418939.95,46548.88333333333,9,2022-02-13,2024-09-27,2019-01-03,2025-06-30,80,312,36,Sharaf LLC,Finance,Enterprise,1,8,0
CUST3588,1164392.03,105853.82090909091,11,2022-10-26,2025-05-31,2023-06-11,2024-04-09,26,66,483,Pandit-Sur,Non-Profit,Enterprise,1,3,1
CUST3589,1467774.55,122314.54583333334,12,2022-02-10,2025-06-23,2024-07-07,2025-06-30,13,43,36,Sandhu-Borde,Education,Small,1,8,0
CUST3590,944364.3900000001,118045.54875000002,8,2022-03-27,2024-09-10,2024-07-02,2024-11-22,13,329,256,Mody Group,Manufacturing,Small,4,10,0
CUST3591,1649349.1,183261.01111111112,9,2022-01-25,2025-03-30,2019-04-21,2025-05-01,76,128,96,Swaminathan-Chaudhari,Healthcare,Mid-Market,16,6,0
CUST3592,949489.63,135641.3757142857,7,2022-08-24,2025-05-11,2024-09-14,2024-11-07,10,86,271,"Chowdhury, Sidhu and Loyal",Tech,Mid-Market,2,4,0
CUST3593,1196928.74,170989.82,7,2022-02-22,2025-03-12,2023-12-11,2024-11-11,20,146,267,Das LLC,Government,Enterprise,4,9,0
CUST3594,383285.73,63880.954999999994,6,2022-09-13,2024-10-10,2025-05-19,2025-06-30,2,299,36,Choudhry-Comar,Finance,Small,1,8,0
CUST3595,1187012.56,107910.23272727273,11,2022-01-11,2024-11-16,2023-07-31,2025-06-30,24,262,36,"Zachariah, Dar and Mohanty",Government,Enterprise,1,8,0
CUST3596,1320290.7,146698.96666666667,9,2023-02-13,2025-07-21,2024-02-09,2025-06-30,18,15,36,"Nayar, Gala and Nath",Government,Mid-Market,1,8,0
CUST3597,2834275.12,202448.22285714286,14,2022-02-10,2025-06-29,2023-02-13,2024-10-25,30,37,284,"Krishna, Sibal and Ray",Healthcare,Mid-Market,26,1,1
CUST3598,2077595.25,188872.29545454544,11,2022-09-11,2024-12-11,2024-11-08,2025-06-11,9,237,55,Savant-Nath,Healthcare,Mid-Market,7,5,0
CUST3599,1871771.51,133697.965,14,2022-01-13,2025-06-04,2022-05-09,2025-06-30,39,62,36,Bora-Muni,Non-Profit,Small,1,8,0
CUST3600,2013445.73,201344.573,10,2022-04-16,2025-04-30,2023-02-22,2025-06-30,29,97,36,Oak-Ramachandran,Retail,Small,1,8,0
CUST3601,2183344.25,155953.1607142857,14,2022-04-20,2024-12-05,2020-04-03,2025-06-30,65,243,36,"Chaudhuri, Sem and Dubey",Tech,Small,1,8,0
CUST3602,2272507.32,151500.48799999998,15,2022-01-09,2025-06-03,2022-04-26,2025-06-30,39,63,36,"Arora, Bhatt and Deshmukh",Government,Small,1,8,0
CUST3603,1170436.5,130048.5,9,2022-04-01,2024-08-20,2020-12-14,2025-06-30,56,350,36,Lad-Bath,Healthcare,Enterprise,1,8,0
CUST3604,959311.84,191862.368,5,2022-03-21,2025-02-23,2019-08-27,2025-06-30,72,163,36,Lall-Kale,Non-Profit,Mid-Market,1,8,0
CUST3605,1622845.87,162284.587,10,2022-07-03,2025-03-01,2021-05-08,2025-06-30,51,157,36,"Biswas, Yohannan and Choudhury",Healthcare,Mid-Market,1,8,0
CUST3606,1829683.88,166334.89818181816,11,2022-09-11,2025-06-10,2019-01-05,2025-06-30,80,56,36,Sandhu-Dixit,Tech,Enterprise,1,8,0
CUST3607,180314.96,36062.992,5,2023-04-05,2025-06-07,2024-09-03,2025-06-30,11,59,36,"Murty, Pillai and Chopra",Tech,Small,1,8,0
CUST3608,806611.28,62047.021538461544,13,2022-03-19,2025-05-25,2021-12-13,2025-06-30,44,72,36,Prashad Group,Manufacturing,Enterprise,1,8,0
CUST3609,827999.6100000001,103499.95125000001,8,2022-01-12,2024-03-09,2022-08-26,2025-06-30,35,514,36,Gandhi-Gour,Retail,Mid-Market,1,8,0
CUST3610,482635.89,53626.21,9,2022-02-25,2025-02-17,2020-06-26,2025-05-11,62,169,86,Dass-Verma,Education,Mid-Market,1,6,0
CUST3611,1338770.02,223128.33666666667,6,2022-02-14,2025-06-30,2024-08-19,2025-07-19,11,36,17,Joshi-Bhasin,Education,Enterprise,33,8,0
CUST3612,2934758.92,419251.27428571426,7,2022-01-08,2024-09-27,2022-09-15,2025-06-30,35,312,36,"Lal, Choudhary and Chauhan",Healthcare,Enterprise,1,8,0
CUST3613,2233120.37,203010.94272727275,11,2022-05-10,2025-03-03,2025-06-12,2025-06-30,1,155,36,Padmanabhan Group,Retail,Enterprise,1,8,0
CUST3614,1210932.86,201822.14333333334,6,2022-01-06,2025-07-03,2022-06-05,2025-06-30,38,33,36,"Nagy, Boase and Rattan",Healthcare,Small,1,8,0
CUST3615,1937101.29,176100.11727272728,11,2022-01-20,2025-01-30,2023-04-15,2025-06-30,28,187,36,"Gill, Bakshi and Pai",Retail,Enterprise,1,8,0
CUST3616,576114.1,57611.409999999996,10,2022-02-01,2025-03-13,2020-01-06,2025-06-30,67,145,36,Mall PLC,Manufacturing,Small,1,8,0
CUST3617,2676109.06,243282.64181818182,11,2022-01-11,2025-06-30,2023-07-09,2024-10-02,25,36,307,"Dutt, Apte and Bhatt",Healthcare,Enterprise,49,5,1
CUST3618,2322553.0,211141.18181818182,11,2022-03-13,2025-07-11,2019-09-15,2025-06-30,71,25,36,Roy-Balasubramanian,Retail,Mid-Market,1,8,0
CUST3619,994207.4,110467.4888888889,9,2022-02-17,2024-07-04,2019-02-12,2025-06-30,78,397,36,Gupta LLC,Retail,Mid-Market,1,8,0
CUST3620,1703908.09,141992.34083333335,12,2022-02-02,2025-06-14,2023-08-08,2025-06-30,24,52,36,Boase-Kannan,Government,Mid-Market,1,8,0
CUST3621,1768972.88,196552.5422222222,9,2022-01-01,2025-03-25,2021-06-15,2025-06-30,50,133,36,"Devi, Swamy and Sarna",Retail,Mid-Market,1,8,0
CUST3622,1888072.77,171642.9790909091,11,2022-02-04,2025-07-10,2024-05-27,2025-01-14,14,26,203,Prashad Ltd,Government,Small,15,5,1
CUST3623,1668556.86,119182.63285714286,14,2022-02-20,2025-06-08,2023-03-13,2025-06-30,29,58,36,"Tella, Kala and Kala",Education,Mid-Market,1,8,0
CUST3624,954656.1499999999,136379.44999999998,7,2022-04-24,2025-03-22,2021-09-20,2025-06-30,47,136,36,"Munshi, Karpe and Hegde",Government,Small,1,8,0
CUST3625,1357854.73,104450.36384615385,13,2022-02-17,2025-06-02,2025-01-17,2024-10-14,6,64,295,Bal-Subramaniam,Government,Small,38,4,1
CUST3626,1675317.93,239331.13285714286,7,2022-04-11,2025-01-25,2021-02-20,2025-07-22,54,192,14,Ghosh LLC,Government,Small,30,5,0
CUST3627,1760287.84,135406.75692307693,13,2022-07-04,2025-02-17,2019-11-11,2025-06-30,69,169,36,Natarajan-Toor,Tech,Enterprise,1,8,0
CUST3628,3732586.35,207365.90833333333,18,2022-02-12,2025-06-24,2023-06-25,2025-06-30,25,42,36,Dada-Wable,Manufacturing,Enterprise,1,8,0
CUST3629,2923356.89,292335.689,10,2022-04-03,2024-12-28,2024-11-10,2025-06-30,8,220,36,"Chhabra, Natarajan and Gupta",Manufacturing,Enterprise,1,8,0
CUST3630,1021057.49,170176.24833333332,6,2022-03-07,2024-08-25,2023-01-11,2023-09-16,31,345,689,"Seshadri, Bhatt and Hegde",Tech,Mid-Market,1,8,0
CUST3631,2055146.52,205514.652,10,2022-09-16,2025-07-14,2019-04-08,2025-06-30,77,22,36,Nadig-Thakur,Retail,Enterprise,1,8,0
CUST3632,1018769.47,145538.4957142857,7,2022-08-27,2025-02-26,2022-04-11,2025-06-30,40,160,36,Chadha PLC,Finance,Mid-Market,1,8,0
CUST3633,1947541.29,194754.12900000002,10,2022-06-12,2024-08-30,2025-05-03,2025-06-30,3,340,36,Chopra-Natt,Finance,Enterprise,1,8,0
CUST3634,1461248.7200000002,208749.81714285718,7,2022-04-05,2023-06-22,2020-09-29,2025-06-30,59,775,36,Misra-Bhandari,Tech,Mid-Market,1,8,0
CUST3635,928500.91,154750.15166666667,6,2022-03-19,2025-02-11,2020-04-21,2024-10-26,64,175,283,Chand-Cheema,Government,Enterprise,25,2,1
CUST3636,1056917.34,117435.26000000001,9,2022-02-28,2025-03-21,2019-01-18,2025-05-11,79,137,86,"Kapoor, Chahal and Date",Tech,Small,14,6,0
CUST3637,1741080.28,248725.7542857143,7,2022-05-30,2025-02-21,2020-04-30,2025-06-30,64,165,36,"Thakur, Bath and Kumer",Government,Small,1,8,0
CUST3638,3255751.33,250442.41,13,2022-01-26,2025-05-23,2022-05-24,2025-06-03,38,74,63,Krish Group,Tech,Small,15,7,0
CUST3639,2745004.26,196071.73285714284,14,2022-07-04,2025-04-29,2019-06-22,2025-06-30,74,98,36,Parsa LLC,Government,Mid-Market,1,8,0
CUST3640,1708606.7,100506.27647058823,17,2022-01-06,2025-06-18,2025-01-13,2025-06-30,6,48,36,"Bose, Bawa and Sawhney",Education,Mid-Market,1,8,0
CUST3641,1430287.1099999999,204326.72999999998,7,2022-01-14,2024-11-11,2022-01-28,2025-06-30,42,267,36,"Tella, Devan and Sarma",Non-Profit,Enterprise,1,8,0
CUST3642,3850639.2,175029.05454545456,22,2022-02-01,2025-04-18,2022-12-11,2025-06-30,32,109,36,Rao LLC,Education,Small,1,8,0
CUST3643,1369990.1,152221.12222222224,9,2022-06-20,2024-10-23,2020-07-27,2025-05-12,61,286,85,"Loyal, Sibal and Korpal",Government,Small,34,8,0
CUST3644,855756.9800000001,106969.62250000001,8,2022-02-05,2024-12-28,2023-10-24,2024-12-27,21,220,221,"Cheema, Dugar and Oak",Retail,Small,28,1,1
CUST3645,748612.03,74861.20300000001,10,2022-11-04,2025-03-03,2024-12-14,2025-02-12,7,155,174,Din Group,Non-Profit,Mid-Market,7,5,0
CUST3646,1371040.33,137104.033,10,2022-04-10,2025-04-02,2025-01-24,2025-06-30,6,125,36,Dara-Khare,Education,Small,1,8,0
CUST3647,1302132.29,217022.04833333334,6,2022-07-10,2024-11-10,2019-10-11,2025-06-30,70,268,36,Jain-Chopra,Education,Enterprise,1,8,0
CUST3648,2373722.1,197810.17500000002,12,2022-02-06,2025-05-19,2020-06-06,2025-06-30,62,78,36,"Dar, Golla and Karan",Education,Small,1,8,0
CUST3649,1506270.8900000001,150627.089,10,2022-07-12,2025-06-17,2023-11-28,2025-06-30,20,49,36,Khanna-Nagar,Retail,Small,1,8,0
CUST3650,2456893.71,245689.37099999998,10,2022-01-06,2024-09-04,2019-05-09,2023-07-31,76,335,736,Madan LLC,Government,Enterprise,23,8,0
CUST3651,2818414.1300000004,256219.4663636364,11,2022-08-12,2024-05-21,2021-11-06,2025-06-30,45,441,36,Ratti-Upadhyay,Manufacturing,Enterprise,1,8,0
CUST3652,186700.57,23337.57125,8,2022-01-02,2025-07-15,2020-10-29,2025-06-30,58,21,36,"Varkey, Jhaveri and Maharaj",Tech,Small,1,8,0
CUST3653,2667592.54,177839.50266666667,15,2022-01-02,2025-05-19,2023-12-19,2024-10-22,19,78,287,"Konda, Rajan and Nayar",Retail,Mid-Market,8,5,1
CUST3654,449147.26,56143.4075,8,2022-06-05,2025-04-07,2023-05-04,2025-06-30,27,120,36,Palla-Swamy,Non-Profit,Small,1,8,0
CUST3655,1620907.28,124685.17538461539,13,2022-02-27,2025-06-11,2019-04-03,2025-06-30,77,55,36,Ahluwalia-Goyal,Tech,Enterprise,1,8,0
CUST3656,796509.54,79650.954,10,2022-07-26,2025-07-23,2021-09-23,2025-06-30,47,13,36,"Sha, Brar and Chaudhuri",Healthcare,Small,1,8,0
CUST3657,1235171.1300000001,176453.01857142858,7,2022-01-15,2025-04-14,2020-07-09,2025-06-30,61,113,36,"Khosla, Khatri and Mohanty",Tech,Enterprise,1,8,0
CUST3658,1835745.99,166885.99909090908,11,2023-02-23,2025-03-30,2025-02-09,2025-06-30,5,128,36,Chaudhry and Sons,Retail,Mid-Market,1,8,0
CUST3659,2990249.9399999995,299024.99399999995,10,2022-07-24,2025-07-23,2022-02-08,2025-06-30,42,13,36,Choudhry LLC,Tech,Mid-Market,1,8,0
CUST3660,868777.58,144796.26333333334,6,2022-07-07,2025-05-02,2024-05-03,2025-06-30,15,95,36,"Issac, Pau and Gupta",Non-Profit,Mid-Market,1,8,0
CUST3661,1590270.31,227181.47285714286,7,2022-01-25,2023-12-15,2022-05-11,2025-06-30,39,599,36,Seth-Nanda,Healthcare,Small,1,8,0
CUST3662,1736319.8,144693.31666666668,12,2022-06-18,2025-01-26,2022-01-31,2025-06-30,42,191,36,Murthy Ltd,Finance,Enterprise,1,8,0
CUST3663,3749534.26,249968.95066666664,15,2022-06-17,2025-03-20,2019-12-20,2025-06-30,68,138,36,Gara PLC,Manufacturing,Enterprise,1,8,0
CUST3664,1198927.78,119892.778,10,2022-10-14,2025-07-19,2022-09-28,2024-09-19,34,17,320,Sengupta and Sons,Retail,Enterprise,25,2,1
CUST3665,2721804.9,209369.60769230768,13,2022-03-16,2025-07-18,2019-07-12,2024-01-17,73,18,566,Mukherjee Group,Government,Mid-Market,45,5,1
CUST3666,4740186.38,278834.49294117646,17,2022-01-15,2025-05-05,2023-02-10,2025-06-30,30,92,36,Andra LLC,Education,Small,1,8,0
CUST3667,765817.29,153163.458,5,2022-05-12,2024-05-18,2023-10-30,2025-06-30,21,444,36,Malhotra-Kara,Finance,Mid-Market,1,8,0
CUST3668,2113283.27,192116.66090909092,11,2022-11-29,2025-07-15,2020-03-09,2025-06-30,65,21,36,Chakrabarti and Sons,Manufacturing,Enterprise,1,8,0
CUST3669,1581733.56,112980.96857142857,14,2022-06-16,2025-03-31,2024-09-09,2025-06-30,11,127,36,Mander LLC,Retail,Enterprise,1,8,0
CUST3670,1130690.22,161527.17428571428,7,2022-01-24,2025-05-24,2020-01-26,2025-06-30,67,73,36,Parikh LLC,Retail,Small,1,8,0
CUST3671,1737870.0,157988.18181818182,11,2022-02-25,2025-06-14,2023-07-08,2024-01-15,25,52,568,"Munshi, Mann and Mander",Non-Profit,Small,1,1,1
CUST3672,2068433.03,188039.36636363636,11,2022-05-24,2025-05-14,2021-06-07,2025-06-30,50,83,36,Patla Ltd,Education,Small,1,8,0
CUST3673,1175178.35,167882.62142857144,7,2022-04-02,2025-05-10,2025-02-26,2025-06-30,5,87,36,Yohannan LLC,Finance,Mid-Market,1,8,0
CUST3674,1585270.17,176141.13,9,2022-09-14,2025-03-24,2023-11-15,2025-06-30,20,134,36,"Dhingra, Sibal and Babu",Non-Profit,Mid-Market,1,8,0
CUST3675,1126867.9,125207.54444444443,9,2022-09-07,2025-06-11,2021-08-27,2025-06-30,47,55,36,"Singhal, Oza and Srinivasan",Tech,Enterprise,1,8,0
CUST3676,1305864.3,145096.03333333333,9,2022-05-24,2024-11-28,2019-01-26,2025-03-05,79,250,153,"Yohannan, Babu and Arora",Tech,Mid-Market,2,4,0
CUST3677,1739867.75,217483.46875,8,2022-03-29,2025-07-07,2025-04-16,2025-06-01,3,29,65,Doshi-Banik,Tech,Small,33,9,0
CUST3678,2192804.37,182733.6975,12,2022-04-25,2025-02-10,2019-03-30,2025-06-30,77,176,36,Raj Inc,Healthcare,Enterprise,1,8,0
CUST3679,3197777.05,266481.42083333334,12,2023-05-05,2025-03-18,2022-03-04,2025-06-30,41,140,36,"Srivastava, Prabhakar and Banik",Government,Small,1,8,0
CUST3680,1743717.2,174371.72,10,2022-01-08,2025-05-30,2022-11-11,2023-12-17,33,67,597,Chandran-Luthra,Finance,Enterprise,8,3,1
CUST3681,3628612.5700000003,241907.50466666667,15,2022-02-17,2025-06-15,2024-01-31,2024-04-21,18,51,471,"Rana, Iyer and Saraf",Education,Enterprise,48,1,1
CUST3682,1740348.29,145029.02416666667,12,2022-01-06,2024-10-06,2022-07-31,2025-06-30,36,303,36,Menon-Raman,Government,Mid-Market,1,8,0
CUST3683,473921.6,59240.2,8,2022-03-15,2025-04-06,2022-05-02,2025-06-30,39,121,36,Nagy PLC,Government,Mid-Market,1,8,0
CUST3684,1095653.71,68478.356875,16,2022-02-08,2025-06-12,2024-06-02,2025-06-30,14,54,36,"Sandhu, Sarna and Singh",Finance,Mid-Market,1,8,0
CUST3685,2253521.7,173347.8230769231,13,2022-04-27,2025-07-08,2022-06-13,2025-06-30,38,28,36,Prabhu PLC,Education,Enterprise,1,8,0
CUST3686,401392.85,80278.56999999999,5,2022-07-17,2024-07-23,2020-09-28,2025-06-30,59,378,36,"Behl, Sha and Narayan",Non-Profit,Small,1,8,0
CUST3687,2362146.45,236214.64500000002,10,2022-08-17,2025-06-10,2022-02-22,2025-06-30,42,56,36,Chokshi PLC,Government,Small,1,8,0
CUST3688,3273108.07,251777.54384615383,13,2022-05-17,2024-12-26,2022-07-28,2023-10-03,36,222,672,"Handa, Saxena and Ramaswamy",Government,Small,9,4,1
CUST3689,2236867.8,131580.4588235294,17,2022-01-01,2025-07-05,2022-09-04,2024-12-06,35,31,242,Wagle and Sons,Manufacturing,Mid-Market,50,3,1
CUST3690,551473.09,61274.787777777776,9,2022-07-12,2025-02-25,2024-10-06,2024-12-24,10,161,224,"Chad, Puri and Dugar",Retail,Mid-Market,14,2,1
CUST3691,1057614.1199999999,132201.76499999998,8,2022-07-02,2025-02-23,2021-04-11,2025-06-30,52,163,36,"Dhaliwal, Barad and Mammen",Tech,Mid-Market,1,8,0
CUST3692,465060.16000000003,66437.16571428571,7,2022-06-05,2025-01-10,2025-05-26,2024-07-28,2,207,373,Natarajan-Pau,Healthcare,Mid-Market,4,3,1
CUST3693,4095512.0100000002,240912.4711764706,17,2022-05-05,2025-04-10,2024-07-02,2024-07-06,13,117,395,Date-Choudhary,Education,Enterprise,36,4,1
CUST3694,998804.4,110978.26666666666,9,2022-03-03,2025-06-04,2019-06-25,2025-06-30,74,62,36,Loyal PLC,Education,Mid-Market,1,8,0
CUST3695,467592.38,155864.12666666668,3,2023-03-25,2025-01-04,2023-06-14,2023-11-21,26,213,623,Dhaliwal-Lata,Education,Mid-Market,11,1,1
CUST3696,3106791.7800000003,310679.178,10,2022-01-07,2025-05-25,2019-09-13,2025-06-30,71,72,36,Chakrabarti-Roy,Education,Small,1,8,0
CUST3697,3339663.51,256897.19307692305,13,2022-01-30,2025-04-29,2024-03-02,2025-06-30,17,98,36,Dave Ltd,Government,Small,1,8,0
CUST3698,967709.37,107523.26333333334,9,2022-07-25,2025-07-10,2020-03-24,2025-06-30,65,26,36,Subramaniam-Kara,Education,Small,1,8,0
CUST3699,1418380.96,109106.22769230769,13,2022-04-09,2025-05-15,2022-01-21,2025-06-30,43,82,36,Patla PLC,Finance,Small,1,8,0
CUST3700,1452611.09,161401.23222222223,9,2022-01-22,2025-04-17,2020-08-13,2025-02-04,60,110,182,Bhatt-Agarwal,Government,Enterprise,10,5,0
CUST3701,317318.08,45331.154285714285,7,2022-02-06,2024-12-24,2022-10-29,2025-06-30,33,224,36,Keer-Johal,Education,Small,1,8,0
CUST3702,1668265.79,139022.14916666667,12,2022-02-19,2025-05-02,2021-12-30,2025-06-30,43,95,36,Rajan Ltd,Healthcare,Mid-Market,1,8,0
CUST3703,1269835.99,105819.66583333333,12,2022-04-03,2024-02-11,2022-01-18,2025-06-30,43,541,36,"Bhattacharyya, Sridhar and Prabhu",Finance,Mid-Market,1,8,0
CUST3704,1126841.29,140855.16125,8,2022-01-12,2025-02-22,2021-08-29,2025-06-30,47,164,36,Kibe-Das,Government,Enterprise,1,8,0
CUST3705,1833101.19,261871.59857142856,7,2022-08-29,2025-05-16,2019-12-19,2025-03-31,68,81,127,"Prabhakar, Padmanabhan and Varughese",Education,Enterprise,31,4,0
CUST3706,1072992.05,153284.57857142857,7,2023-08-18,2024-09-28,2023-11-25,2025-06-30,20,311,36,Kapadia-Seth,Government,Enterprise,1,8,0
CUST3707,1811484.44,181148.444,10,2022-04-28,2025-05-02,2019-06-27,2025-06-30,74,95,36,Vaidya-Sha,Government,Small,1,8,0
CUST3708,1856158.94,168741.7218181818,11,2022-07-03,2025-07-22,2025-07-24,2025-06-30,0,14,36,"Mukhopadhyay, Gopal and Bhalla",Education,Mid-Market,1,8,0
CUST3709,2091107.96,174258.99666666667,12,2022-01-02,2024-12-12,2023-11-26,2025-06-30,20,236,36,Rau-Kumer,Healthcare,Small,1,8,0
CUST3710,1225446.02,175063.71714285715,7,2022-02-09,2025-04-29,2019-08-31,2025-06-30,72,98,36,Hari PLC,Healthcare,Enterprise,1,8,0
CUST3711,1232258.94,82150.59599999999,15,2022-02-27,2025-07-08,2019-12-01,2025-06-30,69,28,36,Lanka Ltd,Retail,Mid-Market,1,8,0
CUST3712,1607855.78,229693.68285714285,7,2022-01-08,2025-06-17,2024-05-10,2024-08-14,15,49,356,Sachdeva-Deshpande,Retail,Enterprise,33,5,1
CUST3713,2106174.65,191470.42272727273,11,2022-02-16,2025-07-03,2020-12-30,2025-01-20,55,33,197,Shere-Datta,Manufacturing,Mid-Market,49,9,0
CUST3714,750275.4299999999,125045.90499999998,6,2022-05-22,2024-07-08,2019-07-25,2025-06-30,73,393,36,"Savant, Agarwal and Grover",Tech,Small,1,8,0
CUST3715,378667.05,31555.587499999998,12,2022-05-16,2025-07-07,2022-08-19,2024-12-20,36,29,228,"Lata, Ram and Sood",Non-Profit,Mid-Market,3,10,0
CUST3716,1080876.02,154410.86000000002,7,2023-11-18,2025-06-18,2022-08-01,2025-06-30,36,48,36,Chanda Ltd,Government,Enterprise,1,8,0
CUST3717,2032308.51,184755.3190909091,11,2022-09-28,2025-03-20,2020-02-28,2024-05-03,66,138,459,Comar Ltd,Retail,Enterprise,21,9,0
CUST3718,1895369.91,189536.99099999998,10,2022-02-05,2025-06-09,2020-11-22,2025-03-04,57,57,154,Goda Inc,Education,Enterprise,19,6,0
CUST3719,1057850.18,117538.90888888888,9,2022-08-29,2025-07-01,2025-06-09,2025-06-30,1,35,36,Konda PLC,Education,Enterprise,1,8,0
CUST3720,1274085.97,115825.99727272727,11,2022-01-30,2024-12-02,2019-07-06,2025-06-30,74,246,36,Walla-Narula,Tech,Mid-Market,1,8,0
CUST3721,1349493.52,96392.39428571428,14,2022-05-17,2025-07-02,2020-10-11,2024-10-21,58,34,288,Basu-Tripathi,Tech,Small,10,5,0
CUST3722,1473288.34,163698.70444444445,9,2022-01-03,2025-05-21,2020-12-20,2025-06-30,56,76,36,"Maharaj, Doctor and Sem",Manufacturing,Mid-Market,1,8,0
CUST3723,716902.55,102414.65000000001,7,2022-11-11,2025-05-01,2024-03-23,2025-06-30,16,96,36,"Andra, Amble and Rana",Education,Small,1,8,0
CUST3724,1393303.39,126663.94454545453,11,2022-01-08,2025-02-27,2022-04-25,2025-01-21,39,159,196,"Ray, Sekhon and Nagy",Retail,Small,21,5,1
CUST3725,1816123.46,201791.49555555556,9,2022-02-11,2025-03-07,2019-06-07,2025-06-30,75,151,36,Savant-Mand,Non-Profit,Mid-Market,1,8,0
CUST3726,1091740.39,99249.12636363636,11,2022-01-25,2025-03-02,2023-03-25,2025-06-30,28,156,36,Saha-Desai,Education,Enterprise,1,8,0
CUST3727,264369.39,52873.878000000004,5,2022-08-27,2025-02-07,2024-06-25,2025-01-31,13,179,186,Kunda-Bhasin,Government,Mid-Market,14,8,0
CUST3728,2098796.66,149914.04714285716,14,2022-03-15,2025-01-01,2021-03-12,2025-06-30,53,216,36,Sankar-Rout,Finance,Enterprise,1,8,0
CUST3729,3514431.0500000003,292869.2541666667,12,2022-03-27,2025-05-21,2021-12-19,2025-06-30,44,76,36,Seth-Bath,Education,Small,1,8,0
CUST3730,662387.1,66238.70999999999,10,2022-01-14,2025-02-12,2021-06-03,2025-06-30,50,174,36,Rege Group,Manufacturing,Small,1,8,0
CUST3731,2513087.49,228462.4990909091,11,2022-01-22,2024-11-22,2021-08-20,2025-06-30,48,256,36,"Cherian, Tak and Thakur",Retail,Mid-Market,1,8,0
CUST3732,4303987.39,215199.36949999997,20,2022-03-29,2025-03-02,2024-11-25,2025-02-12,8,156,174,"Chandra, Tella and Pai",Retail,Mid-Market,10,5,0
CUST3733,1354709.48,123155.40727272727,11,2022-03-03,2025-02-17,2023-10-04,2025-06-30,22,169,36,Krishnamurthy-Bhat,Retail,Small,1,8,0
CUST3734,2180400.81,198218.25545454546,11,2022-01-06,2025-04-20,2023-01-18,2025-06-30,31,107,36,Dutta-Ratti,Tech,Mid-Market,1,8,0
CUST3735,952825.8099999999,136117.97285714286,7,2022-05-23,2025-02-03,2024-04-25,2025-03-02,15,183,156,Dara LLC,Tech,Mid-Market,7,8,0
CUST3736,3420936.64,213808.54,16,2022-10-07,2025-01-15,2024-05-10,2024-11-05,15,202,273,Shere PLC,Government,Mid-Market,48,2,1
CUST3737,1882134.43,171103.13,11,2022-11-09,2025-03-05,2024-01-17,2024-05-16,18,153,446,Mitter Ltd,Finance,Enterprise,9,3,0
CUST3738,1284047.69,160505.96125,8,2022-11-27,2025-01-21,2022-01-12,2025-06-30,43,196,36,"Khanna, Borra and Majumdar",Finance,Enterprise,1,8,0
CUST3739,649320.32,108220.05333333333,6,2022-08-02,2024-07-12,2023-11-05,2025-06-30,21,389,36,Mahal-Comar,Healthcare,Small,1,8,0
CUST3740,670895.23,95842.17571428571,7,2022-03-09,2025-05-28,2024-08-05,2025-01-26,12,69,191,Prashad PLC,Education,Mid-Market,8,7,0
CUST3741,398100.47,49762.55875,8,2022-01-07,2025-05-06,2025-01-02,2025-06-15,7,91,51,"Nagarajan, Chandra and Munshi",Finance,Small,42,4,0
CUST3742,2924976.91,224998.22384615385,13,2022-03-31,2025-05-07,2022-02-27,2025-06-30,41,90,36,"Biswas, Nori and Mukherjee",Tech,Enterprise,1,8,0
CUST3743,1990419.71,180947.24636363637,11,2022-04-25,2025-06-09,2022-11-06,2025-06-30,33,57,36,"Doctor, Pal and Singhal",Manufacturing,Enterprise,1,8,0
CUST3744,1846000.49,230750.06125,8,2022-01-07,2025-05-10,2024-08-12,2025-06-30,11,87,36,Comar and Sons,Government,Mid-Market,1,8,0
CUST3745,1199345.87,199890.97833333336,6,2022-01-12,2025-05-17,2024-09-25,2025-06-30,10,80,36,Sawhney-Wagle,Healthcare,Small,1,8,0
CUST3746,1892927.69,210325.29888888888,9,2022-08-29,2025-06-18,2019-01-26,2025-06-30,79,48,36,Bawa Group,Government,Enterprise,1,8,0
CUST3747,2047351.27,227483.47444444444,9,2022-07-28,2025-04-07,2022-08-25,2025-06-30,35,120,36,Arya LLC,Education,Small,1,8,0
CUST3748,1600564.76,145505.88727272727,11,2022-04-16,2024-08-11,2025-06-02,2024-10-03,2,359,306,"Halder, Soman and Wagle",Manufacturing,Small,41,3,1
CUST3749,557146.92,50649.72,11,2022-02-01,2025-01-27,2020-08-23,2024-03-19,60,190,504,Mall Ltd,Manufacturing,Mid-Market,1,6,0
CUST3750,1885947.67,188594.767,10,2022-05-03,2025-04-29,2021-05-21,2025-06-30,51,98,36,"Sridhar, Kadakia and Goel",Non-Profit,Enterprise,1,8,0
CUST3751,1899913.27,237489.15875,8,2022-04-05,2024-11-02,2024-06-08,2025-01-21,14,276,196,Lad and Sons,Education,Enterprise,40,10,0
CUST3752,1830000.56,152500.04666666666,12,2022-04-13,2024-10-31,2023-07-07,2025-06-30,25,278,36,"Lata, Batra and Lal",Tech,Enterprise,1,8,0
CUST3753,824415.3,63416.561538461545,13,2022-01-16,2025-04-24,2023-12-02,2025-06-30,20,103,36,Tata-Manda,Manufacturing,Enterprise,1,8,0
CUST3754,2532761.19,180911.51357142857,14,2022-01-05,2025-06-24,2021-06-13,2025-06-30,50,42,36,Krishnan Group,Government,Enterprise,1,8,0
CUST3755,3616844.98,200935.83222222223,18,2022-09-12,2025-07-15,2019-09-15,2025-06-30,71,21,36,Dixit and Sons,Education,Enterprise,1,8,0
CUST3756,570991.38,57099.138,10,2022-08-02,2025-05-13,2021-01-13,2025-06-30,55,84,36,Sahni and Sons,Government,Small,1,8,0
CUST3757,1076748.29,119638.69888888889,9,2022-03-30,2024-11-21,2019-10-12,2023-08-25,70,257,711,Baral-Acharya,Retail,Small,25,2,1
CUST3758,1248859.9100000001,156107.48875000002,8,2022-02-17,2024-11-28,2019-04-04,2023-12-17,77,250,597,Yohannan-Tandon,Non-Profit,Mid-Market,13,2,1
CUST3759,1289339.15,257867.83,5,2022-12-13,2025-07-12,2021-12-03,2025-06-30,44,24,36,Kuruvilla-More,Education,Mid-Market,1,8,0
CUST3760,4639953.35,257775.18611111108,18,2022-04-09,2025-03-12,2023-01-13,2025-06-30,31,146,36,"Krishnamurthy, Nagi and Roy",Healthcare,Enterprise,1,8,0
CUST3761,494120.27,44920.024545454544,11,2022-07-24,2025-06-24,2020-02-24,2025-06-30,66,42,36,Sinha Group,Retail,Enterprise,1,8,0
CUST3762,2728516.3,303168.47777777776,9,2022-01-16,2025-07-08,2022-05-10,2024-03-05,39,28,518,"Aurora, Bhandari and Nagarajan",Non-Profit,Mid-Market,48,5,1
CUST3763,3017973.56,232151.8123076923,13,2022-01-22,2025-06-25,2025-01-25,2025-06-30,6,41,36,Brar-Soman,Government,Small,1,8,0
CUST3764,2035222.82,135681.52133333334,15,2022-09-04,2025-04-10,2020-07-12,2025-06-30,61,117,36,"Kaul, Misra and Butala",Finance,Small,1,8,0
CUST3765,1565186.21,130432.18416666666,12,2022-01-28,2025-02-13,2024-07-08,2025-06-30,13,173,36,Shenoy-Buch,Retail,Enterprise,1,8,0
CUST3766,736391.4,122731.90000000001,6,2022-05-28,2025-06-06,2023-02-15,2025-06-30,30,60,36,Bhattacharyya and Sons,Non-Profit,Enterprise,1,8,0
CUST3767,1078490.68,98044.60727272727,11,2022-05-20,2025-07-14,2024-11-23,2025-01-13,8,22,204,"Dani, Kala and Sama",Retail,Small,3,1,0
CUST3768,2079170.86,159936.22,13,2022-09-30,2025-05-18,2024-12-10,2025-06-30,7,79,36,Korpal and Sons,Manufacturing,Enterprise,1,8,0
CUST3769,3948557.88,263237.192,15,2022-01-23,2025-04-20,2024-04-24,2025-06-30,15,107,36,Parmar-Koshy,Finance,Mid-Market,1,8,0
CUST3770,1509204.37,188650.54625,8,2022-02-22,2024-04-29,2024-12-29,2025-04-25,7,463,102,Sunder PLC,Manufacturing,Small,20,8,0
CUST3771,1120523.48,124502.60888888889,9,2022-04-10,2024-12-05,2020-06-28,2024-02-12,62,243,540,Sathe Inc,Retail,Small,22,2,1
CUST3772,929358.29,103262.03222222223,9,2022-05-29,2025-04-14,2019-11-23,2024-08-31,69,113,339,Varghese-Balan,Retail,Enterprise,5,10,0
CUST3773,1157499.31,82678.52214285715,14,2022-05-12,2025-02-01,2020-03-14,2025-06-30,65,185,36,Gupta Ltd,Education,Enterprise,1,8,0
CUST3774,1313847.02,145983.00222222222,9,2022-08-30,2025-07-04,2025-03-17,2025-06-04,4,32,62,"Taneja, Nagarajan and Sane",Education,Enterprise,0,5,0
CUST3775,1905346.06,190534.606,10,2022-03-02,2025-05-28,2021-10-07,2024-10-16,46,69,293,"Ravel, Kar and Varma",Education,Mid-Market,26,4,1
CUST3776,2194626.2199999997,137164.13874999998,16,2022-01-08,2025-01-05,2024-12-19,2025-06-30,7,212,36,"Pathak, Chauhan and Bajwa",Government,Enterprise,1,8,0
CUST3777,1059438.85,151348.40714285715,7,2022-02-14,2025-07-14,2025-01-12,2024-07-27,6,22,374,"Kuruvilla, Amble and Lala",Government,Small,20,5,1
CUST3778,1690066.84,120719.06000000001,14,2022-03-06,2025-07-20,2020-11-29,2024-04-01,57,16,491,Chaudry and Sons,Manufacturing,Mid-Market,5,5,0
CUST3779,1503400.79,136672.7990909091,11,2022-01-30,2025-04-17,2023-07-27,2024-10-04,24,110,305,Dada-Sura,Manufacturing,Mid-Market,44,5,1
CUST3780,1473705.3800000001,210529.34000000003,7,2022-03-15,2025-07-10,2021-05-13,2025-06-30,51,26,36,Mistry and Sons,Tech,Mid-Market,1,8,0
CUST3781,1751591.53,194621.2811111111,9,2022-05-01,2025-03-20,2019-05-09,2025-06-30,76,138,36,Kalla-Sarkar,Finance,Enterprise,1,8,0
CUST3782,1387181.72,138718.172,10,2022-11-02,2025-06-09,2019-04-18,2025-06-30,76,57,36,"Shukla, Taneja and Bhardwaj",Tech,Small,1,8,0
CUST3783,564370.6599999999,112874.13199999998,5,2023-02-16,2025-02-19,2019-03-18,2025-06-30,77,167,36,"Rai, Kalita and Gera",Education,Mid-Market,1,8,0
CUST3784,1376952.71,114746.05916666666,12,2022-01-12,2025-05-19,2022-11-25,2025-06-30,32,78,36,"Hora, Kakar and Mann",Tech,Small,1,8,0
CUST3785,1568792.49,120676.34538461539,13,2022-01-07,2025-05-23,2021-04-09,2024-11-28,52,74,250,"Jayaraman, Dugar and Jaggi",Finance,Enterprise,32,4,1
CUST3786,1620690.71,147335.51909090907,11,2022-02-22,2025-06-10,2020-04-19,2025-06-30,64,56,36,Sha-Jha,Non-Profit,Mid-Market,1,8,0
CUST3787,1940637.4900000002,129375.83266666668,15,2022-03-12,2025-04-24,2023-11-14,2025-06-30,21,103,36,Swaminathan-Cheema,Healthcare,Mid-Market,1,8,0
CUST3788,2097561.42,262195.1775,8,2022-03-20,2025-02-22,2024-12-27,2025-03-11,7,164,147,Shenoy-Chandra,Non-Profit,Enterprise,34,7,0
CUST3789,604664.7,54969.51818181818,11,2022-04-21,2025-07-12,2020-03-15,2025-06-30,65,24,36,Zachariah-Bose,Healthcare,Small,1,8,0
CUST3790,1851020.25,142386.17307692306,13,2022-03-10,2025-07-06,2021-06-27,2025-06-30,50,30,36,Hegde-Merchant,Education,Enterprise,1,8,0
CUST3791,825373.3500000001,206343.33750000002,4,2023-01-08,2025-04-21,2024-05-29,2024-11-13,14,106,265,Saxena Ltd,Manufacturing,Enterprise,7,1,1
CUST3792,538857.16,67357.145,8,2022-10-15,2024-12-22,2023-05-02,2024-02-18,27,226,534,Anand LLC,Finance,Mid-Market,39,5,1
CUST3793,1343528.0,122138.90909090909,11,2022-02-17,2025-04-05,2022-08-24,2025-06-30,35,122,36,Wali-Patla,Finance,Enterprise,1,8,0
CUST3794,671604.06,95943.43714285715,7,2022-04-17,2025-01-07,2023-12-19,2025-06-30,19,210,36,"Kumer, Bahri and Bora",Retail,Small,1,8,0
CUST3795,2407306.41,267478.49,9,2022-05-13,2025-02-09,2021-05-05,2024-04-01,51,177,491,Thakur-Boase,Finance,Small,14,5,0
CUST3796,2499081.0500000003,166605.40333333335,15,2022-03-31,2025-03-27,2020-01-10,2025-06-30,67,131,36,Dass LLC,Education,Mid-Market,1,8,0
CUST3797,2344169.08,213106.28,11,2022-09-21,2025-07-06,2019-09-06,2023-11-23,72,30,621,"Ravel, Om and Sani",Education,Enterprise,10,5,0
CUST3798,1389028.65,173628.58125,8,2022-05-07,2025-05-30,2022-04-27,2025-06-30,39,67,36,Bali-Rastogi,Non-Profit,Small,1,8,0
CUST3799,1216993.3,243398.66,5,2023-03-14,2024-10-16,2024-05-12,2025-06-30,15,293,36,Dara and Sons,Education,Enterprise,1,8,0
CUST3800,811044.07,81104.40699999999,10,2022-01-01,2025-06-26,2020-09-17,2025-01-20,59,40,197,"Babu, Rao and Sengupta",Retail,Small,18,1,1
CUST3801,1599502.84,159950.284,10,2022-06-08,2025-04-24,2024-09-16,2024-11-23,10,103,255,Mammen PLC,Manufacturing,Enterprise,42,3,1
CUST3802,1594316.03,177146.22555555555,9,2022-07-18,2025-03-17,2022-03-17,2023-07-31,41,141,736,Gaba LLC,Non-Profit,Mid-Market,34,5,1
CUST3803,594231.87,99038.645,6,2022-04-19,2024-11-17,2023-08-09,2025-06-30,24,261,36,Hegde-Sekhon,Education,Small,1,8,0
CUST3804,4222129.6,263883.1,16,2022-01-10,2024-10-21,2021-01-24,2025-06-30,55,288,36,Kapoor-Mammen,Retail,Mid-Market,1,8,0
CUST3805,1909899.9000000001,159158.325,12,2022-01-24,2025-07-14,2022-10-03,2025-06-30,34,22,36,"Shere, Dutt and Palla",Finance,Enterprise,1,8,0
CUST3806,2745820.73,228818.39416666667,12,2022-07-06,2025-07-19,2024-02-14,2025-06-30,17,17,36,Chopra Inc,Government,Small,1,8,0
CUST3807,1409603.5899999999,140960.359,10,2022-04-18,2025-03-03,2019-05-09,2023-11-27,76,155,617,Arora-Deo,Healthcare,Enterprise,29,1,1
CUST3808,1538000.6,192250.075,8,2022-09-18,2025-04-29,2021-03-31,2025-06-30,52,98,36,Palan-Sha,Healthcare,Enterprise,1,8,0
CUST3809,4158429.5199999996,319879.1938461538,13,2022-01-15,2024-08-25,2020-05-10,2023-10-09,63,345,666,Dugar-Majumdar,Healthcare,Mid-Market,23,1,1
CUST3810,1318274.44,146474.93777777778,9,2022-02-14,2025-04-23,2022-05-29,2025-06-30,38,104,36,"Memon, Bala and Dhawan",Non-Profit,Enterprise,1,8,0
CUST3811,2307339.31,153822.62066666668,15,2022-03-01,2025-07-10,2023-12-29,2025-06-30,19,26,36,"Saxena, Rattan and Bassi",Healthcare,Enterprise,1,8,0
CUST3812,1659090.15,127622.31923076922,13,2022-01-22,2025-01-31,2022-12-31,2025-06-30,31,186,36,Dave Inc,Retail,Enterprise,1,8,0
CUST3813,693635.3099999999,173408.82749999998,4,2022-07-04,2024-02-28,2022-03-24,2025-06-30,41,524,36,Rao-Mand,Healthcare,Mid-Market,1,8,0
CUST3814,1307315.97,130731.597,10,2022-01-02,2024-12-06,2022-12-05,2025-06-30,32,242,36,"Dutt, Sarma and Khanna",Manufacturing,Small,1,8,0
CUST3815,1330660.03,102358.46384615384,13,2022-02-28,2025-02-03,2021-06-06,2025-06-30,50,183,36,Lata PLC,Non-Profit,Small,1,8,0
CUST3816,1982142.73,247767.84125,8,2022-08-02,2025-01-25,2020-01-03,2024-10-04,68,192,305,Rajagopalan LLC,Non-Profit,Small,34,2,0
CUST3817,1856139.9200000002,232017.49000000002,8,2022-07-16,2025-01-27,2020-10-16,2025-06-30,58,190,36,Bhat LLC,Healthcare,Mid-Market,1,8,0
CUST3818,2007720.06,200772.006,10,2022-02-12,2025-06-28,2023-03-07,2024-10-20,29,38,289,"Gera, Bal and Kamdar",Retail,Enterprise,48,6,0
CUST3819,1086391.95,217278.38999999998,5,2022-07-08,2024-09-27,2025-02-22,2024-10-11,5,312,298,"Dugal, Sahni and Sibal",Non-Profit,Mid-Market,31,4,1
CUST3820,1752819.1400000001,292136.5233333334,6,2022-06-03,2025-05-05,2020-06-25,2025-06-30,62,92,36,"Bains, Bali and Purohit",Finance,Enterprise,1,8,0
CUST3821,567796.9199999999,63088.54666666666,9,2022-12-16,2025-07-01,2021-07-29,2023-11-29,48,35,615,Vohra-Hans,Retail,Small,39,1,1
CUST3822,1233596.62,411198.87333333335,3,2022-01-10,2025-04-23,2023-01-09,2025-06-30,31,104,36,Shah-Agrawal,Tech,Enterprise,1,8,0
CUST3823,562802.24,80400.31999999999,7,2022-03-10,2025-03-27,2023-06-26,2025-06-30,25,131,36,"Deshpande, Palla and Nagi",Non-Profit,Mid-Market,1,8,0
CUST3824,1810629.1,164602.64545454548,11,2022-04-24,2025-05-26,2022-12-22,2025-06-30,31,71,36,"Rajagopalan, Kumer and Bhatt",Tech,Small,1,8,0
CUST3825,1924438.54,213826.50444444444,9,2022-01-25,2025-02-16,2023-06-02,2024-06-21,26,170,410,"Sridhar, Mammen and Garg",Government,Mid-Market,27,5,1
CUST3826,1862595.07,155216.25583333333,12,2022-01-18,2025-03-17,2021-12-22,2025-06-30,44,141,36,"Patla, Gala and Loyal",Tech,Mid-Market,1,8,0
CUST3827,662415.97,132483.194,5,2022-08-07,2025-06-08,2021-09-26,2025-06-30,46,58,36,"Raj, Nagi and Luthra",Manufacturing,Mid-Market,1,8,0
CUST3828,2171062.8,155075.91428571427,14,2022-01-24,2025-06-22,2022-08-24,2025-06-30,35,44,36,Tailor Group,Finance,Enterprise,1,8,0
CUST3829,1523389.06,126949.08833333333,12,2022-06-12,2025-07-02,2023-03-13,2024-12-27,29,34,221,Rege-Ravi,Finance,Mid-Market,46,4,1
CUST3830,1839604.0499999998,153300.3375,12,2022-01-23,2025-03-03,2021-09-24,2025-06-30,47,155,36,Basak and Sons,Retail,Enterprise,1,8,0
CUST3831,2047272.44,186115.67636363636,11,2022-06-04,2025-06-09,2019-12-01,2025-06-30,69,57,36,"Oza, Chad and Solanki",Manufacturing,Enterprise,1,8,0
CUST3832,1280326.9700000002,128032.69700000001,10,2022-01-13,2025-05-18,2023-08-14,2025-06-30,24,79,36,"Mander, Narayan and Arora",Finance,Mid-Market,1,8,0
CUST3833,2170250.49,197295.4990909091,11,2022-03-29,2025-01-23,2023-03-15,2025-06-30,29,194,36,"Madan, Soman and Tara",Tech,Enterprise,1,8,0
CUST3834,1288201.44,184028.77714285714,7,2022-01-01,2025-04-29,2020-11-10,2025-06-30,57,98,36,Chandra and Sons,Non-Profit,Enterprise,1,8,0
CUST3835,2559612.1,213301.00833333333,12,2022-01-20,2025-05-09,2022-07-19,2025-01-23,37,88,194,More LLC,Healthcare,Small,44,9,0
CUST3836,1058754.0699999998,132344.25874999998,8,2022-03-02,2025-04-27,2021-08-20,2024-05-16,48,100,446,Sama LLC,Education,Mid-Market,0,1,0
CUST3837,1710407.27,285067.87833333336,6,2022-06-17,2025-06-17,2022-11-23,2025-06-30,32,49,36,Chauhan-Mander,Healthcare,Mid-Market,1,8,0
CUST3838,1090700.25,136337.53125,8,2022-04-25,2025-06-20,2021-10-24,2025-06-30,46,46,36,Agarwal-Din,Retail,Small,1,8,0
CUST3839,1754216.34,134939.71846153846,13,2022-03-30,2025-07-04,2020-12-07,2024-01-21,56,32,562,Bhatti Ltd,Non-Profit,Enterprise,10,4,1
CUST3840,142670.05,14267.005,10,2022-02-10,2025-06-19,2022-08-06,2025-06-30,36,47,36,Wable-Sarraf,Retail,Small,1,8,0
CUST3841,310859.12,44408.44571428571,7,2022-03-27,2025-03-10,2023-10-26,2025-06-30,21,148,36,"Choudhury, Warrior and Date",Finance,Mid-Market,1,8,0
CUST3842,584348.78,58434.878000000004,10,2022-04-22,2025-05-03,2024-02-02,2025-06-30,18,94,36,Ramachandran-Bail,Finance,Enterprise,1,8,0
CUST3843,1529339.95,139030.90454545454,11,2022-01-19,2025-07-18,2020-08-27,2024-11-25,60,18,253,Manda Inc,Manufacturing,Mid-Market,16,6,0
CUST3844,886468.71,221617.1775,4,2023-05-22,2025-01-31,2024-03-13,2025-01-29,17,186,188,"Saini, Manne and Sanghvi",Healthcare,Enterprise,19,7,0
CUST3845,3215631.32,321563.132,10,2022-01-07,2025-07-06,2022-08-29,2025-06-30,35,30,36,Ray-Prabhu,Manufacturing,Small,1,8,0
CUST3846,3449155.92,344915.592,10,2022-02-22,2025-04-28,2021-01-19,2025-06-30,55,99,36,Jaggi and Sons,Retail,Enterprise,1,8,0
CUST3847,767302.84,85255.8711111111,9,2022-10-28,2025-07-07,2022-01-02,2025-06-30,43,29,36,Samra PLC,Government,Enterprise,1,8,0
CUST3848,88833.40000000001,12690.485714285716,7,2022-01-13,2024-04-15,2022-02-09,2025-06-30,42,477,36,"Oommen, Chakraborty and Bava",Healthcare,Enterprise,1,8,0
CUST3849,534647.39,133661.8475,4,2022-06-01,2025-03-10,2019-11-27,2025-05-06,69,148,91,Tank-Handa,Education,Enterprise,14,6,0
CUST3850,1895173.71,189517.37099999998,10,2022-03-10,2025-07-02,2021-02-12,2025-06-30,54,34,36,Patla-Pingle,Finance,Small,1,8,0
CUST3851,1180611.66,98384.305,12,2022-03-27,2025-04-18,2025-02-02,2025-06-30,6,109,36,Gade PLC,Government,Enterprise,1,8,0
CUST3852,588927.23,117785.446,5,2022-11-24,2025-03-20,2025-04-14,2025-06-30,3,138,36,Sunder PLC,Healthcare,Small,1,8,0
CUST3853,2257587.65,451517.52999999997,5,2022-07-19,2024-03-21,2022-03-06,2025-06-30,41,502,36,Patel LLC,Non-Profit,Small,1,8,0
CUST3854,480515.33999999997,96103.068,5,2022-12-29,2025-04-25,2019-10-17,2025-06-30,70,102,36,Mannan-Basak,Retail,Small,1,8,0
CUST3855,3083964.08,237228.00615384616,13,2022-08-31,2025-03-08,2019-04-18,2023-10-28,76,150,647,"Choudhury, Mody and Brar",Government,Mid-Market,22,2,1
CUST3856,1615557.98,323111.596,5,2022-04-01,2025-07-19,2019-11-14,2025-06-30,69,17,36,Sastry LLC,Education,Enterprise,1,8,0
CUST3857,3262261.87,181236.77055555556,18,2022-01-13,2025-07-10,2021-08-10,2025-06-30,48,26,36,Dara Ltd,Non-Profit,Small,1,8,0
CUST3858,1856043.3900000001,265149.05571428576,7,2022-06-01,2025-03-18,2024-01-03,2025-05-12,19,140,85,Nath PLC,Finance,Small,4,9,0
CUST3859,4585455.89,352727.37615384615,13,2022-01-01,2025-02-08,2020-01-11,2025-06-30,67,178,36,Nadkarni-Virk,Manufacturing,Enterprise,1,8,0
CUST3860,838692.85,83869.285,10,2022-08-02,2025-04-26,2024-07-28,2024-08-06,12,101,364,Rajagopal-Kapadia,Finance,Enterprise,41,2,1
CUST3861,2679908.48,267990.848,10,2022-11-14,2025-03-12,2023-04-10,2024-12-09,28,146,239,"Raja, Gupta and Hora",Non-Profit,Enterprise,33,5,1
CUST3862,3443295.6999999997,286941.3083333333,12,2022-03-11,2025-03-29,2024-08-22,2025-06-30,11,129,36,"Zachariah, Ram and Mand",Tech,Mid-Market,1,8,0
CUST3863,1209813.12,80654.20800000001,15,2022-02-11,2024-12-18,2021-08-15,2025-06-30,48,230,36,Sarkar-Setty,Government,Mid-Market,1,8,0
CUST3864,1693812.49,130293.26846153846,13,2022-01-26,2025-05-22,2025-06-09,2025-06-30,1,75,36,Viswanathan and Sons,Education,Enterprise,1,8,0
CUST3865,1504802.35,150480.23500000002,10,2022-01-10,2024-07-09,2021-03-17,2025-06-30,53,392,36,"Peri, Varma and Halder",Education,Enterprise,1,8,0
CUST3866,3804056.92,380405.692,10,2022-08-29,2025-03-15,2025-07-03,2025-06-30,1,143,36,Anne Group,Government,Mid-Market,1,8,0
CUST3867,1685767.6199999999,168576.762,10,2022-10-11,2025-05-31,2025-04-11,2024-09-16,3,66,323,"Agate, Nagar and Nair",Finance,Small,38,1,1
CUST3868,2752592.43,161917.20176470588,17,2022-03-20,2025-02-18,2022-01-14,2025-06-30,43,168,36,"Mutti, Dhillon and Mittal",Non-Profit,Enterprise,1,8,0
CUST3869,1262977.05,180425.29285714286,7,2022-02-05,2025-07-22,2023-04-18,2025-06-30,28,14,36,Bhasin LLC,Non-Profit,Enterprise,1,8,0
CUST3870,2058082.47,158314.03615384616,13,2022-03-27,2024-10-27,2024-02-28,2025-06-30,17,282,36,Mohan Group,Finance,Enterprise,1,8,0
CUST3871,1498202.07,115246.31307692308,13,2022-06-12,2025-07-10,2022-04-12,2025-06-30,40,26,36,Comar-Tiwari,Tech,Enterprise,1,8,0
CUST3872,2905649.03,223511.46384615384,13,2022-01-18,2025-06-30,2019-11-30,2025-03-31,69,36,127,Kakar-Mani,Education,Enterprise,41,7,0
CUST3873,867417.0299999999,86741.703,10,2022-07-02,2024-10-02,2025-07-11,2025-06-30,0,307,36,Bera-Das,Manufacturing,Enterprise,1,8,0
CUST3874,1511952.08,125996.00666666667,12,2022-02-11,2025-07-01,2023-11-07,2024-12-06,21,35,242,Dave and Sons,Non-Profit,Small,16,9,0
CUST3875,1537432.15,170825.79444444444,9,2022-01-03,2025-01-19,2022-07-04,2024-03-18,37,198,505,Rao-Zacharia,Government,Enterprise,20,4,1
CUST3876,1190918.76,170131.25142857144,7,2022-04-19,2025-05-03,2024-10-28,2025-06-30,9,94,36,Bhatnagar Inc,Retail,Small,1,8,0
CUST3877,1728487.73,157135.24818181817,11,2022-03-26,2025-07-10,2020-09-27,2024-10-29,59,26,280,"Palla, Tata and Choudhry",Retail,Small,2,8,0
CUST3878,1482218.41,164690.93444444443,9,2022-08-13,2025-07-06,2021-11-23,2025-03-11,45,30,147,"Reddy, Kaur and Kumar",Tech,Mid-Market,24,9,0
CUST3879,1265640.97,140626.77444444445,9,2022-03-20,2025-02-21,2025-03-14,2025-04-22,4,165,105,"Mangat, Ganesh and Kaur",Tech,Small,0,4,0
CUST3880,739445.6799999999,105635.09714285714,7,2022-03-27,2025-02-18,2021-02-26,2024-03-01,54,168,522,Chanda LLC,Government,Small,13,9,0
CUST3881,790558.84,79055.88399999999,10,2022-04-28,2024-08-30,2019-03-05,2025-06-30,78,340,36,Kara PLC,Manufacturing,Enterprise,1,8,0
CUST3882,528069.6900000001,66008.71125000001,8,2022-04-04,2024-09-14,2020-10-26,2025-06-30,58,325,36,Mander Group,Retail,Mid-Market,1,8,0
CUST3883,2388600.86,298575.1075,8,2022-04-28,2024-03-25,2024-08-27,2025-06-30,11,498,36,"Swaminathan, Sangha and Virk",Tech,Enterprise,1,8,0
CUST3884,2776903.63,213607.97153846154,13,2022-03-11,2025-04-29,2022-09-22,2024-10-02,34,98,307,Mangat-Amble,Manufacturing,Small,20,7,0
CUST3885,2428417.41,186801.33923076926,13,2022-01-01,2025-03-22,2021-01-14,2024-04-09,55,136,483,Pillai-Garg,Education,Small,45,4,1
CUST3886,1021287.95,113476.43888888888,9,2022-06-22,2025-06-11,2020-06-13,2025-07-24,62,55,12,Handa-Nigam,Government,Enterprise,22,5,0
CUST3887,894125.19,74510.4325,12,2022-09-08,2024-07-18,2024-09-30,2025-05-19,10,383,78,Sastry Group,Non-Profit,Small,10,6,0
CUST3888,1681332.63,168133.26299999998,10,2022-01-07,2025-06-04,2021-09-20,2025-06-30,47,62,36,Gill Inc,Manufacturing,Small,1,8,0
CUST3889,2685063.63,298340.4033333333,9,2022-01-06,2025-06-18,2024-04-20,2024-12-15,15,48,233,"Sama, Choudhary and Pandya",Non-Profit,Mid-Market,4,10,0
CUST3890,904334.28,129190.61142857143,7,2023-12-21,2025-04-25,2021-10-01,2025-06-27,46,102,39,Mangat and Sons,Healthcare,Small,37,8,0
CUST3891,3199307.5700000003,246100.58230769233,13,2022-07-20,2025-06-10,2025-06-01,2025-07-17,2,56,19,Chauhan PLC,Manufacturing,Mid-Market,26,8,0
CUST3892,1127104.69,161014.9557142857,7,2022-04-24,2024-10-26,2022-09-24,2025-06-30,34,283,36,Sagar-Pillay,Manufacturing,Enterprise,1,8,0
CUST3893,809726.8200000001,115675.26000000001,7,2022-09-17,2025-06-28,2019-07-07,2024-09-03,74,38,336,"Varty, Kalita and Jha",Government,Mid-Market,11,7,0
CUST3894,1655067.58,206883.4475,8,2022-04-02,2024-07-13,2019-10-14,2025-06-30,70,388,36,Thaman PLC,Education,Small,1,8,0
CUST3895,1317942.8800000001,188277.55428571432,7,2022-06-03,2024-12-22,2022-01-05,2025-06-30,43,226,36,Viswanathan-Mander,Healthcare,Mid-Market,1,8,0
CUST3896,1782689.71,137129.9776923077,13,2022-07-13,2025-04-15,2023-06-03,2025-04-18,26,112,109,"Amble, Kota and Bhatnagar",Tech,Small,36,8,0
CUST3897,4158824.19,277254.946,15,2022-09-10,2025-06-07,2019-05-29,2025-06-30,75,59,36,"Ganguly, Deol and Ravi",Healthcare,Small,1,8,0
CUST3898,1604081.3599999999,200510.16999999998,8,2022-01-14,2025-05-28,2022-06-11,2025-06-30,38,69,36,"Balakrishnan, Kata and Kadakia",Healthcare,Mid-Market,1,8,0
CUST3899,993920.72,90356.42909090909,11,2022-01-26,2025-06-04,2024-07-31,2025-06-30,12,62,36,"Saxena, Reddy and Chad",Manufacturing,Small,1,8,0
CUST3900,2861436.64,260130.60363636364,11,2022-01-05,2025-07-24,2020-05-28,2025-06-30,63,12,36,Sagar Inc,Finance,Enterprise,1,8,0
CUST3901,881477.12,97941.90222222223,9,2022-05-18,2025-03-10,2021-01-16,2025-06-30,55,148,36,Purohit-Bhakta,Retail,Small,1,8,0
CUST3902,798734.21,66561.18416666666,12,2022-01-12,2025-03-24,2023-03-21,2024-06-22,28,134,409,"Aggarwal, Savant and Chauhan",Finance,Mid-Market,29,5,1
CUST3903,1670504.65,167050.465,10,2022-07-11,2025-07-21,2019-06-17,2025-06-30,74,15,36,Ahuja Ltd,Education,Mid-Market,1,8,0
CUST3904,2727131.4499999997,151507.30277777778,18,2022-01-24,2025-07-14,2019-11-15,2025-06-30,69,22,36,Uppal-Munshi,Manufacturing,Enterprise,1,8,0
CUST3905,2847344.27,258849.4790909091,11,2022-03-06,2025-06-29,2023-02-28,2024-05-15,29,37,447,Sant Group,Manufacturing,Enterprise,5,2,1
CUST3906,1746385.1,109149.06875,16,2022-03-07,2025-07-23,2019-12-31,2025-06-30,68,13,36,"Bhattacharyya, Ghosh and Lad",Retail,Mid-Market,1,8,0
CUST3907,1748950.7,218618.8375,8,2022-02-24,2025-03-17,2021-10-21,2025-06-30,46,141,36,"Bhatnagar, Chopra and Ghosh",Non-Profit,Small,1,8,0
CUST3908,486513.69,97302.738,5,2022-08-16,2025-05-12,2024-04-28,2025-06-30,15,85,36,"Chowdhury, Nath and Nagy",Non-Profit,Small,1,8,0
CUST3909,722966.13,103280.87571428572,7,2022-01-05,2025-05-28,2022-11-07,2025-06-30,33,69,36,Suresh Group,Retail,Enterprise,1,8,0
CUST3910,1309943.92,130994.39199999999,10,2022-08-03,2025-06-19,2022-09-21,2025-06-30,34,47,36,Dhar PLC,Finance,Small,1,8,0
CUST3911,1799395.65,138415.05,13,2022-05-25,2025-05-17,2021-06-26,2025-06-30,50,80,36,"Pai, Butala and Dhar",Healthcare,Small,1,8,0
CUST3912,2630895.6,263089.56,10,2022-03-22,2024-11-21,2021-05-14,2025-06-30,51,257,36,Kannan Group,Healthcare,Enterprise,1,8,0
CUST3913,2990633.76,186914.61,16,2022-02-12,2025-02-20,2023-07-13,2025-06-30,25,166,36,Mohan-Chakrabarti,Tech,Mid-Market,1,8,0
CUST3914,1637434.28,148857.66181818183,11,2022-07-22,2025-03-10,2023-04-16,2025-06-30,28,148,36,Anne-Grover,Manufacturing,Mid-Market,1,8,0
CUST3915,1136940.6,126326.73333333334,9,2022-06-03,2025-04-27,2019-03-05,2025-06-30,78,100,36,"Tank, Varkey and Chowdhury",Tech,Small,1,8,0
CUST3916,1540880.06,154088.006,10,2022-01-10,2025-06-27,2025-07-03,2025-06-30,1,39,36,Kalla PLC,Healthcare,Enterprise,1,8,0
CUST3917,1669264.65,139105.38749999998,12,2022-01-21,2025-03-30,2020-07-08,2025-03-18,61,128,140,"Shankar, Tailor and Garg",Healthcare,Mid-Market,11,9,0
CUST3918,953398.52,136199.78857142857,7,2023-07-11,2025-06-18,2021-10-28,2025-06-30,45,48,36,Nori Inc,Healthcare,Small,1,8,0
CUST3919,2754364.05,172147.753125,16,2022-07-22,2025-07-03,2022-01-27,2025-06-30,42,33,36,Krishna Group,Finance,Small,1,8,0
CUST3920,3045208.15,253767.34583333333,12,2022-04-24,2025-04-30,2019-08-03,2025-07-10,73,97,26,Sanghvi-Tailor,Finance,Small,8,6,0
CUST3921,1079222.16,179870.36,6,2022-07-11,2024-02-10,2024-06-11,2025-06-30,14,542,36,Bhatnagar Inc,Finance,Small,1,8,0
CUST3922,988678.5100000001,141239.78714285715,7,2022-01-30,2025-03-26,2020-07-15,2025-04-28,61,132,99,"Iyengar, Murthy and Dube",Education,Enterprise,20,6,0
CUST3923,1177933.29,98161.1075,12,2022-09-11,2025-04-07,2024-04-16,2025-06-30,15,120,36,Andra and Sons,Retail,Small,1,8,0
CUST3924,2136781.13,164367.77923076923,13,2022-01-08,2025-06-30,2025-05-25,2025-06-30,2,36,36,Mahal-Samra,Non-Profit,Enterprise,1,8,0
CUST3925,1805541.62,180554.162,10,2022-04-29,2025-03-01,2024-08-28,2024-10-18,11,157,291,"Divan, Mohan and Saha",Finance,Small,19,5,1
CUST3926,1442502.8,206071.82857142857,7,2022-04-10,2024-03-13,2024-10-19,2024-11-02,9,510,276,Savant-Bhardwaj,Education,Small,38,1,1
CUST3927,871340.69,58089.37933333333,15,2022-03-12,2025-04-02,2024-06-07,2024-08-05,14,125,365,Das and Sons,Healthcare,Small,41,3,1
CUST3928,762296.5700000001,95287.07125000001,8,2022-02-05,2025-04-08,2019-03-24,2025-06-30,77,119,36,Lall-Kota,Education,Enterprise,1,8,0
CUST3929,943061.03,94306.103,10,2022-10-04,2024-11-20,2021-06-18,2024-08-05,50,258,365,Brar-Rattan,Finance,Small,19,2,1
CUST3930,1511270.34,188908.7925,8,2022-08-12,2025-05-12,2022-01-17,2025-05-25,43,85,72,Raja Ltd,Non-Profit,Enterprise,2,7,0
CUST3931,1010689.1799999999,144384.16857142857,7,2022-09-08,2025-07-04,2024-01-09,2025-04-11,19,32,116,"Nazareth, Subramanian and Savant",Education,Small,5,5,0
CUST3932,1147374.26,163910.60857142857,7,2022-01-17,2025-01-26,2022-02-15,2025-06-30,42,191,36,Khanna-Datta,Healthcare,Enterprise,1,8,0
CUST3933,2584893.44,369270.4914285714,7,2022-01-28,2024-06-06,2020-09-23,2024-11-08,59,425,270,Chand-Sachdev,Tech,Mid-Market,43,5,0
CUST3934,1199768.48,133307.60888888888,9,2022-01-20,2025-07-22,2024-11-19,2024-12-31,8,14,217,Kamdar and Sons,Government,Small,15,7,0
CUST3935,1003802.8099999999,91254.8009090909,11,2022-04-02,2025-03-18,2019-09-23,2025-06-30,71,140,36,"Dara, Baral and Raval",Retail,Mid-Market,1,8,0
CUST3936,1520217.7,101347.84666666666,15,2022-09-09,2025-07-03,2020-10-21,2025-06-30,58,33,36,"Rattan, Nigam and Jhaveri",Tech,Mid-Market,1,8,0
CUST3937,2076045.02,296577.86,7,2022-01-12,2024-11-22,2020-05-10,2025-06-30,63,256,36,Rau and Sons,Non-Profit,Enterprise,1,8,0
CUST3938,1572070.61,112290.75785714286,14,2022-01-26,2025-06-13,2021-11-05,2025-06-30,45,53,36,Tara-Raman,Retail,Enterprise,1,8,0
CUST3939,994818.59,124352.32375,8,2022-02-19,2024-04-02,2023-02-22,2023-11-09,29,490,635,"Prashad, Nagarajan and Vig",Retail,Mid-Market,4,1,1
CUST3940,999577.3,90870.66363636364,11,2022-05-22,2025-06-09,2020-03-26,2025-06-30,65,57,36,Gulati LLC,Government,Enterprise,1,8,0
CUST3941,166302.39,27717.065000000002,6,2023-01-09,2025-04-14,2020-11-05,2025-06-30,57,113,36,Vyas LLC,Education,Mid-Market,1,8,0
CUST3942,692508.8999999999,115418.14999999998,6,2022-10-20,2025-06-27,2023-04-06,2025-02-07,28,39,179,"Gandhi, Dixit and Sane",Education,Mid-Market,25,3,0
CUST3943,3303664.08,330366.408,10,2022-02-26,2025-03-11,2020-06-25,2024-04-23,62,147,469,"Radhakrishnan, Patil and Gaba",Healthcare,Small,22,4,1
CUST3944,2351348.8600000003,470269.77200000006,5,2022-09-20,2024-08-06,2022-08-25,2024-03-23,35,364,500,"Zachariah, Murthy and Edwin",Manufacturing,Mid-Market,15,5,0
CUST3945,2213763.26,221376.32599999997,10,2022-08-23,2025-06-22,2019-12-14,2025-06-30,68,44,36,Chokshi Ltd,Non-Profit,Mid-Market,1,8,0
CUST3946,2703704.66,225308.72166666668,12,2022-01-14,2024-09-16,2019-01-26,2025-06-30,79,323,36,Ratti-Tandon,Government,Mid-Market,1,8,0
CUST3947,2161490.54,270186.3175,8,2022-02-18,2025-07-22,2020-04-28,2025-06-30,64,14,36,Chokshi Inc,Manufacturing,Mid-Market,1,8,0
CUST3948,910489.29,101165.47666666667,9,2022-08-25,2025-05-17,2019-09-18,2024-11-02,71,80,276,Bumb-Balan,Manufacturing,Enterprise,16,5,1
CUST3949,1362804.81,104831.13923076923,13,2022-11-13,2025-04-13,2019-10-31,2025-06-30,70,114,36,Mitra-Cherian,Non-Profit,Mid-Market,1,8,0
CUST3950,2562187.5300000003,232926.13909090913,11,2022-07-01,2025-03-09,2020-01-01,2025-06-30,68,149,36,Garg Inc,Manufacturing,Small,1,8,0
CUST3951,812044.6699999999,162408.93399999998,5,2022-01-29,2025-04-23,2022-01-21,2025-06-30,43,104,36,"Ravi, Mall and Mittal",Tech,Mid-Market,1,8,0
CUST3952,2806120.33,311791.1477777778,9,2022-01-27,2025-06-17,2021-06-02,2025-06-30,50,49,36,Shukla-Walia,Tech,Enterprise,1,8,0
CUST3953,2272288.19,133664.01117647058,17,2022-03-31,2025-07-21,2021-05-07,2025-06-30,51,15,36,"Rao, Dyal and Soni",Tech,Mid-Market,1,8,0
CUST3954,2496015.14,192001.16461538462,13,2022-01-01,2025-06-29,2025-07-01,2025-07-18,1,37,18,Bumb and Sons,Tech,Enterprise,2,10,0
CUST3955,1033064.78,103306.478,10,2022-03-03,2025-01-16,2020-11-10,2025-06-30,57,201,36,Barad Ltd,Education,Small,1,8,0
CUST3956,2885146.65,262286.0590909091,11,2022-09-25,2025-03-16,2024-10-23,2025-07-09,9,142,27,Dubey-Chandra,Government,Enterprise,14,7,0
CUST3957,761477.7999999999,126912.96666666666,6,2022-02-22,2024-05-13,2020-03-20,2025-02-26,65,449,160,"Dutt, Gulati and Nadig",Tech,Small,1,8,0
CUST3958,1246764.0699999998,155845.50874999998,8,2022-11-17,2025-06-05,2023-09-18,2025-06-30,22,61,36,More-Korpal,Education,Small,1,8,0
CUST3959,1854832.37,142679.41307692308,13,2022-05-09,2025-06-20,2022-05-21,2023-12-04,39,46,610,Wable-Chauhan,Government,Enterprise,47,4,0
CUST3960,1232311.07,77019.441875,16,2022-03-15,2025-04-28,2021-07-24,2025-06-30,49,99,36,Babu LLC,Manufacturing,Mid-Market,1,8,0
CUST3961,1391620.98,173952.6225,8,2022-04-14,2025-03-13,2022-10-29,2025-06-30,33,145,36,Rajagopal LLC,Non-Profit,Mid-Market,1,8,0
CUST3962,3114929.5300000003,239609.96384615387,13,2022-01-23,2025-07-20,2020-06-02,2025-05-17,63,16,80,Pant Ltd,Retail,Mid-Market,2,10,0
CUST3963,2528570.91,194505.45461538463,13,2022-02-02,2025-01-14,2022-12-04,2025-06-30,32,203,36,"Nagarajan, Ghose and Kunda",Tech,Mid-Market,1,8,0
CUST3964,3342411.63,257108.58692307692,13,2022-05-20,2025-07-03,2021-12-03,2023-11-08,44,33,636,Bali-Malhotra,Retail,Enterprise,29,1,1
CUST3965,1433001.3699999999,159222.37444444443,9,2022-05-23,2025-05-23,2020-03-07,2025-06-30,65,74,36,Wagle-Chaudhary,Tech,Small,1,8,0
CUST3966,1953671.7,162805.975,12,2022-04-12,2024-11-28,2022-08-21,2024-10-07,36,250,302,"Wadhwa, Krishnamurthy and Choudhary",Education,Mid-Market,32,4,1
CUST3967,1708404.88,122028.92,14,2022-01-21,2025-06-17,2021-09-09,2024-11-10,47,49,268,"Jha, Ramesh and Karan",Tech,Enterprise,44,5,1
CUST3968,675381.1,75042.34444444445,9,2022-04-30,2024-12-06,2021-04-12,2025-06-30,52,242,36,"Chatterjee, Pau and Sachdev",Government,Mid-Market,1,8,0
CUST3969,1249072.98,178438.99714285714,7,2023-10-11,2025-04-24,2022-11-29,2025-06-30,32,103,36,Choudhury Ltd,Manufacturing,Enterprise,1,8,0
CUST3970,1193611.54,85257.96714285715,14,2022-01-15,2025-01-25,2021-07-16,2025-01-25,49,192,192,Bhakta-Kamdar,Education,Small,15,1,0
CUST3971,3153440.55,350382.2833333333,9,2022-07-20,2025-01-10,2022-07-06,2024-05-30,37,207,432,"Kara, Rajan and Mander",Manufacturing,Small,47,1,1
CUST3972,2265450.41,174265.41615384616,13,2022-01-18,2025-03-27,2024-04-14,2025-06-30,15,131,36,Kapur-Hans,Healthcare,Small,1,8,0
CUST3973,1051504.76,105150.476,10,2022-01-02,2024-01-26,2021-07-23,2025-06-30,49,557,36,Rastogi and Sons,Government,Small,1,8,0
CUST3974,2525679.2,157854.95,16,2022-02-04,2025-06-07,2021-09-28,2025-06-30,46,59,36,Grewal-Viswanathan,Finance,Mid-Market,1,8,0
CUST3975,733205.8300000001,81467.31444444445,9,2022-02-23,2024-09-17,2020-07-26,2024-10-13,61,322,296,Subramanian and Sons,Education,Enterprise,18,4,1
CUST3976,630664.1599999999,126132.83199999998,5,2022-03-12,2025-01-16,2023-03-18,2025-05-08,29,201,89,Shetty and Sons,Healthcare,Enterprise,4,8,0
CUST3977,1559743.49,222820.49857142856,7,2022-09-12,2025-06-04,2019-11-22,2024-01-01,69,62,582,"Garg, Sama and Sachar",Retail,Small,23,1,1
CUST3978,1082186.8599999999,120242.98444444443,9,2022-01-08,2025-02-10,2020-11-14,2023-08-22,57,176,714,Desai Inc,Non-Profit,Enterprise,36,4,1
CUST3979,321185.63,45883.66142857143,7,2022-08-31,2025-07-14,2023-03-30,2025-06-30,28,22,36,"Butala, Karan and Pal",Non-Profit,Enterprise,1,8,0
CUST3980,749770.05,249923.35,3,2022-05-21,2023-07-12,2024-12-22,2025-06-18,7,755,48,Sarkar and Sons,Healthcare,Small,26,6,0
CUST3981,2102509.5700000003,191137.23363636367,11,2022-04-27,2025-07-22,2019-02-28,2023-09-11,78,14,694,Mishra-Baria,Finance,Enterprise,48,3,1
CUST3982,187786.80999999997,20865.201111111106,9,2022-01-31,2025-06-28,2024-04-08,2024-12-15,16,38,233,Rajan LLC,Manufacturing,Mid-Market,39,3,1
CUST3983,2567316.99,197485.92230769232,13,2022-02-01,2025-06-05,2019-09-03,2025-06-30,72,61,36,"Bala, Memon and Loke",Government,Small,1,8,0
CUST3984,1950504.04,150038.7723076923,13,2022-03-16,2025-05-13,2019-01-05,2025-06-30,80,84,36,Vala-Trivedi,Tech,Mid-Market,1,8,0
CUST3985,1895091.78,157924.315,12,2022-06-12,2025-06-03,2021-04-08,2025-06-30,52,63,36,"Gokhale, Apte and Dua",Manufacturing,Enterprise,1,8,0
CUST3986,1516835.7000000002,303367.14,5,2023-11-16,2025-04-21,2021-10-27,2023-10-25,45,106,650,Divan-Shah,Education,Mid-Market,48,4,1
CUST3987,4342402.2299999995,271400.13937499997,16,2022-01-12,2025-07-24,2024-11-07,2025-01-31,9,12,186,Korpal-Mody,Education,Enterprise,23,7,0
CUST3988,3495205.96,233013.73066666667,15,2022-05-10,2025-02-04,2025-05-17,2025-05-22,2,182,75,Basak-Mann,Non-Profit,Mid-Market,17,10,0
CUST3989,843521.4299999999,76683.76636363636,11,2022-01-06,2025-05-14,2021-06-18,2025-06-30,50,83,36,Savant Inc,Retail,Mid-Market,1,8,0
CUST3990,599775.74,99962.62333333334,6,2022-03-06,2025-04-15,2022-04-06,2025-06-30,40,112,36,Chaudry-Parsa,Non-Profit,Mid-Market,1,8,0
CUST3991,2991581.43,213684.38785714286,14,2022-01-02,2025-03-28,2019-11-29,2024-09-13,69,130,326,"Wali, Setty and Patil",Manufacturing,Enterprise,31,2,1
CUST3992,2660073.43,241824.8572727273,11,2022-06-24,2025-07-15,2023-09-03,2025-06-30,23,21,36,Lad and Sons,Finance,Small,1,8,0
CUST3993,1856434.61,123762.30733333335,15,2022-01-04,2025-01-08,2025-06-17,2025-07-11,1,209,25,Khanna-Arya,Retail,Enterprise,7,7,0
CUST3994,2333512.6500000004,388918.7750000001,6,2022-02-22,2024-11-23,2021-03-01,2025-06-30,53,255,36,Dora Group,Retail,Small,1,8,0
CUST3995,999447.19,166574.53166666665,6,2022-04-26,2024-10-05,2021-09-22,2025-07-19,47,304,17,"Dyal, Kala and Ghose",Tech,Small,14,1,0
CUST3996,2340944.94,292618.1175,8,2022-01-03,2025-03-08,2022-07-09,2025-03-02,37,150,156,Bhargava PLC,Retail,Small,28,9,0
CUST3997,1116518.1400000001,139564.76750000002,8,2022-07-28,2025-07-11,2019-03-07,2024-02-24,78,25,528,Jha-Kaur,Retail,Small,23,5,1
CUST3998,2245043.5,140315.21875,16,2022-01-24,2025-07-14,2024-05-01,2025-06-30,15,22,36,"Narayanan, Tak and Suri",Retail,Enterprise,1,8,0
CUST3999,1326141.45,120558.31363636363,11,2023-06-18,2025-04-06,2021-06-06,2025-06-30,50,121,36,Gala and Sons,Tech,Enterprise,1,8,0
CUST4000,1253334.16,139259.35111111111,9,2022-10-13,2025-02-11,2019-02-06,2024-10-22,79,175,287,"Oza, Sehgal and Anand",Finance,Enterprise,21,4,1
CUST4001,3209329.41,229237.815,14,2022-04-22,2025-07-16,2021-08-28,2025-07-15,47,20,21,"Gandhi, Varkey and Dhillon",Retail,Small,16,10,0
CUST4002,1058144.27,176357.37833333333,6,2023-09-07,2025-02-14,2020-12-30,2025-07-06,55,172,30,"Sodhi, Vig and Chaudhry",Manufacturing,Small,24,6,0
CUST4003,2745878.19,196134.1564285714,14,2022-02-18,2025-07-04,2021-04-14,2024-07-25,52,32,376,Aurora LLC,Finance,Mid-Market,11,5,1
CUST4004,3726345.75,232896.609375,16,2022-01-28,2025-05-26,2022-05-13,2025-06-30,39,71,36,"Babu, Ganesan and Sehgal",Government,Enterprise,1,8,0
CUST4005,790974.71,98871.83875,8,2022-06-28,2025-01-09,2022-07-02,2025-06-30,37,208,36,"Kulkarni, Wali and Shukla",Manufacturing,Mid-Market,1,8,0
CUST4006,1206248.63,134027.62555555554,9,2022-10-19,2025-06-10,2022-04-05,2025-06-30,40,56,36,Dixit Ltd,Healthcare,Mid-Market,1,8,0
CUST4007,2963023.98,185188.99875,16,2022-02-09,2025-07-21,2023-12-09,2025-02-04,20,15,182,"Nayak, Mukherjee and Bhardwaj",Education,Mid-Market,47,6,0
CUST4008,3566675.44,254762.5314285714,14,2022-03-30,2025-04-21,2020-04-09,2024-03-06,64,106,517,Zachariah Inc,Retail,Enterprise,25,6,0
CUST4009,1726307.75,191811.97222222222,9,2022-09-03,2025-04-27,2019-07-01,2025-06-30,74,100,36,Korpal PLC,Education,Mid-Market,1,8,0
CUST4010,1299878.97,118170.81545454545,11,2022-01-27,2024-11-25,2024-07-01,2025-06-30,13,253,36,Pingle Inc,Manufacturing,Enterprise,1,8,0
CUST4011,2686832.46,298536.94,9,2022-02-27,2025-03-25,2022-01-19,2023-07-27,43,133,740,Arora-Tripathi,Retail,Mid-Market,24,5,0
CUST4012,1974313.03,197431.303,10,2022-07-24,2025-04-21,2022-05-06,2025-06-30,39,106,36,Kapadia-Ramanathan,Finance,Small,1,8,0
CUST4013,1612491.5,107499.43333333333,15,2022-02-09,2024-11-13,2020-11-29,2025-03-31,57,265,127,Bansal-Bhardwaj,Retail,Small,31,6,0
CUST4014,690252.45,230084.15,3,2024-07-26,2024-11-07,2020-09-16,2025-06-30,59,271,36,Bawa-Pathak,Non-Profit,Enterprise,1,8,0
CUST4015,757205.26,68836.84181818181,11,2022-08-12,2025-03-06,2019-01-15,2024-03-05,79,152,518,"Puri, Jani and Sheth",Tech,Mid-Market,3,2,1
CUST4016,1241194.72,248238.944,5,2022-06-25,2024-03-11,2019-03-14,2025-06-30,77,512,36,Chhabra Ltd,Non-Profit,Small,1,8,0
CUST4017,3627617.3200000003,362761.732,10,2022-03-11,2025-01-11,2021-11-29,2025-06-30,44,206,36,"Purohit, Walia and Kanda",Non-Profit,Mid-Market,1,8,0
CUST4018,920454.72,115056.84,8,2022-08-05,2025-04-22,2025-07-07,2025-06-30,0,105,36,Pal-Gera,Manufacturing,Small,1,8,0
CUST4019,465768.76,116442.19,4,2022-09-23,2024-10-01,2022-07-25,2025-02-27,36,308,159,Mohan-Mohanty,Retail,Small,14,6,0
CUST4020,1053753.6600000001,131719.20750000002,8,2022-01-16,2025-07-20,2025-04-23,2025-04-23,3,16,104,"Taneja, Karpe and Trivedi",Finance,Mid-Market,13,9,0
CUST4021,2237471.65,279683.95625,8,2022-04-08,2025-02-23,2023-04-20,2025-01-11,27,163,206,Mukhopadhyay-Wali,Government,Mid-Market,4,7,0
CUST4022,1222652.05,135850.2277777778,9,2022-06-17,2024-12-31,2022-07-26,2025-06-30,36,217,36,Dugar Inc,Government,Enterprise,1,8,0
CUST4023,232100.09999999998,58025.024999999994,4,2022-03-18,2024-03-19,2022-04-25,2025-06-30,39,504,36,Naik Inc,Retail,Small,1,8,0
CUST4024,645107.1699999999,107517.86166666665,6,2022-07-24,2025-06-08,2019-10-10,2023-07-29,70,58,738,"Luthra, Mani and Pillai",Retail,Small,4,7,0
CUST4025,2075531.54,188684.68545454546,11,2022-07-11,2025-04-26,2023-01-24,2025-06-30,30,101,36,Barad Ltd,Manufacturing,Enterprise,1,8,0
CUST4026,1283157.45,91654.10357142857,14,2022-01-21,2025-04-03,2019-05-24,2025-06-30,75,124,36,Kakar-Khalsa,Education,Mid-Market,14,9,0
CUST4027,2113667.48,176138.95666666667,12,2022-01-26,2025-04-16,2023-09-27,2025-06-30,22,111,36,Rajagopalan-Taneja,Retail,Mid-Market,1,8,0
CUST4028,916389.76,152731.62666666668,6,2022-02-24,2024-05-18,2021-10-02,2025-06-30,46,444,36,Barman-Gera,Healthcare,Mid-Market,1,8,0
CUST4029,446617.95,55827.24375,8,2022-01-01,2025-04-21,2019-05-07,2025-06-30,76,106,36,"Oommen, Khatri and Babu",Healthcare,Mid-Market,1,8,0
CUST4030,678042.97,135608.59399999998,5,2023-02-05,2025-06-01,2025-07-09,2025-06-30,0,65,36,"Lall, Balay and Bobal",Finance,Small,1,8,0
CUST4031,2807461.82,147761.1484210526,19,2022-04-08,2025-07-13,2025-06-05,2025-06-08,2,23,58,"Srinivasan, Tripathi and Deshpande",Healthcare,Enterprise,50,6,0
CUST4032,2244997.52,204090.68363636362,11,2022-01-10,2025-06-03,2022-02-24,2024-06-19,41,63,412,"Narasimhan, Yadav and Balay",Finance,Enterprise,24,3,1
CUST4033,2221368.0700000003,201942.55181818185,11,2022-05-17,2025-04-25,2022-08-09,2025-06-30,36,102,36,Sami-Hayre,Finance,Mid-Market,1,8,0
CUST4034,838470.55,83847.05500000001,10,2022-07-21,2025-06-12,2019-01-28,2025-06-30,79,54,36,Jaggi-Ravi,Tech,Enterprise,1,8,0
CUST4035,2967480.0700000003,329720.0077777778,9,2022-09-29,2024-10-18,2020-06-10,2025-06-30,62,291,36,"Sura, Mohan and Morar",Healthcare,Enterprise,1,8,0
CUST4036,1114870.6400000001,85759.28000000001,13,2022-01-24,2025-05-21,2022-11-29,2025-06-30,32,76,36,Kohli-Sarin,Government,Small,1,8,0
CUST4037,2702304.32,300256.03555555554,9,2022-04-07,2025-06-10,2021-08-25,2025-06-30,48,56,36,Dayal-Manne,Finance,Small,1,8,0
CUST4038,1098149.02,137268.6275,8,2022-01-12,2024-12-29,2021-05-25,2024-11-05,51,219,273,Mukhopadhyay-Dani,Healthcare,Mid-Market,25,5,1
CUST4039,1049773.86,209954.77200000003,5,2022-12-29,2025-05-27,2025-05-24,2025-06-04,2,70,62,Pal Ltd,Healthcare,Enterprise,41,10,0
CUST4040,2327877.7199999997,258653.07999999996,9,2022-01-01,2025-07-06,2024-06-15,2025-06-30,13,30,36,"Kale, Sachdeva and Chad",Healthcare,Mid-Market,1,8,0
CUST4041,1423752.41,94916.82733333333,15,2022-06-27,2025-06-27,2023-11-07,2025-06-30,21,39,36,Sandhu LLC,Tech,Small,1,8,0
CUST4042,1040529.04,80040.69538461539,13,2022-08-29,2025-06-30,2023-03-05,2023-09-08,29,36,697,Pillai Ltd,Education,Enterprise,46,1,1
CUST4043,1695566.46,154142.40545454546,11,2022-04-09,2025-07-08,2021-01-01,2025-06-30,55,28,36,Contractor Ltd,Retail,Mid-Market,1,8,0
CUST4044,1033347.69,79488.28384615385,13,2022-02-13,2025-06-07,2021-06-12,2025-06-30,50,59,36,Kibe-Ganguly,Tech,Mid-Market,1,8,0
CUST4045,1695635.81,169563.581,10,2022-01-15,2025-07-02,2024-11-22,2025-05-24,8,34,73,Tailor-Nagar,Education,Small,11,7,0
CUST4046,2173032.05,135814.503125,16,2022-07-10,2025-07-12,2020-03-27,2024-02-28,65,24,524,Mani Inc,Healthcare,Enterprise,20,1,1
CUST4047,2433517.6999999997,173822.69285714283,14,2022-04-06,2025-01-30,2022-11-26,2025-03-26,32,187,132,Gandhi Inc,Finance,Small,12,10,0
CUST4048,1004411.0599999999,111601.22888888889,9,2022-01-30,2025-06-07,2019-04-09,2025-06-30,77,59,36,Suri PLC,Manufacturing,Mid-Market,1,8,0
CUST4049,1670324.73,238617.81857142856,7,2022-02-23,2024-10-19,2021-11-09,2024-11-09,45,290,269,Bhalla and Sons,Non-Profit,Enterprise,0,5,0
CUST4050,2178609.39,217860.939,10,2022-08-28,2025-06-07,2021-04-18,2023-08-14,52,59,722,Badami-Goel,Non-Profit,Small,4,9,0
CUST4051,1538995.79,128249.64916666667,12,2022-06-11,2025-06-29,2020-03-14,2025-06-30,65,37,36,Goda-Sha,Tech,Mid-Market,1,8,0
CUST4052,1047140.78,116348.97555555556,9,2022-06-08,2024-12-24,2020-04-16,2024-09-14,64,224,325,Din Ltd,Education,Enterprise,39,5,1
CUST4053,2949818.71,294981.871,10,2022-02-23,2025-01-21,2024-08-04,2025-06-30,12,196,36,Dora Inc,Government,Small,1,8,0
CUST4054,2165576.07,154684.00499999998,14,2022-08-02,2025-05-14,2022-05-27,2025-06-30,38,83,36,"Chaudhry, Varughese and Toor",Government,Small,1,8,0
CUST4055,1397079.51,232846.585,6,2022-03-07,2025-05-20,2024-07-19,2025-06-30,12,77,36,Atwal and Sons,Healthcare,Mid-Market,1,8,0
CUST4056,537818.13,53781.813,10,2022-03-08,2024-08-23,2024-03-12,2024-08-09,17,347,361,"Chadha, D’Alia and Nagar",Tech,Mid-Market,6,1,1
CUST4057,1872970.6199999999,187297.06199999998,10,2022-07-16,2025-07-01,2021-02-24,2025-06-30,54,35,36,"Chhabra, Dugar and Sane",Tech,Enterprise,1,8,0
CUST4058,1178215.8,117821.58,10,2022-09-09,2025-06-16,2021-05-30,2024-11-08,50,50,270,Hari Ltd,Non-Profit,Enterprise,20,2,1
CUST4059,897592.62,112199.0775,8,2022-02-07,2025-03-13,2020-10-13,2024-06-28,58,145,403,Barman Ltd,Healthcare,Enterprise,30,4,1
CUST4060,2207539.19,245282.13222222222,9,2022-01-17,2025-04-23,2022-08-23,2025-06-30,35,104,36,Seshadri-Pall,Manufacturing,Enterprise,1,8,0
CUST4061,1199234.24,149904.28,8,2022-02-05,2025-06-23,2025-04-27,2025-06-13,3,43,53,Virk-Garde,Tech,Mid-Market,30,5,0
CUST4062,1065210.28,177535.04666666666,6,2023-01-06,2025-07-09,2019-04-04,2025-06-30,77,27,36,Bhatia PLC,Tech,Mid-Market,1,8,0
CUST4063,2157904.99,215790.499,10,2022-02-11,2025-05-01,2019-03-28,2025-06-30,77,96,36,"Ranganathan, Tripathi and Zachariah",Tech,Enterprise,1,8,0
CUST4064,3172848.58,198303.03625,16,2022-02-09,2025-06-20,2020-09-26,2025-06-30,59,46,36,Rai-Srinivasan,Tech,Small,1,8,0
CUST4065,2019259.8,183569.07272727272,11,2022-05-15,2025-03-27,2019-11-27,2025-06-30,69,131,36,"Devan, Handa and Balasubramanian",Non-Profit,Small,1,8,0
CUST4066,1682130.02,112142.00133333333,15,2022-03-02,2025-07-23,2019-09-03,2024-07-02,72,13,399,Varty-Deshmukh,Healthcare,Mid-Market,44,1,0
CUST4067,2857679.31,259789.0281818182,11,2022-01-14,2025-04-22,2020-03-17,2024-01-10,65,105,573,Wagle Ltd,Manufacturing,Enterprise,30,3,1
CUST4068,480590.05,120147.5125,4,2023-06-03,2024-04-16,2021-04-03,2025-04-21,52,476,106,Bajaj-Oak,Non-Profit,Enterprise,19,5,0
CUST4069,263966.95,37709.56428571429,7,2022-01-11,2025-02-03,2020-02-14,2025-06-30,66,183,36,"Cheema, Rastogi and Sridhar",Healthcare,Small,1,8,0
CUST4070,1584321.76,121870.90461538461,13,2022-02-27,2025-01-21,2024-10-01,2025-06-30,10,196,36,Ganesh-Dar,Government,Small,1,8,0
CUST4071,1407995.31,117332.9425,12,2022-01-23,2025-04-16,2021-06-15,2025-06-30,50,111,36,"Tailor, Hans and Kaur",Healthcare,Enterprise,1,8,0
CUST4072,1131336.8599999999,188556.1433333333,6,2022-03-06,2024-12-20,2023-02-19,2024-12-18,29,228,230,Mody-Dugal,Finance,Mid-Market,7,8,0
CUST4073,598772.38,99795.39666666667,6,2022-02-17,2025-05-15,2024-08-25,2025-02-09,11,82,177,Dutta Group,Finance,Enterprise,43,7,0
CUST4074,881827.91,110228.48875,8,2022-02-28,2025-03-16,2022-11-06,2025-06-30,33,142,36,"Sen, Nadkarni and Dhingra",Retail,Enterprise,1,8,0
CUST4075,1768392.1,160762.91818181818,11,2022-05-09,2024-06-22,2019-12-23,2025-06-30,68,409,36,"Sethi, Devi and Behl",Government,Mid-Market,1,8,0
CUST4076,2407732.85,343961.8357142857,7,2022-04-26,2025-05-03,2022-10-03,2025-06-12,34,94,54,Ramaswamy Ltd,Non-Profit,Mid-Market,4,8,0
CUST4077,457206.33999999997,114301.58499999999,4,2024-01-03,2024-08-28,2021-04-14,2024-11-30,52,342,248,"Desai, Chakraborty and Brahmbhatt",Education,Mid-Market,18,5,0
CUST4078,949246.13,189849.226,5,2022-07-21,2024-08-04,2020-08-02,2025-04-07,60,366,120,"Dasgupta, Mohanty and Krishnamurthy",Government,Mid-Market,47,8,0
CUST4079,1616465.63,107764.37533333333,15,2022-01-02,2025-06-28,2025-03-26,2025-06-30,4,38,36,Khatri-Jha,Tech,Mid-Market,1,8,0
CUST4080,1999811.71,153831.66999999998,13,2022-02-25,2025-07-03,2023-09-28,2025-06-30,22,33,36,"Munshi, Tripathi and Jain",Retail,Small,1,8,0
CUST4081,751032.1499999999,187758.03749999998,4,2024-05-19,2025-01-25,2023-02-21,2025-06-30,29,192,36,Baral-Basak,Finance,Small,1,8,0
CUST4082,1892021.04,145540.08000000002,13,2022-07-28,2025-07-01,2025-01-24,2024-09-14,6,35,325,Chauhan-Ranganathan,Healthcare,Small,31,5,1
CUST4083,1925769.01,213974.33444444445,9,2022-01-09,2025-04-07,2022-09-02,2025-06-30,35,120,36,Peri-Barman,Non-Profit,Small,1,8,0
CUST4084,2076155.0,159704.23076923078,13,2022-02-07,2025-05-17,2022-05-07,2025-06-30,39,80,36,Dube-Nagar,Non-Profit,Mid-Market,1,8,0
CUST4085,2878495.16,221422.70461538463,13,2022-03-26,2025-07-21,2024-07-05,2024-07-08,13,15,393,"Sankaran, Patla and Shankar",Finance,Enterprise,15,1,0
CUST4086,1928281.26,175298.29636363636,11,2022-04-21,2025-03-07,2020-02-12,2025-06-30,66,151,36,Chaudhry Ltd,Finance,Small,1,8,0
CUST4087,2044616.8599999999,227179.6511111111,9,2022-10-29,2025-06-02,2022-06-10,2023-10-16,38,64,659,Chanda PLC,Education,Enterprise,8,3,1
CUST4088,1491687.3499999999,114745.18076923076,13,2022-03-06,2025-07-13,2023-05-11,2024-08-27,27,23,343,Sachdeva LLC,Healthcare,Enterprise,8,4,0
CUST4089,3029492.04,275408.36727272725,11,2022-04-09,2025-05-20,2025-04-20,2025-06-30,3,77,36,"Sridhar, Mody and Hora",Healthcare,Small,1,8,0
CUST4090,1521161.95,126763.49583333333,12,2022-03-12,2025-03-31,2019-04-07,2023-10-20,77,127,655,Subramanian-Narang,Tech,Enterprise,38,5,0
CUST4091,2035810.5299999998,203581.05299999999,10,2022-04-23,2025-06-25,2023-07-29,2025-06-30,24,41,36,Patil and Sons,Manufacturing,Small,1,8,0
CUST4092,2278720.16,175286.16615384616,13,2022-02-15,2025-05-20,2022-07-09,2025-06-30,37,77,36,"Sunder, Nigam and Ray",Tech,Small,1,8,0
CUST4093,1785085.57,137314.2746153846,13,2022-04-29,2025-02-12,2023-05-26,2024-11-07,26,174,271,Thakur LLC,Tech,Enterprise,19,9,0
CUST4094,3580241.64,198902.31333333335,18,2022-02-27,2025-07-05,2020-08-12,2025-06-30,60,31,36,Badal-Mall,Non-Profit,Mid-Market,1,8,0
CUST4095,1209405.85,120940.585,10,2022-05-15,2025-05-01,2025-06-22,2025-06-29,1,96,37,Upadhyay-Ram,Non-Profit,Small,38,6,0
CUST4096,523604.15,174534.71666666667,3,2024-07-29,2025-03-13,2023-04-09,2025-06-30,28,145,36,Kumer and Sons,Manufacturing,Small,1,8,0
CUST4097,1668927.0,128379.0,13,2022-03-11,2025-07-24,2019-07-11,2025-06-26,73,12,40,Sura-Kannan,Government,Enterprise,1,6,0
CUST4098,1047226.5199999999,174537.75333333333,6,2022-04-30,2024-09-19,2022-03-14,2025-06-30,41,320,36,"Rege, Purohit and Dar",Manufacturing,Small,1,8,0
CUST4099,1156240.76,231248.152,5,2022-01-23,2024-04-04,2024-09-21,2025-06-04,10,488,62,Rege-Palan,Retail,Mid-Market,7,5,0
CUST4100,1067609.08,118623.23111111112,9,2022-06-26,2025-06-25,2023-10-09,2025-06-30,22,41,36,"Agate, Toor and Gera",Finance,Mid-Market,1,8,0
CUST4101,1155412.26,88877.86615384616,13,2022-04-21,2025-05-21,2021-09-08,2025-06-30,47,76,36,"Prashad, Korpal and Varty",Government,Mid-Market,1,8,0
CUST4102,528875.26,52887.526,10,2022-08-19,2024-12-12,2024-09-15,2025-01-09,10,236,208,Dar LLC,Healthcare,Enterprise,11,2,1
CUST4103,2071933.56,188357.59636363637,11,2022-07-30,2025-07-20,2023-12-06,2025-06-30,20,16,36,Sandal-Doshi,Tech,Mid-Market,1,8,0
CUST4104,2159893.98,179991.165,12,2022-02-05,2025-06-21,2022-03-23,2024-03-16,41,45,507,Chandra Group,Healthcare,Small,38,5,1
CUST4105,3230289.96,269190.83,12,2023-03-09,2025-03-18,2024-02-25,2024-12-06,17,140,242,"Suri, Sathe and Tara",Tech,Mid-Market,12,3,0
CUST4106,1461762.08,121813.50666666667,12,2022-01-03,2025-05-25,2024-06-29,2025-06-30,13,72,36,"Thaman, Badami and Bhasin",Non-Profit,Small,1,8,0
CUST4107,1109913.02,184985.50333333333,6,2022-05-10,2025-02-18,2022-07-01,2025-06-30,37,168,36,"Venkataraman, Kale and Ravel",Finance,Small,1,8,0
CUST4108,2331368.83,259040.98111111112,9,2022-02-23,2025-06-07,2024-12-25,2025-06-30,7,59,36,Tripathi and Sons,Tech,Mid-Market,1,8,0
CUST4109,1404135.1400000001,175516.89250000002,8,2022-05-24,2025-07-05,2019-09-12,2024-12-16,71,31,232,Chopra PLC,Non-Profit,Small,50,1,1
CUST4110,833530.28,104191.285,8,2022-02-06,2025-05-20,2020-08-24,2025-06-30,60,77,36,"Bhagat, Kothari and Khatri",Government,Small,1,8,0
CUST4111,1367527.5,227921.25,6,2022-07-15,2025-04-29,2024-10-18,2025-06-30,9,98,36,Mishra Inc,Non-Profit,Enterprise,1,8,0
CUST4112,1457527.0899999999,242921.18166666664,6,2023-03-27,2025-02-26,2021-04-02,2024-11-03,52,160,275,Mistry-Shenoy,Government,Small,44,1,1
CUST4113,993018.96,110335.44,9,2022-03-06,2025-07-22,2020-07-16,2024-03-08,61,14,515,Chowdhury-Chopra,Retail,Mid-Market,40,5,1
CUST4114,2046911.8599999999,255863.98249999998,8,2022-02-20,2025-07-02,2019-05-10,2025-06-30,75,34,36,"Borde, Deshpande and Ganguly",Tech,Small,1,8,0
CUST4115,246454.38,49290.876000000004,5,2022-04-21,2024-09-05,2023-12-01,2025-06-30,20,334,36,Char-Verma,Healthcare,Enterprise,1,8,0
CUST4116,949378.56,118672.32,8,2022-02-10,2024-08-05,2022-09-14,2025-06-30,35,365,36,Bora Group,Education,Mid-Market,1,8,0
CUST4117,383592.58999999997,76718.518,5,2022-04-07,2025-02-24,2024-09-04,2024-10-25,11,162,284,Gopal-Mall,Retail,Mid-Market,1,1,1
CUST4118,3031565.83,189472.864375,16,2022-06-06,2025-05-30,2023-01-22,2025-06-30,30,67,36,Iyengar LLC,Tech,Enterprise,1,8,0
CUST4119,975141.3,75010.86923076924,13,2022-01-03,2025-01-17,2025-03-25,2025-05-20,4,200,77,"Singh, Kari and Dani",Non-Profit,Mid-Market,44,5,0
CUST4120,1704080.52,189342.28,9,2022-01-04,2025-02-21,2024-04-06,2025-07-09,16,165,27,Ghose-Samra,Government,Enterprise,17,1,0
CUST4121,773115.99,110445.14142857143,7,2022-08-19,2024-01-07,2019-03-14,2025-05-18,77,576,79,"Bhagat, Deshpande and Sengupta",Finance,Enterprise,1,6,0
CUST4122,488661.05,97732.20999999999,5,2022-01-14,2025-02-24,2020-07-14,2025-06-30,61,162,36,Salvi Ltd,Healthcare,Enterprise,1,8,0
CUST4123,859943.6,214985.9,4,2023-02-07,2024-11-17,2019-11-12,2025-06-30,69,261,36,"Bhavsar, Parmar and Krishna",Finance,Mid-Market,1,8,0
CUST4124,1212695.6,121269.56000000001,10,2022-01-31,2025-02-10,2021-04-15,2025-06-30,52,176,36,Balan-Raman,Finance,Mid-Market,1,8,0
CUST4125,585534.63,97589.105,6,2022-06-25,2024-08-17,2021-04-20,2025-06-30,52,353,36,"Setty, Ghosh and Kala",Tech,Enterprise,1,8,0
CUST4126,961830.4500000001,106870.05,9,2022-04-03,2024-11-13,2019-09-15,2025-06-30,71,265,36,Rana Group,Non-Profit,Mid-Market,1,8,0
CUST4127,770217.82,85579.75777777778,9,2022-09-16,2025-04-01,2020-12-14,2025-04-07,56,126,120,"Sama, Bali and Karan",Tech,Small,38,8,0
CUST4128,1374529.48,105733.03692307693,13,2022-01-05,2025-05-20,2021-06-01,2025-06-30,50,77,36,Agate-Wagle,Tech,Mid-Market,1,8,0
CUST4129,2425221.5300000003,220474.68454545457,11,2022-02-14,2025-07-15,2020-01-29,2025-06-30,67,21,36,Kumer LLC,Education,Mid-Market,1,8,0
CUST4130,1333318.77,148146.53,9,2022-01-14,2024-09-14,2021-01-19,2025-06-30,55,325,36,Ahuja-Bhattacharyya,Government,Mid-Market,1,8,0
CUST4131,225412.37000000002,32201.767142857145,7,2022-03-17,2025-07-11,2023-07-23,2025-06-30,24,25,36,Kohli PLC,Non-Profit,Enterprise,1,8,0
CUST4132,2860521.5300000003,260047.41181818183,11,2022-06-12,2025-05-10,2025-03-16,2025-06-30,4,87,36,"Ghosh, Rout and Ramakrishnan",Manufacturing,Small,1,8,0
CUST4133,1153390.45,115339.045,10,2022-01-23,2025-07-20,2020-02-15,2025-06-30,66,16,36,Deshpande LLC,Government,Enterprise,1,8,0
CUST4134,2966322.19,211880.1564285714,14,2022-03-14,2025-01-14,2025-03-10,2025-06-30,4,203,36,Dhar Inc,Education,Small,1,8,0
CUST4135,1035064.41,129383.05125,8,2023-03-28,2025-05-19,2023-04-11,2024-06-29,28,78,402,"Pandya, Garg and Chandran",Tech,Enterprise,12,1,1
CUST4136,1194514.12,199085.68666666668,6,2022-08-27,2024-07-15,2019-03-04,2025-06-30,78,386,36,"Dara, Jayaraman and Dhaliwal",Non-Profit,Mid-Market,1,8,0
CUST4137,1203219.1099999999,171888.44428571427,7,2022-09-30,2025-07-21,2023-10-02,2025-01-30,22,15,187,Sarkar-Nanda,Non-Profit,Enterprise,16,9,0
CUST4138,2266384.0100000002,188865.3341666667,12,2022-02-17,2025-07-11,2019-06-21,2024-07-29,74,25,372,"Tank, Taneja and De",Non-Profit,Mid-Market,43,6,0
CUST4139,860886.21,95654.02333333333,9,2022-10-29,2025-01-04,2019-04-18,2025-01-29,76,213,188,Lad-Sathe,Retail,Mid-Market,0,5,0
CUST4140,1047197.58,261799.395,4,2022-11-25,2024-11-01,2020-08-06,2025-06-30,60,277,36,Wagle Group,Government,Small,1,8,0
CUST4141,1804259.54,257751.36285714287,7,2022-09-12,2025-04-01,2023-12-28,2025-06-30,19,126,36,"Ben, Pant and Mall",Education,Small,1,8,0
CUST4142,1603803.7,160380.37,10,2022-01-15,2025-05-26,2021-07-17,2023-10-29,49,71,646,"Pai, Varghese and Gara",Manufacturing,Enterprise,11,7,0
CUST4143,1922222.87,192222.287,10,2022-02-13,2025-06-10,2022-01-25,2024-09-25,42,56,314,"Tara, Chad and Malhotra",Healthcare,Small,49,3,1
CUST4144,1263997.55,126399.755,10,2022-09-13,2025-07-24,2021-04-24,2025-06-30,52,12,36,Nazareth Ltd,Tech,Mid-Market,1,8,0
CUST4145,2715289.09,301698.78777777776,9,2022-03-04,2025-04-28,2021-09-14,2024-07-05,47,99,396,Tara LLC,Education,Mid-Market,32,1,1
CUST4146,813584.05,271194.68333333335,3,2022-01-28,2024-03-16,2021-09-06,2025-06-30,47,507,36,"Sridhar, Padmanabhan and Krish",Education,Small,1,8,0
CUST4147,2145973.19,178831.09916666665,12,2022-03-04,2025-04-07,2020-08-11,2025-06-30,60,120,36,Varkey Inc,Government,Small,1,8,0
CUST4148,3483506.1900000004,290292.18250000005,12,2022-04-30,2025-05-23,2022-02-01,2025-06-30,42,74,36,Luthra Ltd,Government,Mid-Market,1,8,0
CUST4149,2852470.95,285247.09500000003,10,2022-04-11,2025-02-20,2023-11-11,2025-07-16,21,166,20,Chandran-Brar,Education,Small,34,7,0
CUST4150,1572525.0799999998,174725.00888888887,9,2022-02-18,2025-06-11,2022-05-05,2024-04-10,39,55,482,Desai-Sawhney,Finance,Enterprise,40,5,1
CUST4151,2414128.24,219466.20363636364,11,2022-04-22,2024-11-30,2023-08-05,2025-06-30,24,248,36,Narula-Pall,Healthcare,Mid-Market,1,8,0
CUST4152,987468.69,123433.58625,8,2023-08-14,2025-05-22,2024-11-19,2025-06-30,8,75,36,Varghese-Loke,Healthcare,Enterprise,1,8,0
CUST4153,997934.72,110881.63555555555,9,2022-01-30,2025-02-06,2023-05-03,2025-03-20,27,180,138,Din LLC,Non-Profit,Mid-Market,12,5,0
CUST4154,1817748.24,129839.16,14,2022-05-09,2025-06-01,2024-03-13,2024-10-23,17,65,286,"Majumdar, Sheth and Raju",Education,Small,19,4,1
CUST4155,1588179.87,158817.98700000002,10,2022-02-01,2025-05-26,2021-07-03,2025-03-26,49,71,132,Buch and Sons,Retail,Enterprise,9,10,0
CUST4156,3657891.75,281376.28846153844,13,2022-02-23,2025-01-13,2021-01-10,2025-06-30,55,204,36,Sharaf LLC,Healthcare,Small,1,8,0
CUST4157,2161110.25,240123.36111111112,9,2022-02-05,2025-06-17,2020-05-12,2024-04-09,63,49,483,Hegde-Luthra,Government,Small,7,5,1
CUST4158,1431441.03,204491.57571428572,7,2022-04-22,2025-02-08,2020-01-04,2024-11-07,68,178,271,"Sarma, Deep and Bahl",Education,Enterprise,7,5,0
CUST4159,1819369.82,202152.20222222223,9,2022-03-28,2025-06-27,2023-04-20,2025-02-15,27,39,171,Madan-Bassi,Education,Mid-Market,26,7,0
CUST4160,1122244.02,140280.5025,8,2022-01-28,2025-04-26,2022-05-15,2025-05-06,39,101,91,Minhas LLC,Education,Small,1,7,0
CUST4161,1523128.6400000001,138466.24000000002,11,2022-02-16,2025-07-11,2019-03-21,2025-06-30,77,25,36,Kala Ltd,Finance,Enterprise,1,8,0
CUST4162,1539139.97,109938.56928571429,14,2022-02-17,2024-09-13,2024-10-30,2025-02-03,9,326,183,"Prabhu, Vora and Ramaswamy",Government,Enterprise,13,5,0
CUST4163,1245700.3299999998,124570.03299999998,10,2022-06-23,2025-05-09,2021-02-22,2025-06-30,54,88,36,Bhalla PLC,Finance,Small,1,8,0
CUST4164,877528.88,125361.26857142858,7,2022-10-16,2025-02-06,2022-03-27,2024-01-14,40,180,569,Pall PLC,Manufacturing,Mid-Market,22,9,0
CUST4165,117593.58,58796.79,2,2022-05-28,2023-11-06,2023-11-10,2025-05-06,21,638,91,Parsa-Ramakrishnan,Healthcare,Enterprise,1,10,0
CUST4166,1395879.52,155097.72444444444,9,2022-02-02,2025-07-06,2023-09-01,2025-06-30,23,30,36,"Khatri, Bhagat and Tata",Healthcare,Mid-Market,25,9,0
CUST4167,1500821.3599999999,150082.136,10,2022-03-14,2025-07-09,2019-09-08,2025-06-30,71,27,36,"Mital, Chandra and Cherian",Tech,Enterprise,1,8,0
CUST4168,295929.33999999997,42275.619999999995,7,2022-01-13,2025-07-16,2020-11-23,2025-06-30,57,20,36,Raj PLC,Non-Profit,Small,1,8,0
CUST4169,1242126.34,177446.62000000002,7,2022-01-19,2024-01-20,2025-02-21,2025-05-19,5,563,78,Reddy-Batta,Retail,Mid-Market,14,1,0
CUST4170,1836448.39,131174.88499999998,14,2022-01-03,2025-05-21,2022-04-25,2025-06-30,39,76,36,Parekh and Sons,Non-Profit,Mid-Market,1,8,0
CUST4171,906879.7,75573.30833333333,12,2022-07-09,2025-04-12,2024-12-20,2025-04-14,7,115,113,"Zachariah, Mammen and Maharaj",Finance,Enterprise,12,9,0
CUST4172,1331975.88,95141.13428571427,14,2022-05-04,2025-04-03,2022-04-05,2025-06-30,40,124,36,"Deol, Swaminathan and Peri",Education,Small,1,8,0
CUST4173,1506416.2799999998,215202.3257142857,7,2022-04-01,2025-03-02,2022-09-23,2024-08-10,34,156,360,Kuruvilla-Keer,Finance,Mid-Market,38,2,0
CUST4174,984851.24,123106.405,8,2022-08-11,2024-11-22,2021-09-05,2025-06-30,47,256,36,Rama-Mann,Non-Profit,Mid-Market,1,8,0
CUST4175,1169261.59,167037.37000000002,7,2022-02-03,2024-04-19,2020-03-16,2025-06-30,65,473,36,Sem-Soni,Tech,Small,1,8,0
CUST4176,1109138.12,138642.265,8,2022-02-23,2025-06-18,2023-01-21,2025-06-30,30,48,36,Kurian and Sons,Manufacturing,Mid-Market,1,8,0
CUST4177,1589986.96,176665.21777777778,9,2022-07-09,2024-12-06,2022-02-19,2025-04-22,42,242,105,Murty Group,Government,Enterprise,10,8,0
CUST4178,1949425.7,129961.71333333333,15,2022-03-11,2025-04-18,2021-02-07,2025-04-04,54,109,123,Dalal-Rajan,Finance,Enterprise,27,7,0
CUST4179,1638432.5699999998,182048.06333333332,9,2022-01-01,2024-06-13,2022-08-01,2024-05-29,36,418,433,Bhardwaj-Khalsa,Finance,Mid-Market,32,4,1
CUST4180,1769492.44,160862.9490909091,11,2022-04-17,2025-06-15,2021-10-16,2025-06-30,46,51,36,Naidu-Gaba,Tech,Mid-Market,1,8,0
CUST4181,2623762.62,238523.87454545454,11,2022-05-19,2025-06-12,2024-12-01,2025-06-30,8,54,36,"Madan, Radhakrishnan and Chada",Non-Profit,Enterprise,1,8,0
CUST4182,897397.76,128199.68000000001,7,2022-03-30,2024-08-10,2021-11-29,2025-06-30,44,360,36,Sachdeva Group,Finance,Enterprise,1,8,0
CUST4183,1150121.97,143765.24625,8,2022-04-21,2025-01-29,2019-03-25,2025-06-30,77,188,36,"Dixit, Gola and Sahota",Tech,Mid-Market,1,8,0
CUST4184,532466.2999999999,59162.922222222216,9,2022-01-09,2025-07-20,2020-11-02,2025-06-30,57,16,36,"Bajaj, Varughese and Dixit",Government,Mid-Market,1,8,0
CUST4185,647637.98,107939.66333333333,6,2022-01-12,2024-06-03,2019-05-29,2025-06-30,75,428,36,Choudhury-Borde,Government,Enterprise,1,8,0
CUST4186,1938987.6400000001,138499.11714285714,14,2022-02-24,2025-03-31,2024-07-13,2024-11-16,12,127,262,"Prasad, Palla and Natt",Retail,Enterprise,7,4,1
CUST4187,1936634.2,276662.02857142856,7,2022-07-06,2025-05-09,2021-11-26,2025-06-30,44,88,36,"Sule, D’Alia and Wali",Retail,Mid-Market,1,8,0
CUST4188,2326392.42,155092.828,15,2022-06-29,2025-07-13,2025-06-06,2025-07-21,2,23,15,Bahri-Gola,Finance,Enterprise,10,6,0
CUST4189,1586869.26,176318.80666666667,9,2022-06-20,2024-04-15,2021-04-19,2025-06-30,52,477,36,Bandi Inc,Healthcare,Mid-Market,1,8,0
CUST4190,2517901.85,228900.16818181818,11,2022-04-21,2025-06-20,2024-12-18,2024-10-28,7,46,281,Rajagopalan-Zacharia,Healthcare,Mid-Market,9,4,1
CUST4191,2679078.69,243552.60818181818,11,2022-07-07,2024-04-03,2025-02-19,2025-06-20,5,489,46,"Viswanathan, Handa and Tank",Non-Profit,Small,9,5,0
CUST4192,634981.14,158745.285,4,2022-07-20,2024-12-07,2023-10-22,2025-06-30,21,241,36,Nazareth-Om,Manufacturing,Enterprise,1,8,0
CUST4193,841811.02,52613.18875,16,2022-02-03,2025-06-29,2023-09-28,2024-03-26,22,37,497,Gera PLC,Finance,Small,31,1,0
CUST4194,2526833.9,194371.83846153846,13,2022-06-17,2024-10-02,2024-10-14,2025-06-30,9,307,36,Sabharwal PLC,Non-Profit,Small,1,8,0
CUST4195,648184.36,92597.7657142857,7,2022-01-21,2024-11-02,2024-10-27,2025-06-28,9,276,38,Mann Ltd,Non-Profit,Small,19,10,0
CUST4196,1103962.03,122662.44777777778,9,2022-03-25,2025-03-20,2021-11-13,2025-06-30,45,138,36,Buch Ltd,Non-Profit,Mid-Market,1,8,0
CUST4197,1077678.26,153954.03714285715,7,2022-01-30,2024-07-20,2019-02-21,2025-06-30,78,381,36,Tata LLC,Non-Profit,Enterprise,1,8,0
CUST4198,2265774.05,283221.75625,8,2022-02-12,2025-06-30,2023-07-02,2025-06-30,25,36,36,Pau Inc,Finance,Mid-Market,1,8,0
CUST4199,1668704.85,119193.20357142857,14,2022-01-05,2025-02-25,2019-02-26,2023-11-27,78,161,617,Mangat Group,Retail,Mid-Market,39,2,1
CUST4200,1044127.9700000001,104412.797,10,2022-01-23,2025-03-20,2019-01-24,2025-06-30,79,138,36,"Sethi, Majumdar and Goel",Manufacturing,Enterprise,1,8,0
CUST4201,1098191.04,122021.22666666667,9,2022-01-22,2025-07-09,2020-09-02,2025-06-30,59,27,36,Luthra Group,Retail,Enterprise,1,8,0
CUST4202,787011.22,157402.244,5,2022-03-25,2025-07-04,2023-10-04,2025-06-30,22,32,36,Gour Inc,Retail,Enterprise,1,8,0
CUST4203,1774087.45,118272.49666666666,15,2022-01-20,2025-05-02,2023-10-31,2025-03-09,21,95,149,Shah-Deshpande,Finance,Small,10,9,0
CUST4204,1681041.65,186782.40555555554,9,2022-02-21,2025-07-21,2023-07-18,2025-04-03,24,15,124,Gade Group,Manufacturing,Mid-Market,16,5,0
CUST4205,993155.52,165525.92,6,2022-03-27,2024-09-22,2021-06-29,2025-06-30,49,317,36,"Bhavsar, Ray and Reddy",Tech,Enterprise,1,8,0
CUST4206,842950.1799999999,93661.1311111111,9,2022-06-13,2025-01-02,2025-04-26,2024-12-24,3,215,224,Wagle-Pingle,Government,Small,17,3,1
CUST4207,1707667.04,121976.21714285715,14,2022-06-22,2025-02-13,2023-06-21,2024-02-06,25,173,546,Balakrishnan LLC,Retail,Small,33,10,0
CUST4208,2428363.03,269818.1144444444,9,2022-04-03,2025-02-02,2025-06-07,2025-06-30,1,184,36,Dani-Arora,Finance,Small,1,8,0
CUST4209,2197565.72,313937.96,7,2022-10-04,2025-04-26,2024-06-29,2025-06-30,13,101,36,Sani-Rana,Healthcare,Small,1,8,0
CUST4210,1480055.19,134550.4718181818,11,2022-11-02,2024-09-21,2022-12-19,2025-06-30,32,318,36,Purohit Group,Healthcare,Enterprise,1,8,0
CUST4211,1123544.8399999999,112354.48399999998,10,2022-04-24,2025-06-09,2022-06-18,2025-06-30,38,57,36,Uppal LLC,Finance,Enterprise,1,8,0
CUST4212,815213.23,163042.646,5,2022-07-11,2024-04-20,2023-02-22,2025-06-30,29,472,36,Biswas Ltd,Manufacturing,Mid-Market,1,8,0
CUST4213,1425763.53,118813.6275,12,2022-01-18,2025-06-30,2023-08-30,2025-06-30,23,36,36,Mani PLC,Non-Profit,Mid-Market,1,8,0
CUST4214,1768729.92,176872.992,10,2022-11-28,2024-12-29,2022-06-28,2025-02-13,37,219,173,"Bath, Sinha and Dhawan",Non-Profit,Mid-Market,8,7,0
CUST4215,1294589.35,215764.8916666667,6,2022-05-09,2025-07-04,2022-01-05,2025-06-30,43,32,36,Chada-Dhillon,Government,Enterprise,1,8,0
CUST4216,2242702.81,249189.20111111112,9,2022-04-08,2025-07-22,2025-06-13,2025-07-13,1,14,23,Magar PLC,Tech,Small,6,4,0
CUST4217,1302731.04,118430.09454545454,11,2022-02-03,2025-06-26,2021-02-12,2025-06-30,54,40,36,Purohit-Lata,Manufacturing,Enterprise,1,8,0
CUST4218,2951729.9499999997,184483.12187499998,16,2022-02-02,2025-04-23,2019-10-17,2024-04-28,70,104,464,Kaur-Parikh,Manufacturing,Small,15,3,1
CUST4219,1690276.37,140856.36416666667,12,2022-04-19,2025-05-06,2023-06-30,2025-06-30,25,91,36,Randhawa-Korpal,Manufacturing,Enterprise,1,8,0
CUST4220,1390667.1400000001,173833.39250000002,8,2022-06-23,2024-12-25,2019-04-16,2025-06-30,76,223,36,Deshmukh Inc,Education,Small,1,8,0
CUST4221,2521240.41,193941.57,13,2022-02-28,2025-03-21,2020-04-26,2025-06-30,64,137,36,"Lad, Modi and Palan",Education,Small,1,8,0
CUST4222,1132313.48,113231.348,10,2023-01-11,2025-06-28,2021-12-07,2025-06-30,44,38,36,Doshi Ltd,Government,Enterprise,1,8,0
CUST4223,2554680.17,196513.85923076922,13,2022-04-19,2025-07-22,2023-09-03,2025-06-30,23,14,36,Khatri-Sood,Manufacturing,Enterprise,1,8,0
CUST4224,2379824.92,198318.74333333332,12,2022-04-25,2025-06-19,2022-01-13,2024-11-19,43,47,259,"Sha, Mital and Yogi",Non-Profit,Small,38,5,1
CUST4225,1336548.79,121504.43545454546,11,2022-07-24,2025-03-22,2023-06-27,2025-06-30,25,136,36,Char and Sons,Finance,Enterprise,1,8,0
CUST4226,2035584.74,169632.06166666668,12,2022-09-03,2025-06-01,2023-03-05,2024-08-29,29,65,341,"Pradhan, Nanda and Dora",Retail,Small,32,2,1
CUST4227,956314.73,86937.70272727273,11,2022-06-09,2025-06-28,2023-01-31,2025-06-30,30,38,36,"Kunda, Pall and Vora",Manufacturing,Small,1,8,0
CUST4228,3917743.3,206197.01578947366,19,2022-03-05,2025-07-23,2024-04-21,2025-06-30,15,13,36,"Rout, Thakkar and Raja",Manufacturing,Mid-Market,1,8,0
CUST4229,2842663.56,315851.50666666665,9,2022-03-09,2025-07-18,2025-03-14,2025-05-29,4,18,68,Gulati-Chaudhuri,Finance,Enterprise,45,8,0
CUST4230,1264258.65,210709.775,6,2023-04-16,2025-04-27,2019-04-11,2025-06-30,76,100,36,"Tak, Butala and Gola",Manufacturing,Enterprise,1,8,0
CUST4231,1058487.51,151212.50142857144,7,2022-05-23,2025-03-23,2023-12-13,2025-07-06,20,135,30,Sur-Sani,Tech,Mid-Market,2,9,0
CUST4232,404995.42,80999.084,5,2022-01-02,2025-01-03,2021-12-19,2025-02-08,44,214,178,Garde-Rajan,Retail,Mid-Market,8,5,0
CUST4233,2186819.6,182234.96666666667,12,2022-06-05,2025-05-11,2023-03-10,2025-06-30,29,86,36,"Basu, Chhabra and Kanda",Education,Small,1,8,0
CUST4234,1506902.78,167433.64222222223,9,2022-07-08,2024-10-31,2024-09-13,2025-06-30,10,278,36,Murty PLC,Government,Small,1,8,0
CUST4235,3401222.91,226748.19400000002,15,2022-03-12,2025-01-12,2019-01-06,2025-06-30,80,205,36,Dhingra Ltd,Tech,Small,1,8,0
CUST4236,597202.77,199067.59,3,2022-08-01,2024-08-17,2020-11-26,2025-06-30,57,353,36,Doshi-Rama,Government,Enterprise,1,8,0
CUST4237,890488.75,89048.875,10,2022-02-03,2025-07-09,2024-09-29,2025-06-30,10,27,36,Gera LLC,Tech,Enterprise,1,8,0
CUST4238,1737577.58,144798.13166666668,12,2022-01-29,2025-05-30,2021-01-01,2025-06-30,55,67,36,Pal LLC,Retail,Enterprise,1,8,0
CUST4239,1766755.45,176675.54499999998,10,2022-05-03,2025-06-25,2020-10-15,2024-05-30,58,41,432,Gokhale-Konda,Tech,Enterprise,43,5,1
CUST4240,898284.46,128326.35142857142,7,2022-01-20,2025-01-07,2021-12-14,2025-03-28,44,210,130,Doctor and Sons,Education,Mid-Market,28,10,0
CUST4241,960591.4199999999,96059.14199999999,10,2022-03-29,2025-07-24,2024-05-08,2025-03-12,15,12,146,Mane and Sons,Manufacturing,Small,33,8,0
CUST4242,1953746.28,279106.61142857146,7,2022-10-22,2025-05-29,2022-06-10,2025-06-30,38,68,36,"Pandya, Lal and Khalsa",Government,Enterprise,1,8,0
CUST4243,2401346.2,171524.7285714286,14,2022-01-19,2025-06-18,2020-12-12,2025-06-30,56,48,36,Kala-Sama,Education,Mid-Market,1,8,0
CUST4244,1819057.44,151588.12,12,2022-01-08,2025-04-30,2025-06-03,2025-06-30,2,97,36,Kibe-Bose,Education,Small,1,8,0
CUST4245,1764277.29,441069.3225,4,2022-03-05,2024-08-26,2021-11-12,2025-06-30,45,344,36,"Khosla, Bajaj and Soman",Government,Enterprise,1,8,0
CUST4246,997344.77,99734.477,10,2022-01-04,2025-05-29,2023-03-03,2024-10-10,29,68,299,"Kalla, Keer and Shenoy",Manufacturing,Mid-Market,0,2,1
CUST4247,265614.28,53122.85600000001,5,2022-03-26,2024-12-21,2023-09-28,2025-06-30,22,227,36,"Khalsa, Narasimhan and Sharma",Government,Small,1,8,0
CUST4248,1837618.41,141355.2623076923,13,2022-02-12,2025-05-02,2020-05-21,2025-06-30,63,95,36,Goswami-Hayre,Retail,Mid-Market,1,8,0
CUST4249,1816400.86,201822.3177777778,9,2022-07-28,2025-05-11,2019-01-10,2025-06-30,79,86,36,Ramaswamy-Bains,Retail,Small,1,8,0
CUST4250,1559203.21,222743.3157142857,7,2022-01-11,2024-07-29,2020-04-03,2024-09-30,65,372,309,"Gera, Babu and Chaudry",Retail,Small,48,10,0
CUST4251,1639187.42,136598.95166666666,12,2022-07-01,2025-07-04,2024-08-31,2025-06-30,11,32,36,"Lata, Das and Mukhopadhyay",Healthcare,Enterprise,1,8,0
CUST4252,779485.64,64957.136666666665,12,2022-03-31,2025-05-08,2024-04-02,2024-12-27,16,89,221,Gaba-Suresh,Education,Small,23,8,0
CUST4253,3134044.3400000003,223860.31000000003,14,2022-01-23,2025-03-09,2021-06-09,2024-03-04,50,149,519,Prasad-Tank,Finance,Small,29,5,1
CUST4254,2813770.23,216443.86384615384,13,2022-01-11,2025-05-28,2019-11-11,2024-05-28,69,69,434,Vala LLC,Education,Mid-Market,29,4,1
CUST4255,1755788.5299999998,292631.42166666663,6,2022-10-28,2025-03-12,2025-07-03,2025-06-30,1,146,36,Mammen-Sandhu,Healthcare,Mid-Market,1,8,0
CUST4256,437054.02999999997,62436.28999999999,7,2022-02-27,2025-04-07,2021-02-09,2024-12-21,54,120,227,"Dhar, Srivastava and Sekhon",Healthcare,Enterprise,31,10,0
CUST4257,3103156.71,221654.05071428572,14,2022-02-15,2025-02-07,2023-10-05,2025-06-30,22,179,36,Dugal-Dube,Manufacturing,Small,1,8,0
CUST4258,1542968.28,171440.92,9,2022-06-21,2024-07-16,2024-03-26,2025-06-30,16,385,36,Kashyap and Sons,Government,Enterprise,1,8,0
CUST4259,2761769.9,212443.83846153846,13,2022-03-17,2025-01-11,2022-07-08,2025-06-30,37,206,36,"Krishna, Kala and Narang",Non-Profit,Enterprise,1,8,0
CUST4260,664267.94,166066.985,4,2022-06-24,2024-09-08,2020-11-14,2025-06-30,57,331,36,"Gola, Tella and Sidhu",Healthcare,Enterprise,1,8,0
CUST4261,1016091.4199999999,203218.28399999999,5,2022-01-12,2025-06-20,2019-01-11,2024-08-14,79,46,356,Krishnamurthy-Arora,Education,Mid-Market,16,5,1
CUST4262,1291553.12,161444.14,8,2022-07-10,2025-03-28,2019-05-03,2025-06-30,76,130,36,Rattan-Bhargava,Tech,Mid-Market,1,8,0
CUST4263,2644625.89,155566.2288235294,17,2022-02-09,2025-07-05,2025-05-11,2025-07-08,2,31,28,Banik-Bandi,Government,Enterprise,3,7,0
CUST4264,4332785.37,270799.085625,16,2022-02-10,2025-05-16,2022-04-02,2025-06-30,40,81,36,"Bassi, Varghese and Venkataraman",Tech,Mid-Market,1,8,0
CUST4265,2181713.86,198337.62363636363,11,2022-03-11,2025-03-07,2020-09-07,2025-03-17,59,151,141,"Dube, Balakrishnan and Setty",Tech,Small,4,7,0
CUST4266,3501633.74,269356.44153846154,13,2022-03-30,2025-07-02,2021-11-15,2025-06-30,45,34,36,Bains-Luthra,Manufacturing,Small,1,8,0
CUST4267,2844251.45,218788.5730769231,13,2022-01-23,2025-07-16,2019-07-19,2025-06-30,73,20,36,"Shere, Joshi and Mitter",Healthcare,Enterprise,1,8,0
CUST4268,2468567.08,205713.92333333334,12,2022-02-24,2025-04-26,2024-10-16,2025-06-30,9,101,36,Saini-Mann,Non-Profit,Enterprise,1,8,0
CUST4269,1113884.33,556942.165,2,2022-05-20,2023-09-28,2023-11-18,2025-06-30,20,677,36,Bal PLC,Manufacturing,Enterprise,1,8,0
CUST4270,748057.86,74805.786,10,2022-03-07,2024-12-22,2021-03-03,2025-06-30,53,226,36,Khurana PLC,Tech,Small,1,8,0
CUST4271,1684806.8399999999,187200.75999999998,9,2022-10-30,2025-04-17,2020-05-20,2025-06-30,63,110,36,Pai-Chhabra,Education,Mid-Market,1,8,0
CUST4272,976980.3300000001,139568.61857142858,7,2022-09-20,2025-04-04,2023-12-11,2025-06-30,20,123,36,Dada Ltd,Finance,Small,1,8,0
CUST4273,1427822.43,118985.2025,12,2022-01-25,2025-06-02,2020-03-08,2025-06-30,65,64,36,"Ganesh, Pillay and Keer",Retail,Enterprise,1,8,0
CUST4274,1996426.58,166368.88166666668,12,2022-01-08,2024-05-22,2020-07-20,2025-03-27,61,440,131,Balakrishnan-Pal,Government,Mid-Market,2,4,0
CUST4275,2080631.17,208063.117,10,2022-09-03,2025-01-04,2019-12-06,2025-06-30,68,213,36,"Thakkar, Wali and Kanda",Manufacturing,Mid-Market,1,8,0
CUST4276,396444.76,79288.952,5,2022-06-07,2025-07-19,2019-08-22,2025-06-30,72,17,36,"Kannan, Venkataraman and Verma",Retail,Mid-Market,1,8,0
CUST4277,2521516.56,140084.25333333333,18,2022-01-06,2025-03-19,2022-06-23,2025-06-30,37,139,36,"Banik, Sachdev and Gandhi",Tech,Small,1,8,0
CUST4278,1129909.95,112990.995,10,2022-06-17,2024-11-29,2021-01-04,2023-09-23,55,249,682,Swaminathan LLC,Retail,Small,8,5,0
CUST4279,1219620.8399999999,152452.60499999998,8,2022-02-19,2025-05-20,2021-02-19,2025-06-30,54,77,36,Manda Group,Retail,Small,1,8,0
CUST4280,1775856.0,126846.85714285714,14,2022-01-12,2024-08-23,2024-05-10,2025-05-24,15,347,73,Chad Inc,Government,Enterprise,3,5,0
CUST4281,3831461.71,273675.83642857143,14,2022-03-02,2024-08-11,2022-10-04,2025-06-30,34,359,36,"Bains, Dhingra and Basak",Retail,Enterprise,1,8,0
CUST4282,339355.66000000003,37706.18444444445,9,2022-03-02,2025-06-18,2020-05-04,2025-06-30,63,48,36,"Khanna, Chacko and Gaba",Tech,Mid-Market,1,8,0
CUST4283,1497272.19,115174.78384615385,13,2022-02-11,2025-06-12,2019-06-04,2025-06-30,75,54,36,Bhavsar-Mohan,Healthcare,Small,1,8,0
CUST4284,2090014.42,209001.44199999998,10,2022-09-13,2025-01-09,2022-08-21,2024-08-22,36,208,348,"Goda, Sibal and Bhavsar",Education,Enterprise,4,10,0
CUST4285,1536967.79,192120.97375,8,2022-02-09,2023-06-13,2021-03-06,2023-11-10,53,784,634,"Pal, Virk and Raja",Education,Mid-Market,0,5,1
CUST4286,2418098.5,161206.56666666668,15,2022-02-09,2025-05-07,2023-11-01,2023-11-08,21,90,636,"Bala, Kumer and Hari",Tech,Small,33,7,0
CUST4287,1366652.63,170831.57875,8,2022-01-21,2024-04-07,2022-03-13,2025-06-30,41,485,36,Sood PLC,Retail,Enterprise,1,8,0
CUST4288,1153703.0,115370.3,10,2022-01-17,2025-03-01,2020-02-17,2025-06-30,66,157,36,Gala PLC,Manufacturing,Small,1,8,0
CUST4289,765534.7000000001,153106.94,5,2022-03-03,2024-10-18,2024-10-28,2025-06-30,9,291,36,"Kala, Badami and Bhat",Finance,Mid-Market,1,8,0
CUST4290,2990358.9899999998,230027.6146153846,13,2022-06-27,2025-04-22,2020-03-30,2025-06-30,65,105,36,Om Group,Non-Profit,Small,1,8,0
CUST4291,1134189.86,189031.64333333334,6,2022-11-25,2025-04-12,2019-04-24,2025-06-30,76,115,36,Ben Inc,Retail,Small,1,8,0
CUST4292,382023.47000000003,47752.933750000004,8,2022-08-18,2024-02-11,2021-12-13,2025-06-30,44,541,36,Sandal Group,Tech,Enterprise,1,8,0
CUST4293,1363580.91,136358.091,10,2022-08-13,2024-09-02,2022-07-26,2025-06-30,36,337,36,Gola-Ganesh,Government,Enterprise,1,8,0
CUST4294,967118.8500000001,161186.475,6,2022-02-12,2025-06-18,2025-03-13,2025-06-30,4,48,36,"Raval, Basu and Bandi",Retail,Mid-Market,1,8,0
CUST4295,191362.19,38272.438,5,2023-02-27,2025-07-24,2023-10-19,2025-01-27,21,12,190,"Sankar, Chakrabarti and Palla",Manufacturing,Enterprise,32,1,0
CUST4296,2165917.94,240657.54888888888,9,2022-02-04,2025-04-24,2023-12-03,2025-06-30,20,103,36,"Sheth, Deol and Balay",Retail,Enterprise,1,8,0
CUST4297,869682.26,96631.36222222222,9,2022-02-13,2025-04-15,2019-08-29,2025-06-30,72,112,36,Nagi Inc,Healthcare,Mid-Market,1,8,0
CUST4298,2671048.33,267104.833,10,2022-02-16,2025-05-18,2019-02-06,2025-06-30,79,79,36,Lanka Group,Finance,Enterprise,1,8,0
CUST4299,963453.91,96345.391,10,2022-03-10,2024-05-27,2022-09-20,2025-06-30,35,435,36,Bobal-Balay,Healthcare,Mid-Market,1,8,0
CUST4300,2060353.35,206035.33500000002,10,2022-08-18,2025-06-22,2024-12-26,2025-06-30,7,44,36,"Bhatt, Ranganathan and Mohanty",Healthcare,Mid-Market,1,8,0
CUST4301,2633538.4,292615.3777777778,9,2022-08-21,2025-06-25,2024-07-27,2025-07-10,12,41,26,"Anne, Padmanabhan and Bakshi",Healthcare,Small,41,5,0
CUST4302,2765539.7,162678.80588235296,17,2022-03-13,2025-07-16,2024-02-11,2024-06-10,18,20,421,Date and Sons,Tech,Mid-Market,0,8,0
CUST4303,1198915.11,119891.51100000001,10,2022-01-11,2025-04-18,2024-02-23,2025-06-30,17,109,36,Magar Inc,Government,Enterprise,1,8,0
CUST4304,1135396.6600000001,189232.7766666667,6,2022-05-31,2025-03-30,2021-03-13,2024-01-24,53,128,559,Johal-Prabhakar,Retail,Enterprise,12,5,1
CUST4305,1321741.09,120158.28090909091,11,2022-01-14,2025-04-03,2022-11-25,2025-06-30,32,124,36,Panchal-Bajwa,Tech,Small,1,8,0
CUST4306,768961.74,76896.174,10,2022-05-07,2025-07-08,2022-08-09,2025-06-30,36,28,36,Jha Inc,Tech,Mid-Market,1,8,0
CUST4307,1930732.3,214525.8111111111,9,2022-01-17,2025-02-19,2021-05-21,2025-06-30,51,167,36,Contractor PLC,Finance,Mid-Market,1,8,0
CUST4308,3651289.74,280868.44153846154,13,2022-04-13,2025-07-20,2019-08-27,2025-06-30,72,16,36,"Murty, Swaminathan and Din",Non-Profit,Mid-Market,1,8,0
CUST4309,172920.08000000002,43230.020000000004,4,2022-07-03,2025-03-12,2024-10-27,2025-01-18,9,146,199,"Chadha, Din and Iyengar",Non-Profit,Mid-Market,19,1,1
CUST4310,721211.96,103030.28,7,2022-01-27,2024-10-28,2020-08-22,2023-12-31,60,281,583,Sibal and Sons,Government,Mid-Market,13,7,0
CUST4311,693490.27,63044.57,11,2022-03-27,2024-08-01,2020-08-24,2025-06-30,60,369,36,"Ramesh, Din and Dey",Non-Profit,Mid-Market,1,8,0
CUST4312,1376752.57,137675.257,10,2022-03-18,2025-06-03,2022-05-30,2025-07-08,38,63,28,"Madan, Raj and Deshmukh",Finance,Mid-Market,15,2,0
CUST4313,2195554.2,313650.60000000003,7,2022-10-18,2024-11-06,2020-04-14,2025-06-30,64,272,36,Palla PLC,Education,Small,1,8,0
CUST4314,1402329.96,140232.99599999998,10,2022-11-27,2025-05-16,2022-03-27,2024-11-06,40,81,272,"Thakkar, Nanda and Mall",Finance,Enterprise,41,4,1
CUST4315,1430793.5899999999,238465.5983333333,6,2023-11-10,2025-07-20,2024-09-17,2025-06-30,10,16,36,Deshpande Group,Manufacturing,Mid-Market,1,8,0
CUST4316,2006410.29,133760.68600000002,15,2022-01-06,2025-06-24,2022-06-22,2024-05-13,38,42,449,Mani-Raju,Healthcare,Small,26,2,1
CUST4317,1165586.73,89660.5176923077,13,2022-02-11,2025-07-04,2022-10-14,2023-07-27,34,32,740,Sinha-Vohra,Non-Profit,Mid-Market,50,5,1
CUST4318,1299000.36,129900.03600000001,10,2022-01-11,2024-12-30,2021-03-19,2025-06-30,53,218,36,Bandi and Sons,Non-Profit,Enterprise,1,8,0
CUST4319,1127870.47,140983.80875,8,2023-02-05,2024-12-14,2022-01-05,2023-08-30,43,234,706,Menon and Sons,Education,Small,21,5,1
CUST4320,3549256.64,197180.92444444445,18,2022-01-07,2025-03-12,2020-08-15,2025-06-30,60,146,36,"Muni, Bansal and Batta",Manufacturing,Mid-Market,1,8,0
CUST4321,692979.13,173244.7825,4,2023-01-15,2025-05-15,2024-02-10,2024-02-13,18,82,539,Balasubramanian Group,Finance,Small,44,8,0
CUST4322,1109818.37,100892.5790909091,11,2022-11-21,2025-02-21,2020-12-25,2025-06-30,56,165,36,Oak-Bera,Tech,Small,1,8,0
CUST4323,1292342.48,143593.60888888888,9,2022-04-06,2025-07-21,2022-02-13,2024-01-04,42,15,579,Reddy Group,Non-Profit,Small,38,6,0
CUST4324,1690664.04,241523.4342857143,7,2022-05-10,2025-04-30,2025-04-06,2024-11-03,4,97,275,"Doctor, Nigam and Bahl",Government,Small,23,2,1
CUST4325,314008.58999999997,104669.52999999998,3,2023-01-28,2023-11-10,2019-04-25,2025-06-30,76,634,36,"Dhar, Puri and Nayak",Tech,Enterprise,1,8,0
CUST4326,364623.12,91155.78,4,2022-04-28,2024-06-02,2020-01-28,2025-06-30,67,429,36,Kala LLC,Non-Profit,Small,1,8,0
CUST4327,1637313.29,148846.66272727272,11,2022-07-10,2025-02-01,2023-07-28,2025-06-30,24,185,36,Hayer-Rajagopal,Government,Mid-Market,1,8,0
CUST4328,2011201.43,125700.089375,16,2022-01-19,2025-07-20,2023-07-22,2025-06-30,24,16,36,Jha LLC,Tech,Enterprise,1,8,0
CUST4329,622182.43,77772.80375,8,2022-09-13,2024-11-21,2022-02-10,2025-02-26,42,257,160,"Madan, Chauhan and Shenoy",Finance,Enterprise,10,2,0
CUST4330,1829140.56,130652.89714285715,14,2022-03-23,2025-03-06,2020-01-07,2025-06-30,67,152,36,"Rege, Sood and Bali",Government,Mid-Market,1,8,0
CUST4331,2571276.57,183662.61214285714,14,2022-06-02,2025-07-14,2024-02-05,2025-05-18,18,22,79,Balan LLC,Finance,Enterprise,5,5,0
CUST4332,907532.68,129647.52571428572,7,2022-02-27,2024-10-17,2021-06-24,2025-06-30,50,292,36,Vohra-Singh,Tech,Enterprise,1,8,0
CUST4333,1275040.35,182148.62142857144,7,2022-02-24,2025-05-19,2022-04-18,2025-07-15,40,78,21,Parikh PLC,Healthcare,Small,13,10,0
CUST4334,3240540.2800000003,216036.01866666667,15,2022-04-23,2025-07-21,2020-11-17,2025-06-30,57,15,36,Wagle PLC,Tech,Enterprise,1,8,0
CUST4335,3453621.3400000003,313965.5763636364,11,2022-01-13,2025-01-15,2024-05-14,2025-06-30,14,202,36,Choudhry-Venkataraman,Finance,Small,1,8,0
CUST4336,2370714.14,237071.41400000002,10,2022-05-14,2024-10-01,2019-05-24,2025-06-30,75,308,36,"Bhatt, Vora and Kurian",Manufacturing,Small,1,8,0
CUST4337,445279.37,55659.92125,8,2022-01-25,2025-07-07,2025-02-06,2024-09-16,6,29,323,Dhaliwal Inc,Non-Profit,Mid-Market,43,4,1
CUST4338,1571897.77,142899.79727272727,11,2022-04-02,2025-05-28,2019-02-13,2025-06-30,78,69,36,"Keer, Balakrishnan and Mannan",Education,Mid-Market,1,8,0
CUST4339,1090346.94,121149.65999999999,9,2022-04-08,2025-02-10,2024-01-31,2025-06-30,18,176,36,Venkataraman Inc,Healthcare,Enterprise,1,8,0
CUST4340,1106771.8499999999,138346.48124999998,8,2022-03-29,2025-01-08,2024-03-05,2025-06-30,17,209,36,"Om, Narayan and Behl",Manufacturing,Small,1,8,0
CUST4341,1604781.12,178309.01333333334,9,2022-03-13,2025-06-28,2020-01-14,2025-06-30,67,38,36,"Bhandari, Tandon and Setty",Tech,Small,1,8,0
CUST4342,1405767.56,175720.945,8,2022-01-18,2024-11-02,2021-07-08,2025-06-30,49,276,36,Nanda-Sundaram,Retail,Small,1,8,0
CUST4343,1459455.34,104246.81000000001,14,2022-01-25,2025-07-18,2025-02-15,2025-06-30,5,18,36,Dalal and Sons,Non-Profit,Small,1,8,0
CUST4344,869655.88,124236.55428571429,7,2022-05-05,2025-05-24,2021-09-15,2025-03-09,47,73,149,Lanka-Reddy,Non-Profit,Enterprise,14,5,0
CUST4345,921811.8300000001,153635.30500000002,6,2022-07-01,2025-04-29,2023-11-29,2023-12-30,20,98,584,Desai Group,Education,Mid-Market,24,4,1
CUST4346,648602.8400000001,72066.98222222223,9,2022-01-15,2025-01-31,2021-03-14,2025-06-30,53,186,36,"Bava, Vala and Devan",Tech,Enterprise,1,8,0
CUST4347,925221.9199999999,132174.56,7,2022-07-22,2025-03-28,2019-02-01,2025-06-30,79,130,36,"Tiwari, Madan and Kar",Finance,Enterprise,1,8,0
CUST4348,1995498.26,133033.21733333333,15,2022-03-31,2025-06-21,2020-11-22,2025-06-30,57,45,36,Chanda-Butala,Non-Profit,Enterprise,1,8,0
CUST4349,817092.47,116727.49571428572,7,2022-02-07,2025-03-11,2020-10-17,2025-06-30,58,147,36,Sankaran-Rajan,Retail,Mid-Market,1,8,0
CUST4350,1070993.0,152999.0,7,2022-05-07,2025-03-20,2019-10-21,2025-06-30,70,138,36,"Panchal, Parsa and Shukla",Non-Profit,Small,1,8,0
CUST4351,1789720.7,178972.07,10,2022-02-08,2025-05-02,2024-08-27,2025-06-30,11,95,36,Ben Group,Education,Mid-Market,1,8,0
CUST4352,1308566.6600000001,145396.29555555558,9,2022-05-12,2025-02-28,2025-03-22,2024-09-12,4,158,327,"Kalita, Dora and Lad",Government,Mid-Market,28,4,1
CUST4353,733896.01,122316.00166666666,6,2022-06-11,2024-05-22,2022-05-14,2024-12-30,39,440,218,"Srivastava, Sarin and Mander",Education,Mid-Market,7,2,1
CUST4354,1480871.56,164541.28444444446,9,2022-04-05,2025-04-25,2022-03-05,2025-07-22,41,102,14,Kakar-Barad,Government,Small,47,9,0
CUST4355,3065719.9,278701.8090909091,11,2022-01-29,2025-07-20,2022-02-25,2024-10-09,41,16,300,Ramaswamy-Konda,Non-Profit,Mid-Market,39,2,1
CUST4356,617188.56,123437.71200000001,5,2022-10-22,2024-09-16,2024-10-10,2025-06-30,9,323,36,"Comar, Soman and Vaidya",Education,Enterprise,1,8,0
CUST4357,2781706.25,213977.40384615384,13,2022-01-08,2025-05-12,2020-09-21,2025-06-30,59,85,36,Zachariah-Tandon,Finance,Mid-Market,1,8,0
CUST4358,934833.22,103870.35777777777,9,2023-01-02,2025-06-21,2019-11-04,2025-06-30,70,45,36,"Ranganathan, Mahal and Jayaraman",Government,Mid-Market,1,8,0
CUST4359,398398.18,79679.636,5,2023-07-31,2025-07-02,2021-10-26,2025-06-30,45,34,36,Lall Inc,Retail,Enterprise,1,8,0
CUST4360,684403.79,76044.86555555556,9,2022-02-01,2025-07-24,2022-11-08,2025-06-30,33,12,36,Taneja Group,Healthcare,Mid-Market,1,8,0
CUST4361,875174.94,145862.49,6,2022-08-07,2025-07-10,2023-02-26,2025-06-04,29,26,62,"Gara, Tank and Golla",Retail,Small,40,8,0
CUST4362,945201.2899999999,94520.12899999999,10,2022-03-09,2024-06-13,2024-05-10,2025-06-30,15,418,36,"Shenoy, Mall and Nayak",Education,Enterprise,1,8,0
CUST4363,2854495.2,237874.6,12,2022-04-29,2025-07-18,2025-03-27,2025-06-30,4,18,36,Mani LLC,Retail,Enterprise,1,8,0
CUST4364,3502964.92,291913.74333333335,12,2022-02-07,2025-07-12,2019-10-15,2023-08-19,70,24,717,Kumer PLC,Tech,Enterprise,33,2,1
CUST4365,422370.03,84474.00600000001,5,2022-08-17,2025-07-06,2020-07-17,2025-06-30,61,30,36,Sami-Dara,Education,Mid-Market,1,8,0
CUST4366,901726.38,90172.638,10,2022-01-30,2023-09-14,2019-08-19,2025-06-30,72,691,36,Bajaj and Sons,Education,Mid-Market,1,8,0
CUST4367,1228487.36,94499.0276923077,13,2022-04-02,2025-06-12,2023-09-20,2024-10-11,22,54,298,Mahajan-Bhatnagar,Retail,Mid-Market,5,1,1
CUST4368,1156534.0899999999,128503.78777777776,9,2022-04-05,2025-02-08,2019-09-12,2025-06-05,71,178,61,Master and Sons,Healthcare,Mid-Market,6,5,0
CUST4369,4561524.75,350886.51923076925,13,2022-01-26,2025-05-12,2021-09-27,2025-06-30,46,85,36,"Rai, Vora and Kadakia",Non-Profit,Small,1,8,0
CUST4370,1909737.22,190973.722,10,2022-03-07,2025-04-07,2021-08-21,2025-06-30,48,120,36,Pant Ltd,Government,Enterprise,1,8,0
CUST4371,1066172.06,177695.34333333335,6,2022-02-08,2025-03-02,2023-05-22,2025-06-30,26,156,36,Krishnan-Sandal,Manufacturing,Enterprise,1,8,0
CUST4372,2444561.2,143797.71764705883,17,2022-10-10,2025-06-04,2019-08-13,2025-06-12,72,62,54,Bhandari Inc,Government,Mid-Market,9,2,0
CUST4373,2048726.8599999999,204872.686,10,2022-08-04,2025-07-15,2022-02-06,2024-12-31,42,21,217,Gour Inc,Manufacturing,Mid-Market,2,10,0
CUST4374,672852.64,74761.40444444444,9,2022-03-24,2025-06-08,2024-11-20,2024-12-17,8,58,231,"Bail, Sankar and Dugar",Education,Small,23,3,1
CUST4375,1216145.58,121614.558,10,2022-01-31,2025-07-17,2020-05-13,2025-06-30,63,19,36,"Bumb, Bumb and Manne",Non-Profit,Mid-Market,1,8,0
CUST4376,3952589.39,232505.25823529414,17,2022-01-09,2025-07-14,2019-05-03,2025-06-30,76,22,36,"Taneja, Jha and Mane",Non-Profit,Enterprise,1,8,0
CUST4377,2635991.98,219665.99833333332,12,2022-03-31,2025-02-18,2024-02-11,2025-06-30,18,168,36,Rau and Sons,Finance,Small,1,8,0
CUST4378,2162135.32,135133.4575,16,2022-01-21,2025-06-21,2023-12-18,2023-12-29,19,45,585,"Sridhar, Dugar and Mani",Non-Profit,Mid-Market,11,4,0
CUST4379,2879250.69,239937.5575,12,2022-12-01,2025-07-19,2021-02-20,2025-02-08,54,17,178,"Kar, Sarraf and Bhatt",Government,Mid-Market,8,7,0
CUST4380,2731320.07,170707.504375,16,2022-01-19,2025-07-24,2020-02-19,2025-06-30,66,12,36,Nadig-Wable,Retail,Enterprise,1,8,0
CUST4381,1298636.0,162329.5,8,2022-03-16,2025-06-09,2023-07-20,2025-06-30,24,57,36,"Chhabra, Anne and Kakar",Manufacturing,Small,1,8,0
CUST4382,1133649.1,125961.01111111112,9,2022-11-06,2025-01-30,2021-10-08,2025-06-30,46,187,36,"Nayar, Sathe and Manda",Tech,Mid-Market,1,8,0
CUST4383,1018654.37,145522.05285714284,7,2022-10-02,2025-04-24,2022-06-03,2025-06-30,38,103,36,"Rana, Mann and Cheema",Tech,Enterprise,1,8,0
CUST4384,1730426.75,173042.675,10,2022-04-03,2024-12-09,2019-04-13,2025-06-30,76,239,36,Nagi-Desai,Manufacturing,Mid-Market,1,8,0
CUST4385,1852925.94,154410.495,12,2022-09-01,2025-06-08,2022-12-24,2024-07-28,31,58,373,"Comar, Tara and Gandhi",Education,Enterprise,30,3,1
CUST4386,1777337.0699999998,253905.2957142857,7,2022-05-12,2025-01-24,2024-01-05,2025-06-30,19,193,36,Bali Inc,Finance,Enterprise,1,8,0
CUST4387,2653029.71,221085.80916666667,12,2022-05-20,2025-05-15,2025-07-11,2025-06-30,0,82,36,Pingle-Gour,Education,Mid-Market,1,8,0
CUST4388,2169403.46,180783.62166666667,12,2022-12-07,2025-05-01,2024-12-20,2024-07-28,7,96,373,Chhabra and Sons,Government,Enterprise,47,2,1
CUST4389,1450788.7,181348.5875,8,2022-04-25,2024-08-02,2025-01-22,2025-05-12,6,368,85,Gour Inc,Manufacturing,Mid-Market,35,8,0
CUST4390,2178846.34,181570.52833333332,12,2022-03-21,2024-12-02,2021-04-07,2024-12-15,52,246,233,"Madan, Dass and Rama",Non-Profit,Enterprise,6,1,1
CUST4391,385906.51,64317.75166666667,6,2023-02-26,2024-11-24,2020-11-29,2025-02-22,57,254,164,Lall-Devan,Retail,Mid-Market,5,9,0
CUST4392,1187690.57,169670.08142857143,7,2022-11-17,2025-01-31,2023-08-12,2025-06-30,24,186,36,Borah-Prabhu,Finance,Small,1,8,0
CUST4393,631220.01,90174.28714285714,7,2022-03-26,2025-03-13,2023-08-18,2025-06-30,23,145,36,Singh-Balakrishnan,Manufacturing,Enterprise,1,8,0
CUST4394,855943.76,142657.29333333333,6,2022-01-02,2025-07-02,2019-01-11,2025-02-13,79,34,173,Tara Group,Manufacturing,Small,20,7,0
CUST4395,1886567.33,134754.8092857143,14,2022-02-05,2024-12-19,2023-05-22,2024-07-30,26,229,371,"Gill, Padmanabhan and Nagarajan",Tech,Mid-Market,4,4,1
CUST4396,552082.75,92013.79166666667,6,2022-03-03,2024-06-18,2019-08-06,2025-05-10,73,413,87,Sundaram Ltd,Finance,Mid-Market,1,7,0
CUST4397,1441706.8599999999,120142.23833333333,12,2022-05-25,2025-05-08,2025-07-23,2025-06-30,0,89,36,Kapur Group,Retail,Enterprise,1,8,0
CUST4398,2074546.1500000001,148181.86785714288,14,2022-05-22,2025-03-03,2023-01-07,2025-06-30,31,155,36,Patil-Batra,Government,Small,1,8,0
CUST4399,2194030.96,199457.36,11,2022-03-21,2025-04-20,2021-08-31,2025-06-30,47,107,36,Din Inc,Education,Mid-Market,1,8,0
CUST4400,186529.97,37305.994,5,2022-06-16,2024-05-08,2020-12-09,2025-06-30,56,454,36,Nath Ltd,Healthcare,Enterprise,1,8,0
CUST4401,1349976.47,224996.07833333334,6,2022-10-11,2025-02-25,2019-02-27,2024-03-18,78,161,505,"Datta, Mangal and Verma",Tech,Enterprise,9,5,0
CUST4402,1025906.99,93264.27181818182,11,2022-01-18,2025-07-23,2024-07-26,2025-04-24,12,13,103,Madan LLC,Non-Profit,Mid-Market,50,9,0
CUST4403,1614694.55,146790.41363636364,11,2022-10-16,2025-07-18,2019-12-24,2025-06-30,68,18,36,"Cheema, Murty and Bhatt",Tech,Enterprise,1,8,0
CUST4404,2736737.02,160984.5305882353,17,2022-01-14,2025-07-11,2022-08-15,2025-06-30,36,25,36,Hora PLC,Manufacturing,Enterprise,1,8,0
CUST4405,3418226.37,262940.49,13,2022-03-15,2025-04-30,2024-04-12,2024-10-17,16,97,292,"Sem, Choudhury and Rai",Education,Small,36,4,1
CUST4406,1754966.42,194996.26888888888,9,2022-07-05,2025-02-20,2019-06-04,2023-12-26,75,166,588,Din-Sant,Education,Mid-Market,5,8,0
CUST4407,2200969.7,200088.15454545457,11,2022-03-20,2025-06-27,2020-08-02,2025-06-30,60,39,36,"Walla, Bhatti and Choudhury",Government,Enterprise,1,8,0
CUST4408,954879.15,119359.89375,8,2022-11-16,2025-06-05,2021-04-27,2025-02-08,52,61,178,Pandit Inc,Manufacturing,Small,26,9,0
CUST4409,2378653.21,182973.32384615386,13,2022-02-17,2025-05-21,2019-07-05,2025-06-30,74,76,36,"Natt, Saxena and Nagar",Retail,Enterprise,1,8,0
CUST4410,1767660.8,147305.06666666668,12,2022-03-02,2025-07-12,2021-04-07,2025-06-30,52,24,36,Ahuja-Rai,Retail,Enterprise,1,8,0
CUST4411,1032908.49,93900.77181818182,11,2022-02-08,2025-07-18,2021-03-11,2024-06-16,53,18,415,"Kale, Chokshi and Dewan",Healthcare,Mid-Market,11,2,1
CUST4412,1438931.81,179866.47625,8,2023-02-03,2025-06-22,2023-11-18,2025-06-30,20,44,36,Guha Group,Manufacturing,Small,1,8,0
CUST4413,2921266.4699999997,194751.09799999997,15,2022-01-14,2025-06-11,2019-01-14,2025-06-30,79,55,36,"Loyal, Dhar and Chokshi",Manufacturing,Mid-Market,1,8,0
CUST4414,2794249.72,349281.215,8,2022-11-01,2024-11-07,2022-06-25,2025-06-30,37,271,36,Dugal Inc,Government,Enterprise,1,8,0
CUST4415,1193823.04,119382.304,10,2022-05-14,2025-02-27,2024-12-05,2025-06-30,8,159,36,Gandhi-Sodhi,Retail,Small,1,8,0
CUST4416,519335.99,74190.85571428572,7,2022-09-12,2025-01-25,2024-12-16,2025-06-30,7,192,36,Venkataraman LLC,Non-Profit,Mid-Market,1,8,0
CUST4417,694411.38,77156.82,9,2022-08-20,2025-03-27,2021-01-08,2025-06-30,55,131,36,Saha-Verma,Retail,Mid-Market,1,8,0
CUST4418,947073.33,78922.7775,12,2022-03-05,2024-07-16,2021-03-28,2025-06-30,53,385,36,Sandhu PLC,Education,Small,1,8,0
CUST4419,2408570.91,185274.68538461538,13,2022-03-25,2025-04-05,2022-11-16,2024-10-03,33,122,306,"Goswami, Ganguly and Chada",Non-Profit,Enterprise,17,3,1
CUST4420,1068052.75,106805.275,10,2022-04-04,2025-02-20,2019-07-06,2025-04-18,74,166,109,"Sampath, Nagarajan and Bumb",Non-Profit,Small,12,9,0
CUST4421,1191865.02,99322.085,12,2023-01-09,2025-06-27,2021-10-31,2024-05-28,45,39,434,Rana Ltd,Manufacturing,Enterprise,45,5,1
CUST4422,1089661.8,181610.30000000002,6,2022-11-30,2024-12-04,2019-05-11,2025-06-30,75,244,36,Saran-Wali,Healthcare,Enterprise,1,8,0
CUST4423,1031009.0700000001,114556.56333333334,9,2022-04-22,2025-06-08,2022-08-02,2025-06-30,36,58,36,"Butala, Sengupta and Bobal",Manufacturing,Mid-Market,1,8,0
CUST4424,1240412.48,155051.56,8,2022-09-07,2025-06-20,2022-09-25,2025-06-16,34,46,50,"Sahota, Subramanian and Vasa",Government,Small,21,5,0
CUST4425,1496894.02,166321.55777777778,9,2022-06-29,2025-04-01,2023-01-17,2024-05-24,31,126,438,Mistry and Sons,Non-Profit,Enterprise,11,3,1
CUST4426,1425989.16,178248.645,8,2022-05-30,2025-04-16,2021-03-10,2023-09-29,53,111,676,Bhandari PLC,Finance,Mid-Market,2,1,1
CUST4427,1061158.47,117906.49666666666,9,2023-04-05,2024-11-16,2020-07-25,2025-06-30,61,262,36,"Divan, Chaudry and Bail",Retail,Small,1,8,0
CUST4428,882633.77,147105.62833333333,6,2022-06-21,2024-12-28,2023-03-11,2025-06-30,29,220,36,Bhatti-Din,Non-Profit,Mid-Market,1,8,0
CUST4429,2840797.5,258254.31818181818,11,2022-05-10,2025-07-01,2023-01-20,2025-06-30,30,35,36,"Ramanathan, Sachdev and Kibe",Government,Small,1,8,0
CUST4430,2336263.12,194688.59333333335,12,2022-10-05,2025-07-15,2021-10-27,2025-06-30,45,21,36,"Chand, Varughese and Ganesan",Finance,Small,1,8,0
CUST4431,1815835.73,139679.67153846152,13,2022-01-19,2025-07-14,2024-04-04,2025-07-12,16,22,24,Rajan Inc,Government,Small,27,2,0
CUST4432,1096257.89,137032.23625,8,2022-02-14,2025-07-02,2019-04-25,2024-08-22,76,34,348,Garde-Singhal,Finance,Small,49,1,1
CUST4433,1510654.43,151065.443,10,2022-04-28,2025-06-10,2023-09-29,2025-06-30,22,56,36,Goswami-Kaul,Manufacturing,Small,1,8,0
CUST4434,2162376.94,216237.694,10,2022-02-01,2024-10-30,2024-10-19,2025-06-06,9,279,60,Yadav and Sons,Healthcare,Enterprise,47,2,0
CUST4435,867037.46,173407.492,5,2023-07-18,2024-09-19,2025-06-29,2025-06-30,1,320,36,Choudhry-Shroff,Manufacturing,Mid-Market,1,8,0
CUST4436,2417933.42,172709.53,14,2022-07-11,2025-04-01,2020-01-05,2025-04-28,67,126,99,Saraf-Viswanathan,Education,Mid-Market,5,8,0
CUST4437,1526787.58,109056.25571428573,14,2022-03-14,2025-06-12,2020-12-10,2025-06-30,56,54,36,"Pall, Memon and Sachdev",Finance,Small,1,8,0
CUST4438,604965.39,86423.62714285715,7,2022-01-31,2025-01-04,2021-03-09,2025-06-30,53,213,36,"Chand, Cheema and Chana",Tech,Enterprise,1,8,0
CUST4439,1473980.31,133998.21,11,2022-01-21,2024-09-20,2023-06-17,2025-06-30,26,319,36,"Zacharia, Bhat and Mand",Education,Mid-Market,1,8,0
CUST4440,3111069.41,194441.838125,16,2022-01-08,2025-06-02,2023-11-17,2025-06-30,20,64,36,Zacharia-Rama,Education,Enterprise,1,8,0
CUST4441,1248005.14,178286.44857142857,7,2022-04-28,2025-07-19,2023-09-02,2025-06-30,23,17,36,Mohan-Bala,Government,Small,1,8,0
CUST4442,942948.96,104772.10666666666,9,2022-07-07,2025-07-24,2025-02-27,2025-05-16,5,12,81,"Randhawa, Ahuja and Rana",Non-Profit,Small,27,4,0
CUST4443,2138259.41,305465.63,7,2022-12-19,2025-03-17,2022-01-09,2025-01-22,43,141,195,Baria PLC,Government,Mid-Market,30,1,1
CUST4444,2028742.12,202874.212,10,2022-01-23,2025-07-24,2020-02-23,2025-06-30,66,12,36,Zacharia Inc,Finance,Enterprise,1,8,0
CUST4445,3626217.84,213306.93176470586,17,2022-03-28,2025-04-28,2019-08-16,2025-06-30,72,99,36,Dara-Sarraf,Finance,Small,1,8,0
CUST4446,1989327.8699999999,180847.98818181816,11,2022-02-18,2025-05-19,2023-04-04,2025-06-30,28,78,36,"Subramaniam, Ramesh and Krishna",Education,Mid-Market,1,8,0
CUST4447,859989.14,107498.6425,8,2022-02-06,2025-03-20,2021-04-04,2025-06-30,52,138,36,"Rastogi, Raval and Varughese",Manufacturing,Enterprise,1,8,0
CUST4448,2348827.97,156588.53133333335,15,2022-02-22,2025-02-11,2024-05-25,2024-12-02,14,175,246,Bawa Inc,Tech,Enterprise,38,5,1
CUST4449,1880809.8499999999,156734.15416666665,12,2022-02-02,2025-03-08,2025-05-21,2025-06-28,2,150,38,"Ahluwalia, Cheema and Keer",Healthcare,Small,13,9,0
CUST4450,2698634.48,168664.655,16,2022-04-21,2025-07-23,2020-05-27,2024-01-20,63,13,563,"Randhawa, Goda and Taneja",Tech,Small,9,6,0
CUST4451,1759572.03,293262.005,6,2022-01-09,2025-01-17,2022-06-20,2025-06-30,38,200,36,Bahri-Parikh,Healthcare,Enterprise,1,8,0
CUST4452,252124.55,63031.1375,4,2023-05-03,2025-04-05,2022-07-29,2025-05-02,36,122,95,Sahota-Mallick,Healthcare,Small,13,7,0
CUST4453,498721.70000000007,71245.95714285715,7,2022-05-07,2025-02-24,2023-08-15,2025-06-30,24,162,36,Narayan and Sons,Finance,Enterprise,1,8,0
CUST4454,1679861.17,152714.65181818182,11,2022-10-15,2025-03-24,2023-01-03,2025-06-30,31,134,36,Saraf Ltd,Finance,Mid-Market,1,8,0
CUST4455,2047815.46,227535.0511111111,9,2022-03-05,2025-05-04,2024-02-10,2025-01-29,18,93,188,Bhardwaj-Shukla,Education,Mid-Market,38,10,0
CUST4456,814153.54,90461.50444444445,9,2022-01-19,2025-07-14,2022-02-21,2025-06-30,42,22,36,Tripathi LLC,Government,Mid-Market,1,8,0
CUST4457,1322543.06,220423.84333333335,6,2022-01-17,2025-03-17,2019-03-11,2025-06-30,77,141,36,Biswas Group,Retail,Enterprise,1,8,0
CUST4458,532843.09,59204.787777777776,9,2022-04-08,2025-05-26,2022-09-05,2024-05-02,35,71,460,Dara Group,Retail,Small,35,4,1
CUST4459,1622613.73,231801.96142857143,7,2022-02-28,2025-07-03,2022-08-03,2025-06-30,36,33,36,"Dyal, Bhargava and Pandey",Government,Small,1,8,0
CUST4460,2294853.1100000003,286856.63875000004,8,2022-02-02,2025-07-11,2019-09-12,2025-06-30,71,25,36,"Kar, Grewal and Walla",Finance,Mid-Market,1,8,0
CUST4461,1597883.0,199735.375,8,2022-01-31,2025-06-11,2020-11-23,2024-09-29,57,55,310,Chada-Aggarwal,Manufacturing,Enterprise,20,3,1
CUST4462,2245481.38,187123.44833333333,12,2022-01-11,2025-03-07,2019-01-02,2025-06-30,80,151,36,Rastogi-Cheema,Retail,Mid-Market,1,8,0
CUST4463,1405585.17,117132.09749999999,12,2022-04-06,2025-05-12,2022-03-06,2025-06-30,41,85,36,Ahuja-Kumer,Non-Profit,Small,1,8,0
CUST4464,2657529.87,139869.99315789473,19,2022-02-02,2025-06-26,2023-09-20,2025-06-30,22,40,36,Chhabra-Hegde,Non-Profit,Small,1,8,0
CUST4465,2404135.65,801378.5499999999,3,2022-10-21,2024-05-17,2025-05-28,2025-06-10,2,445,56,Lal LLC,Manufacturing,Small,46,5,0
CUST4466,305223.82,38152.9775,8,2022-07-21,2025-07-18,2022-07-01,2023-11-27,37,18,617,"Loke, Dutt and Oak",Tech,Enterprise,9,6,0
CUST4467,405726.39999999997,45080.71111111111,9,2022-07-01,2025-07-02,2020-03-18,2023-11-28,65,34,616,Choudhry Group,Finance,Small,8,2,1
CUST4468,270794.6,67698.65,4,2022-02-27,2024-10-02,2024-12-26,2025-03-18,7,307,140,Boase-Arora,Healthcare,Enterprise,6,9,0
CUST4469,1839330.14,183933.014,10,2022-12-13,2025-04-28,2021-02-12,2025-06-30,54,99,36,Raj-Bahri,Manufacturing,Enterprise,1,8,0
CUST4470,162647.06,32529.412,5,2023-07-08,2025-06-21,2024-11-11,2024-11-08,8,45,270,Sekhon Inc,Finance,Mid-Market,46,2,1
CUST4471,1547237.21,140657.9281818182,11,2022-04-19,2025-04-07,2022-02-14,2025-06-30,42,120,36,Zachariah Inc,Tech,Enterprise,1,8,0
CUST4472,2275449.8600000003,284431.23250000004,8,2022-02-08,2025-07-18,2024-06-11,2025-07-12,14,18,24,"Mannan, Merchant and Banerjee",Education,Enterprise,50,6,0
CUST4473,2011666.4,251458.3,8,2022-09-07,2025-07-16,2021-01-21,2023-12-07,55,20,607,Bobal-Bala,Manufacturing,Mid-Market,15,9,0
CUST4474,862012.77,107751.59625,8,2022-04-02,2025-01-14,2020-04-04,2025-06-30,64,203,36,Iyer-Kumer,Tech,Small,1,8,0
CUST4475,599609.73,66623.30333333333,9,2022-01-15,2025-05-09,2019-08-06,2025-06-30,73,88,36,"Arora, Amble and Vig",Non-Profit,Mid-Market,1,8,0
CUST4476,2462266.6,273585.1777777778,9,2022-01-30,2025-07-05,2025-02-28,2025-04-09,5,31,118,Toor PLC,Education,Enterprise,47,10,0
CUST4477,944625.84,94462.584,10,2022-01-05,2025-03-07,2022-09-20,2025-06-30,35,151,36,Karan-Basu,Government,Enterprise,1,8,0
CUST4478,5616.9,1123.3799999999999,5,2022-01-01,2025-05-02,2022-12-08,2025-06-30,32,95,36,"Ravi, Sastry and Iyer",Tech,Mid-Market,1,8,0
CUST4479,1640057.1,182228.56666666668,9,2022-01-25,2024-12-31,2021-12-29,2025-06-30,43,217,36,Lata-Krishna,Retail,Mid-Market,1,8,0
CUST4480,3099189.94,344354.4377777778,9,2022-01-07,2025-01-18,2023-02-26,2025-06-30,29,199,36,"Narayanan, Dey and Sant",Finance,Mid-Market,1,8,0
CUST4481,752466.77,62705.56416666667,12,2022-01-27,2025-06-13,2022-05-15,2025-06-30,39,53,36,Bali PLC,Government,Enterprise,1,8,0
CUST4482,2074450.55,138296.70333333334,15,2022-04-27,2025-06-24,2022-01-08,2025-06-30,43,42,36,Raj-Doctor,Retail,Mid-Market,1,8,0
CUST4483,2755242.58,196803.04142857142,14,2022-05-31,2025-07-09,2023-12-10,2025-06-30,20,27,36,"Chauhan, Divan and Thaman",Education,Enterprise,1,8,0
CUST4484,914444.56,182888.912,5,2022-02-15,2025-05-11,2025-05-25,2025-06-30,2,86,36,"Dasgupta, Kara and Mahal",Non-Profit,Small,1,8,0
CUST4485,2145633.79,238403.75444444444,9,2022-05-29,2025-07-15,2024-12-24,2025-06-30,7,21,36,Basak-Pradhan,Retail,Enterprise,1,8,0
CUST4486,742479.88,106068.55428571429,7,2022-03-19,2025-05-26,2023-05-31,2025-06-30,26,71,36,Krish Group,Finance,Enterprise,1,8,0
CUST4487,2073389.6300000001,259173.70375000002,8,2022-05-27,2025-07-03,2021-04-23,2025-06-30,52,33,36,Nayar LLC,Retail,Small,1,8,0
CUST4488,77439.68,15487.935999999998,5,2022-07-12,2024-05-22,2020-08-02,2025-06-30,60,440,36,"Dara, Khalsa and Kumar",Retail,Mid-Market,1,8,0
CUST4489,958948.77,136992.68142857144,7,2022-04-11,2024-12-13,2024-03-18,2025-06-30,16,235,36,Dua-Dhawan,Tech,Small,1,8,0
CUST4490,1331663.58,133166.358,10,2022-01-11,2025-04-27,2022-06-25,2025-01-09,37,100,208,Chaudhari-Sathe,Education,Mid-Market,20,8,0
CUST4491,2604370.25,325546.28125,8,2022-02-23,2025-07-11,2019-01-31,2025-06-30,79,25,36,"Ramanathan, Wali and Tella",Tech,Mid-Market,1,8,0
CUST4492,2244741.28,172672.40615384612,13,2022-04-20,2025-02-25,2019-02-15,2025-06-30,78,161,36,Koshy-Bhardwaj,Healthcare,Small,1,8,0
CUST4493,352300.35,117433.45,3,2022-09-08,2025-04-18,2020-03-27,2025-06-30,65,109,36,Babu-Prabhu,Finance,Enterprise,1,8,0
CUST4494,1313751.67,187678.81,7,2022-09-08,2025-03-23,2024-05-22,2025-06-30,14,135,36,"Guha, Jaggi and Tara",Healthcare,Enterprise,1,8,0
CUST4495,1370304.22,137030.422,10,2022-02-05,2024-11-24,2022-07-23,2025-06-30,36,254,36,Mitter PLC,Healthcare,Small,1,8,0
CUST4496,698660.04,99808.57714285715,7,2022-09-12,2025-06-04,2025-03-02,2025-07-23,5,62,13,Ramaswamy-Ahluwalia,Tech,Small,16,5,0
CUST4497,862402.27,143733.71166666667,6,2022-02-07,2024-02-02,2024-11-07,2025-06-30,9,550,36,Tata-Dhillon,Retail,Small,1,8,0
CUST4498,3300947.15,194173.36176470589,17,2022-02-01,2025-07-04,2024-07-19,2025-03-04,12,32,154,"Deep, Narain and Narasimhan",Tech,Mid-Market,29,7,0
CUST4499,2261780.54,150785.36933333334,15,2022-02-25,2025-06-06,2021-09-23,2025-06-30,47,60,36,"Balay, Bir and Lata",Finance,Enterprise,1,8,0
CUST4500,362599.15,45324.89375,8,2022-06-11,2024-07-06,2019-09-13,2025-06-30,71,395,36,Savant-Munshi,Tech,Mid-Market,1,8,0
CUST4501,204837.28999999998,34139.54833333333,6,2022-06-16,2024-09-02,2023-06-30,2023-11-07,25,337,637,Dutt-Balay,Manufacturing,Small,28,8,0
CUST4502,653347.09,65334.708999999995,10,2022-05-21,2025-04-13,2022-03-20,2025-06-30,41,114,36,Hans-Naik,Non-Profit,Mid-Market,1,8,0
CUST4503,857164.9,65935.76153846153,13,2022-02-20,2025-05-25,2020-08-23,2025-01-20,60,72,197,Lad-Sahota,Finance,Mid-Market,29,4,1
CUST4504,1625427.14,162542.71399999998,10,2022-02-14,2025-07-15,2023-08-27,2023-11-07,23,21,637,"Bhatnagar, Borah and Acharya",Non-Profit,Enterprise,38,10,0
CUST4505,1210046.4,110004.21818181817,11,2022-07-16,2025-03-22,2025-06-10,2025-06-30,1,136,36,Goda Group,Retail,Mid-Market,1,8,0
CUST4506,2557723.22,196747.94,13,2022-03-16,2025-07-10,2020-12-18,2025-06-30,56,26,36,Hayre LLC,Manufacturing,Small,1,8,0
CUST4507,2211738.53,276467.31625,8,2022-02-05,2025-07-09,2021-01-07,2024-09-20,55,27,319,"Sandal, Trivedi and Mann",Tech,Small,16,3,1
CUST4508,1603945.93,178216.21444444443,9,2022-11-25,2024-12-25,2022-12-16,2024-12-25,32,223,223,Vaidya-Nayak,Healthcare,Small,14,5,1
CUST4509,1669019.46,166901.946,10,2022-06-06,2025-06-20,2021-10-09,2025-06-30,46,46,36,Mohan-Murthy,Non-Profit,Small,1,8,0
CUST4510,1115884.6,123987.17777777779,9,2022-09-21,2024-11-04,2022-07-08,2024-10-17,37,274,292,Dubey Inc,Finance,Enterprise,25,10,0
CUST4511,2182351.9,218235.19,10,2022-06-01,2025-07-07,2019-07-26,2025-06-30,73,29,36,"Shukla, Sura and Sodhi",Healthcare,Small,1,8,0
CUST4512,1698804.6300000001,242686.37571428574,7,2022-06-09,2025-07-13,2021-05-28,2025-06-30,51,23,36,Bose Inc,Tech,Mid-Market,1,8,0
CUST4513,2289143.36,208103.9418181818,11,2022-04-18,2025-05-27,2024-11-18,2025-06-03,8,70,63,"Sodhi, Nagy and Bhardwaj",Finance,Enterprise,4,10,0
CUST4514,1287514.81,128751.481,10,2022-05-28,2025-07-13,2020-11-23,2025-06-30,57,23,36,Muni-Rastogi,Finance,Mid-Market,1,8,0
CUST4515,2570863.86,233714.89636363636,11,2022-05-31,2024-11-01,2025-02-24,2025-06-30,5,277,36,Solanki-De,Manufacturing,Small,1,8,0
CUST4516,1312935.43,262587.086,5,2022-10-15,2025-04-01,2025-07-09,2025-06-30,0,126,36,"Keer, Sama and Patel",Finance,Small,1,8,0
CUST4517,976161.12,108462.34666666666,9,2022-01-06,2025-02-09,2024-11-22,2025-05-04,8,177,93,"Lata, Magar and Desai",Tech,Enterprise,11,4,0
CUST4518,3197160.1399999997,245935.39538461535,13,2022-02-25,2025-01-16,2023-12-06,2025-06-30,20,201,36,Sharaf Inc,Manufacturing,Mid-Market,1,8,0
CUST4519,879389.66,87938.966,10,2022-01-23,2025-07-14,2022-01-27,2025-06-30,42,22,36,Narang-Sarna,Healthcare,Small,1,8,0
CUST4520,1235467.23,102955.6025,12,2022-10-08,2025-07-22,2020-08-18,2025-06-30,60,14,36,Ravel-Khurana,Manufacturing,Small,1,8,0
CUST4521,1078984.51,119887.16777777778,9,2022-08-20,2025-07-09,2023-02-09,2025-03-03,30,27,155,"Wali, Lad and Dubey",Education,Small,14,6,0
CUST4522,2706346.46,225528.87166666667,12,2022-01-21,2025-01-02,2024-12-14,2025-05-15,7,215,82,Goswami-Reddy,Education,Enterprise,22,2,0
CUST4523,4528133.5,301875.56666666665,15,2022-02-08,2025-04-14,2023-11-18,2024-01-19,20,113,564,"Sastry, Karan and Saha",Healthcare,Mid-Market,50,6,0
CUST4524,2253660.36,107317.15999999999,21,2022-01-08,2025-05-11,2024-08-24,2024-11-15,11,86,263,"Sagar, Mander and Jain",Healthcare,Enterprise,19,1,1
CUST4525,1290112.0999999999,143345.78888888887,9,2022-07-05,2024-12-24,2019-07-24,2025-06-30,73,224,36,Mall-Bhatti,Non-Profit,Enterprise,1,8,0
CUST4526,2389354.88,265483.87555555557,9,2022-01-01,2024-01-18,2021-05-15,2023-08-04,51,565,732,"Rout, Prakash and Bansal",Government,Enterprise,2,5,1
CUST4527,4940666.07,449151.46090909094,11,2022-03-12,2024-09-01,2020-01-20,2025-06-30,67,338,36,Kalla-Prashad,Non-Profit,Small,1,8,0
CUST4528,1739274.01,158115.8190909091,11,2022-05-29,2025-03-05,2020-06-24,2024-08-27,62,153,343,Kunda-Batta,Retail,Enterprise,48,7,0
CUST4529,1841176.15,108304.4794117647,17,2022-02-09,2025-07-22,2025-04-14,2025-05-02,3,14,95,Atwal Ltd,Government,Enterprise,12,3,0
CUST4530,1567995.68,174221.7422222222,9,2022-03-10,2025-05-21,2022-09-22,2024-12-24,34,76,224,Prabhakar-Salvi,Education,Small,50,10,0
CUST4531,893127.97,127589.70999999999,7,2022-07-22,2024-06-30,2023-11-28,2024-08-29,20,401,341,Sha Inc,Government,Mid-Market,26,1,1
CUST4532,2145242.95,238360.3277777778,9,2022-06-21,2025-03-31,2019-10-23,2025-06-30,70,127,36,Gill Inc,Non-Profit,Small,1,8,0
CUST4533,2782217.17,347777.14625,8,2022-03-10,2025-07-14,2022-05-30,2023-12-05,38,22,609,Agrawal Ltd,Manufacturing,Small,20,5,1
CUST4534,1695696.3599999999,121121.16857142856,14,2022-02-15,2025-01-09,2023-12-29,2025-06-30,19,208,36,"Bawa, Tailor and Din",Tech,Small,1,8,0
CUST4535,1490211.76,212887.39428571428,7,2022-06-09,2025-07-12,2019-03-05,2025-06-30,78,24,36,Dasgupta PLC,Education,Mid-Market,1,8,0
CUST4536,1780712.32,197856.92444444445,9,2022-05-09,2025-04-10,2020-04-24,2025-06-30,64,117,36,"D’Alia, More and Varkey",Government,Mid-Market,1,8,0
CUST4537,1831022.77,203446.97444444444,9,2022-05-05,2025-04-03,2020-12-09,2025-06-30,56,124,36,"Yohannan, Hora and Oak",Manufacturing,Mid-Market,1,8,0
CUST4538,1613280.48,161328.048,10,2022-05-06,2025-05-26,2024-04-03,2024-09-27,16,71,312,Bir-Yadav,Government,Mid-Market,0,6,0
CUST4539,1844412.96,263487.5657142857,7,2022-06-14,2024-12-21,2019-11-29,2025-06-30,69,227,36,Swaminathan LLC,Finance,Small,1,8,0
CUST4540,782880.91,111840.13,7,2022-02-04,2025-05-25,2024-02-17,2025-06-30,17,72,36,Sarna-Narasimhan,Non-Profit,Small,1,8,0
CUST4541,1877622.7400000002,234702.84250000003,8,2022-06-18,2025-06-30,2025-04-04,2025-06-09,4,36,57,"Sampath, Choudhury and Tara",Healthcare,Small,49,8,0
CUST4542,934539.97,233634.9925,4,2022-11-05,2024-10-23,2024-03-23,2024-06-24,16,286,407,Varkey LLC,Government,Enterprise,2,2,1
CUST4543,784758.61,87195.4011111111,9,2022-04-21,2024-11-07,2021-06-06,2024-08-19,50,271,351,Sarkar PLC,Manufacturing,Enterprise,0,5,0
CUST4544,1808211.6,164382.87272727274,11,2022-07-01,2025-04-25,2022-04-06,2024-06-27,40,102,404,Sibal Ltd,Non-Profit,Small,3,2,1
CUST4545,1563753.6800000002,173750.4088888889,9,2022-01-03,2025-07-21,2022-12-21,2025-06-30,31,15,36,"Manne, Majumdar and Sant",Government,Mid-Market,1,8,0
CUST4546,2219449.54,221944.954,10,2022-06-26,2024-07-21,2022-01-31,2025-06-30,42,380,36,"Aggarwal, Baria and Karpe",Non-Profit,Mid-Market,1,8,0
CUST4547,2594575.58,185326.82714285716,14,2022-03-09,2025-06-11,2025-03-31,2025-07-09,4,55,27,"Padmanabhan, Deshpande and Mody",Retail,Small,5,9,0
CUST4548,3488622.33,290718.5275,12,2022-01-16,2024-09-29,2020-02-24,2025-06-30,66,310,36,"Das, Chandran and Sachar",Government,Mid-Market,1,8,0
CUST4549,478762.62,95752.524,5,2022-08-05,2024-05-11,2021-02-27,2024-05-17,54,451,445,Tandon-Mutti,Education,Enterprise,44,1,1
CUST4550,2055829.19,171319.09916666665,12,2022-07-06,2025-06-11,2019-01-04,2025-06-30,80,55,36,Gour-Brar,Manufacturing,Enterprise,1,8,0
CUST4551,3182441.41,289312.85545454547,11,2022-03-21,2025-07-02,2022-01-22,2025-06-30,43,34,36,"Bansal, Nagi and Naidu",Non-Profit,Small,1,8,0
CUST4552,1446597.06,131508.82363636364,11,2022-11-13,2025-07-02,2022-09-15,2025-06-30,35,34,36,"Raman, Saha and Pant",Manufacturing,Enterprise,1,8,0
CUST4553,1102011.73,137751.46625,8,2022-02-13,2024-12-08,2023-08-16,2025-06-30,24,240,36,"Natarajan, Atwal and Dass",Manufacturing,Small,1,8,0
CUST4554,1083759.92,135469.99,8,2023-05-07,2025-07-16,2024-10-21,2025-07-06,9,20,30,"Ranganathan, Varughese and Srinivas",Government,Enterprise,6,8,0
CUST4555,1520508.6,138228.05454545456,11,2022-02-02,2025-07-24,2024-10-06,2024-10-23,10,12,286,"Som, Rama and Keer",Tech,Enterprise,14,5,1
CUST4556,694015.88,53385.836923076924,13,2022-08-09,2025-04-24,2020-10-22,2024-03-07,58,103,516,"Ranganathan, Kibe and Desai",Tech,Enterprise,50,3,1
CUST4557,1430389.25,178798.65625,8,2022-06-18,2025-05-12,2023-02-08,2024-05-07,30,85,455,"Kota, Ghosh and Bal",Finance,Small,5,3,1
CUST4558,1398278.9,174784.8625,8,2022-10-23,2025-05-16,2024-01-17,2024-01-29,18,81,554,Verma-Bhandari,Retail,Mid-Market,14,10,0
CUST4559,596898.53,74612.31625,8,2022-01-18,2024-03-04,2025-03-12,2024-12-18,4,519,230,"Parsa, Gokhale and Kannan",Government,Mid-Market,44,4,1
CUST4560,624358.76,89194.10857142857,7,2022-05-15,2024-11-12,2024-07-29,2025-03-01,12,266,157,Vohra-Bir,Government,Enterprise,13,10,0
CUST4561,645404.0,58673.09090909091,11,2022-02-01,2025-01-10,2022-02-05,2025-06-30,42,207,36,Patil-Kumar,Manufacturing,Small,1,8,0
CUST4562,1460747.15,162305.23888888888,9,2022-05-21,2025-07-21,2022-04-13,2024-04-05,40,15,487,Baral Inc,Retail,Mid-Market,8,3,1
CUST4563,2967836.39,228295.10692307694,13,2022-01-27,2025-06-17,2020-07-30,2024-01-17,61,49,566,Goel-Chokshi,Tech,Small,12,8,0
CUST4564,371790.2,92947.55,4,2022-10-06,2024-12-27,2022-06-03,2025-06-30,38,221,36,Varughese LLC,Healthcare,Small,1,8,0
CUST4565,713025.54,64820.50363636364,11,2022-03-04,2024-10-17,2022-08-08,2025-06-30,36,292,36,"Lal, Kanda and Salvi",Manufacturing,Small,1,8,0
CUST4566,1513092.5,137553.86363636365,11,2022-04-12,2024-08-08,2024-01-04,2025-06-30,19,362,36,Pradhan Inc,Tech,Mid-Market,1,8,0
CUST4567,798808.85,88756.53888888888,9,2022-04-01,2025-07-08,2021-12-23,2025-06-30,44,28,36,Dugar-Goda,Tech,Mid-Market,1,8,0
CUST4568,1617983.5899999999,179775.95444444442,9,2022-02-17,2025-02-15,2022-03-12,2025-06-30,41,171,36,Merchant LLC,Healthcare,Small,1,8,0
CUST4569,626111.3,89444.47142857143,7,2022-06-27,2025-01-04,2021-12-14,2025-06-30,44,213,36,Magar PLC,Education,Mid-Market,1,8,0
CUST4570,861736.2999999999,123105.1857142857,7,2022-01-16,2024-11-17,2021-08-28,2025-06-30,47,261,36,"Venkatesh, Devan and Wali",Tech,Enterprise,1,8,0
CUST4571,2128583.55,152041.68214285714,14,2022-04-04,2024-11-07,2022-10-21,2024-11-02,33,271,276,"Sane, Majumdar and Loyal",Government,Mid-Market,39,3,0
CUST4572,1847692.69,153974.39083333334,12,2022-05-12,2025-01-28,2021-09-30,2025-06-30,46,189,36,"Dutt, Tripathi and Raman",Retail,Small,1,8,0
CUST4573,1619114.35,161911.435,10,2022-03-07,2025-03-26,2019-05-14,2025-05-08,75,132,89,"Gopal, Mohan and Nadkarni",Retail,Enterprise,1,7,0
CUST4574,1759972.2,251424.6,7,2022-12-19,2025-04-10,2022-08-19,2025-06-30,36,117,36,Reddy and Sons,Retail,Enterprise,1,8,0
CUST4575,3253136.64,295739.6945454546,11,2022-04-08,2025-05-01,2021-04-15,2025-06-30,52,96,36,"Saini, Babu and Sachar",Tech,Small,1,8,0
CUST4576,2353721.37,196143.4475,12,2022-03-27,2025-04-16,2023-01-30,2025-06-30,30,111,36,Manda-Bhakta,Healthcare,Mid-Market,1,8,0
CUST4577,1699335.58,154485.05272727273,11,2022-03-02,2025-06-10,2021-11-18,2025-06-30,45,56,36,Balakrishnan Inc,Healthcare,Enterprise,1,8,0
CUST4578,1250165.94,156270.7425,8,2022-01-26,2024-06-25,2019-03-18,2025-02-02,77,406,184,Mitter LLC,Non-Profit,Enterprise,15,4,0
CUST4579,431531.11,107882.7775,4,2022-05-31,2024-07-08,2019-03-23,2025-06-30,77,393,36,Yogi-Halder,Manufacturing,Mid-Market,1,8,0
CUST4580,1265347.1800000002,158168.39750000002,8,2023-07-23,2025-06-18,2024-02-05,2024-06-27,18,48,404,"Sani, Pau and Kala",Healthcare,Small,7,8,0
CUST4581,913110.07,130444.2957142857,7,2022-04-05,2025-06-17,2022-11-13,2025-06-30,33,49,36,Datta and Sons,Government,Enterprise,1,8,0
CUST4582,1791230.2,199025.57777777777,9,2022-06-05,2024-11-03,2023-06-25,2024-09-15,25,275,324,Kala and Sons,Retail,Mid-Market,16,3,1
CUST4583,2888796.68,262617.88,11,2022-05-23,2025-06-25,2019-07-16,2024-01-04,73,41,579,Das PLC,Finance,Small,24,4,1
CUST4584,2074801.81,259350.22625,8,2022-06-26,2025-02-15,2022-10-24,2025-06-30,33,171,36,Bora-Dara,Education,Small,1,8,0
CUST4585,1570827.02,142802.45636363636,11,2022-05-12,2025-01-06,2025-06-28,2025-06-30,1,211,36,Kala-Ramesh,Manufacturing,Enterprise,1,8,0
CUST4586,872372.98,96930.33111111111,9,2022-04-20,2023-09-28,2022-01-05,2024-09-05,43,677,334,Karnik Group,Tech,Small,35,1,1
CUST4587,697833.6000000001,77537.06666666668,9,2022-02-12,2025-06-08,2021-07-21,2025-06-30,49,58,36,"Deshmukh, Srivastava and Raghavan",Education,Small,1,8,0
CUST4588,767555.15,76755.515,10,2022-06-09,2025-03-30,2021-01-29,2024-11-01,54,128,277,"Batra, Narula and Sheth",Non-Profit,Mid-Market,9,5,0
CUST4589,2553729.73,170248.64866666668,15,2022-04-22,2025-01-29,2019-10-09,2025-06-30,70,188,36,"Apte, Sawhney and Chand",Tech,Small,1,8,0
CUST4590,1454484.69,132225.8809090909,11,2022-03-28,2025-07-17,2022-07-12,2025-05-30,37,19,67,"Pandey, Rege and Krishna",Tech,Enterprise,6,9,0
CUST4591,868226.74,96469.63777777778,9,2022-02-26,2025-02-12,2024-01-06,2025-06-27,19,174,39,"Lad, Lad and Sidhu",Government,Small,6,5,0
CUST4592,2176267.51,197842.5009090909,11,2022-03-27,2025-06-08,2020-06-07,2025-06-30,62,58,36,"Narayan, Banik and Walla",Education,Enterprise,1,8,0
CUST4593,771249.95,85694.43888888888,9,2022-10-01,2024-09-09,2024-09-17,2025-06-30,10,330,36,De-Thaman,Non-Profit,Enterprise,22,8,0
CUST4594,156755.32,39188.83,4,2022-08-03,2025-06-16,2019-10-09,2025-06-30,70,50,36,Anne-Hari,Non-Profit,Enterprise,1,8,0
CUST4595,1141529.98,95127.49833333334,12,2022-08-24,2025-07-22,2021-08-21,2024-06-09,48,14,422,Dhillon and Sons,Finance,Enterprise,10,5,1
CUST4596,1459397.71,112261.36230769231,13,2022-09-06,2025-06-04,2023-07-29,2025-06-30,24,62,36,"Subramanian, Kakar and Atwal",Retail,Enterprise,1,8,0
CUST4597,1539892.4,192486.55,8,2022-05-01,2025-02-25,2021-03-06,2025-06-30,53,161,36,"Narang, Sem and Balakrishnan",Manufacturing,Small,1,8,0
CUST4598,891852.98,89185.298,10,2022-10-13,2025-07-17,2025-05-07,2024-12-03,3,19,245,Patla Group,Tech,Small,49,5,1
CUST4599,547092.04,78156.00571428573,7,2022-10-13,2025-07-09,2024-06-07,2025-06-30,14,27,36,"Pant, Rao and Ramakrishnan",Government,Mid-Market,1,8,0
CUST4600,530093.88,75727.69714285714,7,2022-12-28,2025-06-25,2024-03-06,2025-05-02,17,41,95,Shere Group,Manufacturing,Mid-Market,9,8,0
CUST4601,2433899.16,162259.94400000002,15,2022-06-24,2025-07-09,2023-09-15,2025-06-30,23,27,36,Buch-Hegde,Non-Profit,Enterprise,1,8,0
CUST4602,2312672.94,177897.91846153844,13,2022-04-03,2025-05-31,2020-02-03,2025-06-30,67,66,36,"Parsa, Chakraborty and Kota",Tech,Small,1,8,0
CUST4603,2603042.33,153120.13705882354,17,2022-06-07,2025-07-13,2020-10-30,2024-04-22,58,23,470,"Mane, Khare and Varkey",Manufacturing,Mid-Market,10,6,0
CUST4604,464726.49,116181.6225,4,2024-01-25,2025-02-16,2019-12-05,2024-08-08,69,170,362,Chada PLC,Education,Enterprise,3,7,0
CUST4605,1852519.6,154376.63333333333,12,2022-12-28,2025-06-11,2020-03-05,2023-11-27,65,55,617,"Pall, Goda and Rau",Education,Small,9,2,1
CUST4606,3380096.13,225339.742,15,2022-02-23,2025-07-17,2020-06-10,2025-05-02,62,19,95,Raj-Agate,Retail,Mid-Market,7,8,0
CUST4607,1287440.95,99033.91923076923,13,2022-05-02,2025-05-20,2022-04-08,2024-02-04,40,77,548,Mani-Yogi,Retail,Mid-Market,10,6,0
CUST4608,1191461.1,108314.64545454546,11,2022-03-01,2024-02-21,2024-11-21,2025-06-30,8,531,36,Wagle Inc,Non-Profit,Small,1,8,0
CUST4609,2099156.22,131197.26375,16,2022-01-11,2025-06-27,2019-08-04,2025-06-30,73,39,36,Vig-Sanghvi,Finance,Enterprise,1,8,0
CUST4610,1029827.24,114425.24888888889,9,2022-04-05,2024-09-23,2021-06-29,2025-06-30,49,316,36,Sur-Arya,Education,Mid-Market,1,8,0
CUST4611,302828.85,50471.475,6,2022-06-09,2023-12-25,2020-10-17,2025-06-30,58,589,36,Mitter Ltd,Education,Small,1,8,0
CUST4612,780606.4299999999,156121.286,5,2022-11-30,2024-07-31,2021-06-21,2025-06-30,50,370,36,Raman-Chandra,Government,Enterprise,1,8,0
CUST4613,552504.73,61389.41444444444,9,2023-01-01,2025-04-22,2020-03-13,2025-06-30,65,105,36,Loke-Kibe,Healthcare,Mid-Market,1,8,0
CUST4614,1322402.48,165300.31,8,2023-02-23,2024-05-17,2023-02-17,2024-02-17,30,445,535,Saran and Sons,Education,Enterprise,1,8,0
CUST4615,983305.87,98330.587,10,2023-01-28,2025-05-30,2019-10-24,2024-09-16,70,67,323,Jha-Mittal,Government,Mid-Market,14,10,0
CUST4616,802073.6699999999,200518.41749999998,4,2022-07-17,2025-01-05,2020-10-09,2025-06-30,58,212,36,Kale-Gola,Retail,Mid-Market,1,8,0
CUST4617,2106267.05,150447.6464285714,14,2022-03-19,2025-07-21,2021-04-20,2024-07-16,52,15,385,"Divan, Goyal and Tak",Retail,Small,38,9,0
CUST4618,945433.49,118179.18625,8,2022-02-22,2024-12-18,2022-04-07,2025-06-30,40,230,36,Baria-Kibe,Finance,Enterprise,1,8,0
CUST4619,1326238.33,132623.833,10,2022-01-06,2025-01-18,2022-10-08,2024-05-25,34,199,437,Morar and Sons,Education,Enterprise,6,4,1
CUST4620,1705490.8499999999,142124.2375,12,2022-05-02,2025-06-17,2021-10-02,2025-06-30,46,49,36,"Naik, Apte and Sha",Manufacturing,Small,1,8,0
CUST4621,2176940.41,128055.31823529412,17,2022-04-10,2025-05-24,2021-06-05,2025-02-11,50,73,175,Narayanan Ltd,Tech,Small,36,7,0
CUST4622,2216820.45,184735.0375,12,2022-11-17,2025-04-11,2019-03-17,2025-06-30,77,116,36,Varghese-Kanda,Manufacturing,Small,1,8,0
CUST4623,2343785.38,213071.39818181816,11,2022-07-06,2025-07-09,2020-07-14,2025-06-30,61,27,36,Sankar PLC,Retail,Enterprise,1,8,0
CUST4624,2529715.57,229974.1427272727,11,2022-02-07,2025-03-10,2024-05-06,2025-02-08,15,148,178,"Chaudhry, Goswami and Sha",Retail,Mid-Market,6,10,0
CUST4625,1491361.64,149136.164,10,2022-03-03,2025-05-27,2019-10-11,2025-06-30,70,70,36,Krishnamurthy-Ramachandran,Healthcare,Mid-Market,1,8,0
CUST4626,2041228.83,185566.2572727273,11,2022-07-20,2025-03-21,2021-02-21,2025-06-30,54,137,36,Dhillon and Sons,Finance,Enterprise,1,8,0
CUST4627,499274.32,62409.29,8,2022-03-17,2025-06-15,2019-05-05,2025-06-30,76,51,36,Vaidya-Dhawan,Finance,Enterprise,1,8,0
CUST4628,1241976.23,112906.93,11,2022-08-01,2024-08-24,2025-06-20,2025-06-22,1,346,44,"Shan, Mann and Mannan",Tech,Mid-Market,38,3,0
CUST4629,889078.1399999999,111134.76749999999,8,2022-02-05,2025-04-27,2024-05-13,2024-11-30,14,100,248,"Kapoor, Bail and Palla",Tech,Enterprise,6,8,0
CUST4630,3078681.85,256556.82083333333,12,2022-04-24,2025-05-14,2020-09-26,2024-09-29,59,83,310,Ahuja-Bumb,Retail,Mid-Market,1,7,0
CUST4631,2780001.78,278000.17799999996,10,2022-02-10,2025-04-17,2022-11-28,2025-06-30,32,110,36,Mand-Vig,Government,Mid-Market,1,8,0
CUST4632,1860723.8900000001,232590.48625000002,8,2022-03-17,2025-03-02,2020-04-20,2024-01-02,64,156,581,Halder Inc,Finance,Small,21,5,0
CUST4633,1895134.8900000001,270733.55571428576,7,2022-05-04,2024-09-10,2022-05-19,2025-06-30,39,329,36,Sanghvi-Aggarwal,Finance,Mid-Market,1,8,0
CUST4634,2076880.22,148348.58714285714,14,2022-08-21,2025-05-16,2023-12-14,2024-03-07,20,81,516,"Mutti, Nigam and Issac",Non-Profit,Enterprise,6,10,0
CUST4635,1808930.3099999998,120595.35399999999,15,2022-03-26,2025-06-04,2023-12-11,2025-07-01,20,62,35,"Bhasin, Balasubramanian and Doctor",Healthcare,Mid-Market,15,6,0
CUST4636,1419850.0,118320.83333333333,12,2022-06-18,2025-05-23,2025-01-31,2025-04-14,6,74,113,Barad-Chopra,Retail,Mid-Market,0,10,0
CUST4637,670580.8099999999,95797.25857142857,7,2022-03-21,2024-12-17,2023-07-15,2023-11-30,25,231,614,Chawla Inc,Manufacturing,Enterprise,9,4,1
CUST4638,2286397.11,175876.70076923075,13,2022-05-23,2025-07-15,2023-01-22,2025-06-30,30,21,36,"Manne, Sachdeva and Patel",Tech,Enterprise,1,8,0
CUST4639,2500832.4,166722.16,15,2022-01-21,2025-06-21,2024-06-06,2024-12-06,14,45,242,Vasa-Patla,Tech,Small,33,3,1
CUST4640,1586370.94,198296.3675,8,2022-01-20,2024-07-29,2019-04-23,2025-06-30,76,372,36,Sha-Sharma,Finance,Mid-Market,1,8,0
CUST4641,1753604.52,175360.452,10,2022-01-28,2025-04-09,2024-12-27,2025-06-26,7,118,40,Rana LLC,Finance,Enterprise,44,2,0
CUST4642,2089519.8800000001,160732.29846153848,13,2023-03-14,2025-05-28,2022-04-23,2025-06-30,40,69,36,"Walla, Raghavan and Dewan",Education,Mid-Market,1,8,0
CUST4643,1063949.94,96722.72181818182,11,2022-04-05,2025-07-01,2020-08-17,2023-10-04,60,35,671,Bassi-Prasad,Manufacturing,Mid-Market,28,9,0
CUST4644,2861659.45,238471.62083333335,12,2022-01-23,2025-03-14,2021-09-26,2025-03-01,46,144,157,Loyal-Gola,Government,Mid-Market,48,8,0
CUST4645,1099946.51,91662.20916666667,12,2022-03-22,2025-03-18,2020-08-15,2025-06-30,60,140,36,"Varma, Bains and Deshmukh",Manufacturing,Small,1,8,0
CUST4646,1216595.22,202765.87,6,2022-06-07,2025-03-05,2023-03-01,2025-06-30,29,153,36,"Dey, Kadakia and Amble",Retail,Small,1,8,0
CUST4647,2064394.39,206439.43899999998,10,2023-04-13,2025-07-22,2023-08-23,2023-11-25,23,14,619,Hari-Salvi,Education,Small,46,7,0
CUST4648,2387279.25,159151.95,15,2022-01-07,2025-04-20,2020-04-23,2025-06-30,64,107,36,Sunder Inc,Finance,Small,1,8,0
CUST4649,1019483.77,127435.47125,8,2022-09-05,2025-03-31,2022-08-19,2025-06-30,36,127,36,Johal-Virk,Government,Enterprise,1,8,0
CUST4650,783383.3,111911.90000000001,7,2022-03-22,2025-05-04,2020-02-11,2025-06-30,66,93,36,"Gaba, Sarna and Zacharia",Non-Profit,Enterprise,1,8,0
CUST4651,1949241.04,162436.75333333333,12,2022-04-07,2025-07-10,2021-05-26,2025-06-30,51,26,36,Tripathi-Majumdar,Government,Mid-Market,1,8,0
CUST4652,2302949.51,164496.39357142855,14,2022-10-23,2025-07-11,2021-01-14,2025-05-16,55,25,81,Rajan-Bandi,Finance,Small,8,8,0
CUST4653,1828796.76,152399.73,12,2022-06-09,2025-03-22,2020-11-20,2025-04-18,57,136,109,"Thaker, Doshi and Brahmbhatt",Non-Profit,Enterprise,41,10,0
CUST4654,279796.73,46632.78833333333,6,2022-07-03,2024-11-08,2019-10-31,2025-06-30,70,270,36,Oza Inc,Education,Small,1,8,0
CUST4655,212355.81,53088.9525,4,2022-07-30,2024-11-14,2024-09-07,2025-06-30,11,264,36,Andra-Chandra,Government,Enterprise,1,8,0
CUST4656,976589.53,81382.46083333333,12,2022-02-12,2024-10-18,2020-12-09,2024-12-22,56,291,226,Bir and Sons,Finance,Small,39,10,0
CUST4657,2075149.6199999999,230572.18,9,2022-03-19,2025-04-16,2025-06-02,2025-06-30,2,111,36,Sengupta-Hans,Non-Profit,Mid-Market,1,8,0
CUST4658,1659848.03,150895.27545454545,11,2022-03-17,2025-06-13,2022-04-27,2025-06-30,39,53,36,Natarajan Inc,Manufacturing,Mid-Market,1,8,0
CUST4659,590229.1,65581.0111111111,9,2022-01-30,2025-01-10,2021-01-20,2025-06-30,55,207,36,Mane Group,Tech,Small,1,8,0
CUST4660,1783396.51,99077.58388888888,18,2022-02-10,2025-05-27,2024-06-28,2025-06-30,13,70,36,Naidu-Mangal,Government,Small,1,8,0
CUST4661,1015288.3699999999,112809.81888888887,9,2022-03-16,2025-05-29,2023-02-28,2023-10-10,29,68,665,Kapur-Natarajan,Finance,Enterprise,12,10,0
CUST4662,661322.62,73480.29111111112,9,2022-03-01,2025-06-11,2025-05-20,2025-06-30,2,55,36,Chana-Dugar,Tech,Small,1,8,0
CUST4663,1165431.1099999999,129492.34555555554,9,2022-05-02,2025-07-12,2021-07-31,2025-06-30,48,24,36,Gill Inc,Healthcare,Small,1,8,0
CUST4664,2426823.32,186678.71692307692,13,2022-05-16,2025-05-16,2023-10-12,2025-01-10,22,81,207,Dey-Kata,Manufacturing,Mid-Market,0,5,0
CUST4665,1968194.44,196819.444,10,2022-07-21,2025-04-23,2022-09-30,2025-06-30,34,104,36,Agarwal-Mallick,Non-Profit,Small,1,8,0
CUST4666,2194601.33,146306.75533333333,15,2022-01-24,2025-06-03,2022-08-16,2024-11-29,36,63,249,Shah Inc,Tech,Mid-Market,2,2,1
CUST4667,1198170.39,108924.5809090909,11,2022-12-14,2025-06-30,2022-09-19,2024-08-02,35,36,368,"Purohit, Manne and Varkey",Education,Mid-Market,33,8,0
CUST4668,2106671.3,140444.75333333333,15,2022-01-07,2025-06-25,2022-11-01,2023-10-12,33,41,663,Khalsa-Arya,Healthcare,Mid-Market,29,1,1
CUST4669,262200.41,26220.040999999997,10,2022-06-03,2025-05-25,2021-02-12,2024-10-09,54,72,300,Dar and Sons,Non-Profit,Enterprise,21,3,1
CUST4670,1427299.13,178412.39125,8,2022-11-15,2024-05-21,2021-04-24,2025-06-30,52,441,36,"D’Alia, Apte and Trivedi",Government,Mid-Market,1,8,0
CUST4671,2460707.4,410117.89999999997,6,2022-02-12,2024-05-16,2019-12-09,2025-06-30,68,446,36,Gola-Acharya,Healthcare,Mid-Market,1,8,0
CUST4672,4499229.83,214249.03952380954,21,2022-02-01,2025-05-12,2022-09-12,2025-06-30,35,85,36,"Sama, Dutta and Pai",Finance,Enterprise,1,8,0
CUST4673,1543086.86,192885.8575,8,2022-02-04,2025-02-03,2022-07-09,2024-12-30,37,183,218,"Soman, Prasad and Chauhan",Manufacturing,Mid-Market,14,2,1
CUST4674,1509923.5699999998,251653.92833333332,6,2022-04-21,2025-06-24,2019-10-01,2025-06-30,71,42,36,Sawhney Group,Retail,Mid-Market,1,8,0
CUST4675,2087961.98,231995.77555555556,9,2023-04-04,2024-12-11,2019-05-15,2025-06-30,75,237,36,"Barad, Hora and Murthy",Finance,Mid-Market,1,8,0
CUST4676,1168226.55,106202.41363636364,11,2022-01-16,2025-01-24,2021-08-12,2025-06-30,48,193,36,Walia-Kalita,Healthcare,Enterprise,1,8,0
CUST4677,1143029.9,87925.37692307691,13,2022-04-28,2025-03-09,2024-02-16,2025-06-30,17,149,36,"Reddy, Bansal and Ramachandran",Government,Small,1,8,0
CUST4678,2171522.55,271440.31875,8,2022-02-08,2025-07-18,2025-06-22,2025-06-30,1,18,36,Gade Inc,Education,Enterprise,1,8,0
CUST4679,1273306.7,90950.47857142857,14,2022-03-18,2025-06-27,2021-10-06,2025-06-30,46,39,36,"Narang, Tripathi and Loyal",Manufacturing,Enterprise,1,8,0
CUST4680,762194.83,76219.483,10,2022-03-09,2025-02-24,2024-07-02,2025-06-30,13,162,36,Ram Ltd,Education,Small,1,8,0
CUST4681,2039264.03,145661.71642857144,14,2022-06-21,2025-01-28,2024-10-15,2025-06-30,9,189,36,"Agate, Kakar and Chatterjee",Non-Profit,Mid-Market,1,8,0
CUST4682,2625365.33,291707.2588888889,9,2022-05-16,2024-09-18,2024-03-25,2025-06-30,16,321,36,Nagy Group,Manufacturing,Enterprise,1,8,0
CUST4683,1230477.78,205079.63,6,2022-01-04,2024-12-26,2024-11-23,2025-06-30,8,222,36,"Bassi, Mohanty and Sampath",Government,Mid-Market,1,8,0
CUST4684,2519657.2800000003,148215.13411764707,17,2022-06-14,2025-07-20,2024-05-11,2025-04-09,15,16,118,"Thaman, Kala and Gopal",Healthcare,Small,3,10,0
CUST4685,1562575.83,120198.14076923077,13,2022-01-30,2025-06-20,2019-02-20,2024-06-29,78,46,402,Ranganathan-Aggarwal,Government,Mid-Market,1,1,1
CUST4686,1670478.92,185608.76888888888,9,2022-01-19,2025-06-05,2022-11-12,2025-06-30,33,61,36,Rao-Palan,Manufacturing,Mid-Market,1,8,0
CUST4687,991387.3300000001,165231.22166666668,6,2022-04-22,2024-11-21,2019-04-23,2025-06-30,76,257,36,"Sani, Sheth and Choudhary",Healthcare,Enterprise,1,8,0
CUST4688,1281057.01,116459.72818181818,11,2022-07-16,2025-05-20,2021-03-17,2025-06-30,53,77,36,Virk LLC,Tech,Enterprise,1,8,0
CUST4689,1609254.45,229893.49285714285,7,2022-05-05,2024-08-27,2019-10-15,2025-06-30,70,343,36,Khurana-Chopra,Finance,Small,1,8,0
CUST4690,1616233.81,124325.6776923077,13,2022-01-09,2024-10-22,2021-10-03,2025-02-13,46,287,173,Thakur Inc,Retail,Mid-Market,24,9,0
CUST4691,847588.54,84758.854,10,2022-01-12,2025-06-30,2020-05-22,2025-06-30,63,36,36,Nagar Ltd,Manufacturing,Small,1,8,0
CUST4692,1976872.35,219652.48333333334,9,2022-02-24,2025-06-24,2022-03-18,2025-06-30,41,42,36,"Bhalla, Vaidya and Bhattacharyya",Tech,Mid-Market,1,8,0
CUST4693,583453.74,58345.373999999996,10,2022-04-16,2025-05-15,2024-07-07,2024-08-24,13,82,346,Banik-Badal,Tech,Small,2,2,1
CUST4694,3264818.66,251139.89692307694,13,2022-01-11,2025-03-05,2023-11-29,2024-11-09,20,153,269,"Rao, Prakash and Chad",Finance,Small,19,5,1
CUST4695,2493968.15,277107.5722222222,9,2022-02-20,2025-07-22,2023-02-07,2023-11-19,30,14,625,Sunder Inc,Manufacturing,Mid-Market,3,1,1
CUST4696,2061724.26,294532.03714285715,7,2022-02-08,2025-03-28,2021-08-23,2025-06-30,48,130,36,"Sodhi, Hora and Kakar",Healthcare,Mid-Market,1,8,0
CUST4697,2036160.4,203616.03999999998,10,2022-01-04,2025-07-17,2022-10-12,2025-06-30,34,19,36,Bedi-Handa,Manufacturing,Enterprise,1,8,0
CUST4698,2407228.2800000003,200602.3566666667,12,2022-02-03,2025-06-15,2019-10-26,2024-08-06,70,51,364,"Madan, Bumb and Swaminathan",Manufacturing,Mid-Market,49,2,1
CUST4699,182557.18,45639.295,4,2022-01-15,2025-04-09,2019-11-30,2024-03-31,69,118,492,Kothari-Lala,Tech,Mid-Market,5,7,0
CUST4700,4022052.3,402205.23,10,2022-08-27,2025-05-16,2021-10-26,2025-06-30,45,81,36,"Sampath, Kapur and Baral",Healthcare,Small,1,8,0
CUST4701,1126137.8499999999,140767.23124999998,8,2022-04-10,2025-02-25,2021-01-04,2025-07-18,55,161,18,"Muni, Thaker and Pandya",Manufacturing,Mid-Market,0,3,0
CUST4702,1426863.03,118905.2525,12,2022-09-20,2025-04-29,2020-12-28,2025-03-07,56,98,151,"Khalsa, Chopra and Mann",Government,Enterprise,2,1,0
CUST4703,1719590.45,132276.18846153846,13,2022-04-06,2025-06-02,2024-09-23,2024-11-14,10,64,264,Bhardwaj Group,Retail,Mid-Market,42,5,1
CUST4704,774106.5599999999,110586.65142857142,7,2022-02-02,2025-01-27,2019-10-11,2023-10-01,70,190,674,"Hayer, Tailor and Reddy",Non-Profit,Enterprise,24,3,1
CUST4705,1850348.0399999998,185034.80399999997,10,2022-02-21,2025-04-15,2022-10-02,2025-06-30,34,112,36,"Badal, Garg and Khurana",Retail,Enterprise,1,8,0
CUST4706,1462867.18,243811.19666666666,6,2022-03-29,2025-02-01,2021-06-26,2025-06-30,50,185,36,Zacharia LLC,Non-Profit,Small,1,8,0
CUST4707,1179607.8800000001,196601.31333333335,6,2022-10-20,2025-03-31,2022-05-11,2025-06-30,39,127,36,"Rout, Ravi and Devan",Manufacturing,Small,1,8,0
CUST4708,2419225.22,151201.57625,16,2022-05-27,2025-07-10,2020-07-13,2025-06-30,61,26,36,Wadhwa PLC,Manufacturing,Enterprise,1,8,0
CUST4709,680661.48,85082.685,8,2022-04-07,2025-03-03,2023-11-09,2025-06-30,21,155,36,Pillay Group,Retail,Small,1,8,0
CUST4710,2158991.83,196271.98454545456,11,2022-02-06,2025-03-02,2024-11-24,2025-06-30,8,156,36,"Pillai, Bala and Arya",Non-Profit,Small,1,8,0
CUST4711,2183908.87,145593.9246666667,15,2022-02-17,2025-05-25,2022-09-23,2025-06-30,34,72,36,Datta-Dhingra,Healthcare,Mid-Market,1,8,0
CUST4712,1921801.23,137271.51642857143,14,2022-02-03,2025-04-24,2023-02-04,2025-06-30,30,103,36,"Mallick, Kumer and Kalita",Retail,Mid-Market,1,8,0
CUST4713,1782981.22,148581.76833333334,12,2022-03-21,2025-07-07,2024-11-13,2025-06-30,8,29,36,Ranganathan LLC,Non-Profit,Mid-Market,1,8,0
CUST4714,1901172.37,172833.85181818184,11,2022-08-27,2025-04-20,2024-04-30,2024-10-22,15,107,287,Pall PLC,Finance,Small,15,5,1
CUST4715,685864.71,97980.67285714285,7,2022-02-08,2025-07-21,2019-12-11,2025-06-30,68,15,36,"Uppal, Kapadia and Gupta",Government,Small,1,8,0
CUST4716,2075931.56,138395.43733333334,15,2022-02-05,2024-10-19,2022-09-23,2025-06-30,34,290,36,Bhandari-Kadakia,Healthcare,Mid-Market,1,8,0
CUST4717,524494.78,52449.478,10,2022-04-07,2024-02-14,2022-08-29,2025-06-30,35,538,36,Dora-Randhawa,Tech,Small,1,8,0
CUST4718,489439.60000000003,44494.509090909094,11,2022-02-05,2025-03-16,2023-09-17,2025-06-30,22,142,36,Madan-Doctor,Manufacturing,Mid-Market,1,8,0
CUST4719,2484106.7800000003,177436.1985714286,14,2022-03-15,2025-06-26,2022-11-09,2025-06-30,33,40,36,"Lala, Bedi and Biswas",Finance,Mid-Market,1,8,0
CUST4720,84406.33,28135.443333333333,3,2022-12-28,2024-12-20,2025-06-10,2025-06-30,1,228,36,"Kale, Chhabra and Joshi",Finance,Small,1,8,0
CUST4721,1095321.87,121702.43000000001,9,2022-07-28,2025-01-21,2022-08-22,2024-09-09,35,196,330,"Gaba, Mittal and Loke",Manufacturing,Mid-Market,2,6,0
CUST4722,1297887.47,117989.77,11,2022-01-31,2024-11-22,2022-08-12,2025-06-30,36,256,36,"Ramakrishnan, Chopra and Kade",Finance,Small,1,8,0
CUST4723,3300184.42,330018.442,10,2022-07-21,2025-05-25,2022-11-17,2025-06-30,33,72,36,"Anand, Deshmukh and Biswas",Manufacturing,Enterprise,1,8,0
CUST4724,595811.19,85115.88428571427,7,2022-02-10,2025-02-02,2020-04-10,2025-06-30,64,184,36,Chada PLC,Finance,Mid-Market,1,8,0
CUST4725,2198983.33,199907.57545454547,11,2022-03-02,2025-03-25,2025-03-30,2024-10-21,4,133,288,Trivedi-Sachdev,Finance,Mid-Market,17,3,1
CUST4726,987240.9400000001,109693.43777777778,9,2022-01-04,2025-06-29,2022-11-26,2025-06-30,32,37,36,"Basu, Patil and Buch",Government,Mid-Market,1,8,0
CUST4727,23851.68,5962.92,4,2023-03-05,2025-03-23,2019-02-02,2025-06-30,79,135,36,Subramaniam Group,Non-Profit,Mid-Market,1,8,0
CUST4728,266386.7,33298.3375,8,2022-03-26,2024-08-29,2023-06-11,2025-06-30,26,341,36,"Banerjee, Halder and Nayar",Tech,Enterprise,1,8,0
CUST4729,2059386.74,228820.7488888889,9,2022-04-10,2024-09-24,2024-11-09,2025-06-30,8,315,36,Bose LLC,Education,Small,1,8,0
CUST4730,3209054.34,246850.33384615384,13,2022-01-15,2025-05-05,2025-05-27,2025-06-03,2,92,63,Agarwal-Varughese,Government,Enterprise,43,9,0
CUST4731,3880440.02,298495.38615384616,13,2022-05-16,2025-07-03,2019-06-27,2025-06-30,74,33,36,Dhar-Patel,Manufacturing,Mid-Market,1,8,0
CUST4732,1722078.4000000001,191342.04444444447,9,2022-09-07,2025-02-17,2023-11-21,2025-06-30,20,169,36,Deol LLC,Government,Small,1,8,0
CUST4733,2519708.0999999996,251970.80999999997,10,2022-03-15,2025-04-25,2024-03-16,2025-06-30,16,102,36,Narula Group,Manufacturing,Enterprise,1,8,0
CUST4734,1338980.16,223163.36,6,2022-02-12,2025-04-28,2021-10-30,2025-06-30,45,99,36,Radhakrishnan Group,Healthcare,Enterprise,1,8,0
CUST4735,885759.6,177151.91999999998,5,2022-06-22,2024-01-05,2021-12-22,2025-06-30,44,578,36,"Parikh, Baral and Rai",Tech,Mid-Market,1,8,0
CUST4736,1363875.67,151541.7411111111,9,2022-02-22,2025-03-16,2021-09-29,2025-03-10,46,142,148,"Ratta, Babu and Mall",Government,Small,26,5,0
CUST4737,2748289.54,152682.75222222222,18,2022-04-28,2025-07-16,2020-12-24,2025-06-30,56,20,36,"Nadkarni, Agate and Bawa",Finance,Mid-Market,1,8,0
CUST4738,2916658.62,291665.862,10,2022-08-15,2025-04-09,2025-01-27,2025-03-28,6,118,130,Sahota PLC,Retail,Small,27,5,0
CUST4739,571925.05,51993.18636363637,11,2022-01-21,2025-03-23,2024-10-16,2025-06-30,9,135,36,"Goyal, Char and Ramaswamy",Education,Enterprise,1,8,0
CUST4740,2420352.22,186180.94,13,2022-01-26,2025-05-23,2021-09-28,2023-09-14,46,74,691,"Majumdar, Vaidya and Keer",Healthcare,Small,2,2,0
CUST4741,2163140.0,166395.38461538462,13,2022-02-11,2025-04-23,2022-12-13,2025-06-30,32,104,36,Mall-Sodhi,Tech,Small,1,8,0
CUST4742,1173883.07,117388.307,10,2022-05-26,2025-05-16,2020-05-14,2025-06-30,63,81,36,"Ahuja, Dass and Varughese",Healthcare,Mid-Market,1,8,0
CUST4743,201294.9,25161.8625,8,2022-04-04,2025-07-19,2021-02-08,2025-06-30,54,17,36,Jhaveri PLC,Tech,Small,1,8,0
CUST4744,1828002.52,228500.315,8,2022-03-31,2025-02-07,2019-04-08,2024-04-24,77,179,468,"Choudhary, Karpe and Sundaram",Finance,Mid-Market,26,5,1
CUST4745,1197839.68,119783.968,10,2022-09-22,2025-03-12,2021-10-17,2025-07-05,46,146,31,Virk-Zachariah,Finance,Enterprise,31,6,0
CUST4746,3170486.4,176138.13333333333,18,2022-01-21,2025-07-13,2023-09-18,2025-06-30,22,23,36,"Natt, Sur and Sridhar",Non-Profit,Mid-Market,1,8,0
CUST4747,2767775.9099999997,172985.99437499998,16,2022-01-08,2025-06-27,2021-09-07,2025-06-30,47,39,36,"Tailor, Varughese and Chawla",Education,Mid-Market,1,8,0
CUST4748,1435411.38,95694.09199999999,15,2022-07-19,2025-04-30,2020-11-11,2025-06-30,57,97,36,Kala Group,Manufacturing,Small,1,8,0
CUST4749,1015859.74,126982.4675,8,2022-07-12,2025-06-27,2022-12-26,2025-06-30,31,39,36,Kala Inc,Finance,Mid-Market,1,8,0
CUST4750,2314331.98,192860.99833333332,12,2022-02-13,2025-02-22,2019-12-07,2025-06-30,68,164,36,Sethi-Sheth,Government,Enterprise,1,8,0
CUST4751,2636257.6,175750.50666666668,15,2022-06-15,2025-06-20,2025-03-13,2025-06-30,4,46,36,"Mangal, Chander and Sankar",Education,Mid-Market,1,8,0
CUST4752,533849.61,66731.20125,8,2022-01-30,2025-03-26,2025-01-15,2025-06-30,6,132,36,Mody-Panchal,Non-Profit,Enterprise,1,8,0
CUST4753,764938.97,127489.82833333332,6,2022-10-10,2025-04-05,2025-06-21,2025-07-18,1,122,18,"Shankar, Sheth and Deo",Finance,Enterprise,26,4,0
CUST4754,1091191.63,121243.51444444443,9,2022-01-25,2025-05-07,2019-10-01,2025-03-31,71,90,127,Aurora Inc,Manufacturing,Small,47,7,0
CUST4755,1713824.69,171382.46899999998,10,2022-01-04,2025-02-03,2019-12-01,2024-11-26,69,183,252,Badami Ltd,Manufacturing,Mid-Market,39,1,1
CUST4756,1283454.65,142606.07222222222,9,2022-05-21,2024-11-20,2023-05-10,2024-10-13,27,258,296,"Raghavan, Krishnamurthy and Pingle",Non-Profit,Mid-Market,48,3,0
CUST4757,1307944.9,186849.2714285714,7,2022-04-16,2025-01-11,2023-03-18,2025-05-28,29,206,69,"Yohannan, Datta and Mistry",Government,Mid-Market,7,9,0
CUST4758,1645853.07,137154.42250000002,12,2022-02-12,2024-04-27,2021-01-28,2025-06-30,55,465,36,Pandey Ltd,Retail,Small,1,8,0
CUST4759,977543.9199999999,122192.98999999999,8,2022-01-08,2025-05-14,2025-07-02,2025-06-30,1,83,36,Sem Ltd,Education,Mid-Market,1,8,0
CUST4760,1852478.86,264639.83714285714,7,2023-05-13,2025-06-02,2025-05-31,2025-06-10,2,64,56,Master PLC,Non-Profit,Small,45,6,0
CUST4761,1935051.36,276435.90857142856,7,2022-01-07,2025-04-03,2021-06-04,2024-05-26,50,124,436,Varty Group,Education,Mid-Market,22,7,0
CUST4762,539770.03,67471.25375,8,2022-01-16,2025-03-26,2021-02-01,2024-08-03,54,132,367,"Pau, Sha and Dash",Non-Profit,Enterprise,29,5,1
CUST4763,1517385.62,151738.562,10,2022-01-15,2025-07-07,2020-10-12,2024-08-25,58,29,345,Varty Inc,Healthcare,Enterprise,6,4,1
CUST4764,2279170.42,207197.3109090909,11,2022-03-12,2025-06-30,2022-10-27,2025-04-28,33,36,99,"Shenoy, Sane and Devi",Education,Small,10,5,0
CUST4765,1638386.1,117027.57857142857,14,2022-01-21,2025-04-02,2022-10-07,2025-06-30,34,125,36,Parekh-Mane,Non-Profit,Enterprise,1,8,0
CUST4766,2822306.06,235192.17166666666,12,2022-08-09,2025-07-24,2019-09-12,2025-06-30,71,12,36,Kohli-Kaul,Government,Small,1,8,0
CUST4767,1535509.93,219358.5614285714,7,2022-01-10,2025-04-29,2024-08-31,2025-06-30,11,98,36,"Tripathi, Saraf and Nath",Tech,Small,1,8,0
CUST4768,1122203.72,112220.372,10,2022-08-28,2025-06-21,2020-05-24,2025-06-30,63,45,36,Dass Group,Non-Profit,Enterprise,1,8,0
CUST4769,2207056.31,183921.35916666666,12,2022-01-12,2025-05-02,2024-03-21,2024-09-01,16,95,338,Salvi Inc,Education,Small,24,2,1
CUST4770,269053.42000000004,53810.68400000001,5,2022-03-23,2025-05-31,2024-01-07,2024-12-17,19,66,231,Chacko-Ganesh,Finance,Enterprise,9,9,0
CUST4771,629830.3,104971.71666666667,6,2022-07-17,2024-09-16,2019-02-17,2025-07-08,78,323,28,Sunder Inc,Education,Enterprise,45,9,0
CUST4772,1184357.26,169193.89428571428,7,2022-01-30,2025-05-29,2023-03-01,2025-06-30,29,68,36,Oak Ltd,Healthcare,Small,1,8,0
CUST4773,1909224.03,146863.38692307693,13,2023-03-25,2025-05-09,2019-01-13,2025-06-30,79,88,36,"Pillay, Memon and Datta",Government,Small,1,8,0
CUST4774,2161669.12,216166.912,10,2023-01-20,2025-07-06,2021-09-04,2025-06-30,47,30,36,"Agate, Chaudry and Murty",Non-Profit,Small,1,8,0
CUST4775,1711452.22,213931.5275,8,2022-05-12,2025-02-14,2024-04-26,2024-10-20,15,172,289,"Gupta, Baral and Halder",Education,Enterprise,45,2,1
CUST4776,2099704.3,209970.43,10,2022-05-03,2025-02-13,2022-12-21,2023-11-16,31,173,628,"Grover, Chatterjee and Aggarwal",Non-Profit,Mid-Market,12,8,0
CUST4777,1724296.08,191588.45333333334,9,2022-02-05,2025-05-13,2022-09-25,2025-06-30,34,84,36,"Behl, Bakshi and Goswami",Education,Small,1,8,0
CUST4778,1640312.5,205039.0625,8,2022-02-09,2024-10-18,2019-10-26,2024-10-16,70,291,293,"Rai, Khatri and Loyal",Healthcare,Small,25,9,0
CUST4779,2115674.5,151119.60714285713,14,2022-02-06,2025-05-16,2019-01-18,2025-06-30,79,81,36,Thakur-Bhat,Finance,Mid-Market,1,8,0
CUST4780,3005591.55,187849.471875,16,2022-02-14,2025-07-07,2021-12-07,2024-09-08,44,29,331,Bobal-Chacko,Tech,Mid-Market,3,7,0
CUST4781,1755797.09,159617.91727272727,11,2022-04-20,2025-04-19,2022-10-31,2024-05-13,33,108,449,"Bala, Sheth and Narasimhan",Government,Small,36,4,1
CUST4782,1101290.22,183548.37,6,2022-06-27,2025-03-27,2021-02-16,2025-06-30,54,131,36,Goda-Gade,Healthcare,Mid-Market,1,8,0
CUST4783,320509.73,45787.10428571428,7,2022-03-16,2025-04-09,2019-11-30,2025-06-30,69,118,36,Babu Ltd,Government,Enterprise,1,8,0
CUST4784,3833109.39,294854.56846153847,13,2022-03-26,2025-06-08,2022-01-16,2024-11-24,43,58,254,Kala Group,Government,Small,48,9,0
CUST4785,1867715.99,207523.9988888889,9,2022-04-11,2025-05-28,2020-11-05,2023-11-21,57,69,623,"Sachdeva, Mohan and Iyer",Government,Mid-Market,17,3,1
CUST4786,1616359.82,101022.48875,16,2022-03-12,2025-06-09,2021-05-14,2025-06-30,51,57,36,"Sandal, Talwar and Lala",Government,Enterprise,1,8,0
CUST4787,2516920.17,179780.01214285713,14,2022-04-16,2025-07-05,2022-05-29,2025-06-30,38,31,36,"Desai, Pandey and Bobal",Non-Profit,Small,1,8,0
CUST4788,3787087.88,210393.7711111111,18,2022-01-07,2025-07-06,2022-03-31,2025-06-30,40,30,36,Gill Group,Education,Mid-Market,1,8,0
CUST4789,1392952.23,198993.17571428572,7,2022-08-27,2025-07-06,2020-08-19,2024-02-03,60,30,549,Mukherjee and Sons,Government,Mid-Market,35,5,1
CUST4790,2100789.4,233421.04444444444,9,2022-04-06,2025-01-30,2021-01-09,2023-12-30,55,187,584,"Shroff, Nazareth and Dua",Tech,Mid-Market,26,4,1
CUST4791,1502654.93,150265.493,10,2022-01-25,2025-07-01,2019-08-18,2025-06-30,72,35,36,"Kar, Nayar and Sekhon",Non-Profit,Small,1,8,0
CUST4792,1193386.88,74586.68,16,2022-02-05,2025-05-28,2021-07-04,2025-02-11,49,69,175,Karan-Sunder,Education,Small,13,2,0
CUST4793,1075769.9800000002,153681.42571428575,7,2022-08-18,2025-03-23,2022-04-20,2025-06-30,40,135,36,Pai-Shukla,Retail,Small,1,8,0
CUST4794,1581214.2000000002,197651.77500000002,8,2022-03-10,2025-01-16,2025-05-10,2025-06-30,2,201,36,Cheema-Rajagopalan,Tech,Enterprise,1,8,0
CUST4795,1097109.08,182851.51333333334,6,2022-01-27,2025-03-14,2023-06-28,2025-06-30,25,144,36,Prabhu-Dubey,Education,Mid-Market,1,8,0
CUST4796,2858426.62,204173.33000000002,14,2022-09-05,2025-07-17,2021-11-15,2025-01-08,45,19,209,Wadhwa PLC,Healthcare,Enterprise,0,8,0
CUST4797,1409835.03,128166.82090909091,11,2022-06-05,2025-04-01,2024-04-21,2024-12-02,15,126,246,"Chaudhari, Kumar and Kade",Non-Profit,Mid-Market,8,9,0
CUST4798,580648.14,72581.0175,8,2022-08-31,2025-02-17,2021-11-29,2024-01-25,44,169,558,"Mitter, Kale and Shetty",Non-Profit,Mid-Market,43,5,1
CUST4799,1532707.6600000001,383176.91500000004,4,2022-01-15,2024-12-11,2025-04-11,2025-07-14,3,237,22,Kalita Ltd,Tech,Mid-Market,47,9,0
CUST4800,1277442.66,212907.11,6,2022-04-12,2025-02-10,2025-01-22,2024-10-02,6,176,307,Dani Ltd,Healthcare,Mid-Market,7,4,1
CUST4801,1299003.55,118091.23181818183,11,2022-12-20,2025-03-14,2023-09-07,2024-10-31,23,144,278,Hari-Butala,Retail,Enterprise,4,1,1
CUST4802,1571502.09,174611.34333333335,9,2024-01-23,2025-06-25,2020-07-21,2025-06-30,61,41,36,Chaudhary-Sachdeva,Manufacturing,Enterprise,1,8,0
CUST4803,1761645.8800000001,195738.43111111113,9,2022-10-03,2025-05-31,2019-03-11,2025-06-30,77,66,36,Mane PLC,Tech,Enterprise,1,8,0
CUST4804,2858105.38,285810.538,10,2022-05-04,2025-05-30,2022-11-03,2025-01-26,33,67,191,Rao-Sathe,Manufacturing,Small,19,5,0
CUST4805,2761476.18,276147.618,10,2022-08-18,2024-12-02,2020-11-29,2024-02-12,57,246,540,Singhal Ltd,Non-Profit,Mid-Market,39,5,1
CUST4806,1039874.8099999999,115541.64555555554,9,2022-10-26,2024-07-28,2022-07-13,2024-12-16,37,373,232,"Chowdhury, Bali and Ramaswamy",Retail,Mid-Market,28,5,1
CUST4807,2623123.73,238465.79363636364,11,2022-04-26,2025-07-12,2025-04-09,2025-04-14,3,24,113,"Sami, Natarajan and Biswas",Non-Profit,Small,27,6,0
CUST4808,1319276.41,164909.55125,8,2022-04-13,2024-12-08,2022-11-05,2024-08-14,33,240,356,"Chacko, Mane and Virk",Manufacturing,Small,29,4,1
CUST4809,2286814.39,175908.79923076925,13,2022-01-25,2024-12-18,2025-02-24,2025-06-30,5,230,36,"Parekh, Jain and Deol",Manufacturing,Enterprise,1,8,0
CUST4810,1652275.45,183586.1611111111,9,2022-01-07,2025-05-14,2022-03-26,2025-06-30,40,83,36,Krishna-Raval,Government,Small,1,8,0
CUST4811,2188422.83,198947.53,11,2022-02-22,2025-05-19,2019-04-19,2025-03-29,76,78,129,Mane-Bhagat,Tech,Enterprise,12,9,0
CUST4812,1553586.7,172620.74444444443,9,2022-11-25,2024-12-06,2025-05-24,2025-06-30,2,242,36,Boase Inc,Manufacturing,Small,1,8,0
CUST4813,469790.75999999995,93958.15199999999,5,2022-06-07,2025-02-24,2023-03-15,2025-06-30,29,162,36,Prakash Group,Healthcare,Enterprise,1,8,0
CUST4814,2325020.56,193751.71333333335,12,2022-04-17,2025-04-06,2019-08-15,2023-12-11,72,121,603,Anne-Mangat,Manufacturing,Small,4,2,1
CUST4815,1302010.29,186001.47,7,2022-07-20,2025-03-07,2025-06-03,2025-06-23,2,151,43,Bassi-Bajaj,Tech,Enterprise,35,9,0
CUST4816,935192.48,71937.88307692307,13,2022-01-05,2025-01-30,2022-03-03,2025-05-04,41,187,93,Bassi-Sampath,Tech,Enterprise,39,9,0
CUST4817,2459324.8,245932.47999999998,10,2022-01-28,2024-10-09,2024-07-25,2024-10-20,12,300,289,"Madan, Mane and Iyengar",Education,Mid-Market,41,2,1
CUST4818,2931310.04,172430.00235294117,17,2022-01-06,2025-06-14,2019-12-04,2025-06-30,69,52,36,Bandi LLC,Non-Profit,Mid-Market,1,8,0
CUST4819,2160300.35,196390.94090909092,11,2022-02-04,2025-02-17,2020-07-25,2025-06-30,61,169,36,Sanghvi-Narayan,Non-Profit,Enterprise,1,8,0
CUST4820,1031019.79,128877.47375,8,2022-03-09,2025-05-07,2024-07-24,2025-06-26,12,90,40,"Chaudhuri, Majumdar and Bawa",Non-Profit,Enterprise,10,9,0
CUST4821,747115.57,74711.557,10,2022-01-05,2025-06-15,2020-08-06,2025-06-25,60,51,41,Kamdar-Iyer,Non-Profit,Small,11,6,0
CUST4822,1648952.22,126842.47846153846,13,2022-07-15,2025-03-19,2022-03-23,2025-06-30,41,139,36,Kar-Batta,Tech,Small,1,8,0
CUST4823,1408485.5299999998,128044.13909090907,11,2022-04-20,2025-06-02,2024-03-09,2025-06-30,17,64,36,Rajan-Rastogi,Government,Enterprise,1,8,0
CUST4824,1090334.83,109033.48300000001,10,2022-06-19,2025-05-25,2019-02-10,2025-06-30,78,72,36,Chanda-D’Alia,Education,Small,1,8,0
CUST4825,3060050.11,382506.26375,8,2022-09-07,2025-01-29,2025-01-24,2024-08-03,6,188,367,"Muni, Rout and Thaker",Non-Profit,Mid-Market,44,3,1
CUST4826,1023496.02,127937.0025,8,2023-02-19,2025-06-29,2024-03-05,2024-08-04,17,37,366,Nayar Inc,Manufacturing,Mid-Market,8,7,0
CUST4827,2943607.4699999997,163533.74833333332,18,2022-01-02,2025-07-23,2021-04-15,2024-11-23,52,13,255,Doctor PLC,Non-Profit,Enterprise,13,8,0
CUST4828,1771462.45,253066.06428571427,7,2024-01-11,2024-10-02,2021-02-18,2025-07-23,54,307,13,Narang Inc,Non-Profit,Small,32,9,0
CUST4829,230655.6,115327.8,2,2022-09-23,2023-07-28,2022-04-04,2025-06-30,40,739,36,Saini-Chander,Non-Profit,Small,1,8,0
CUST4830,1654362.79,275727.13166666665,6,2022-07-13,2025-04-10,2024-08-16,2024-09-15,11,117,324,"Chahal, Ahluwalia and Munshi",Government,Small,45,2,1
CUST4831,734676.08,104953.72571428571,7,2022-01-25,2025-03-15,2024-01-04,2025-06-30,19,143,36,"Srinivas, Dixit and Date",Education,Small,1,8,0
CUST4832,713220.48,101888.64,7,2022-01-15,2024-09-02,2021-03-06,2025-06-30,53,337,36,Ramakrishnan-Sama,Finance,Small,1,8,0
CUST4833,1793036.19,163003.29,11,2022-03-26,2025-05-24,2024-08-02,2025-02-18,12,73,168,"Pall, Borde and Hari",Finance,Small,0,8,0
CUST4834,2210631.22,221063.12200000003,10,2022-01-28,2025-06-10,2023-01-28,2023-12-12,30,56,602,Mandal Ltd,Manufacturing,Mid-Market,33,10,0
CUST4835,765367.87,69578.89727272728,11,2022-08-19,2025-07-13,2022-10-10,2025-06-30,34,23,36,Hayer LLC,Manufacturing,Small,1,8,0
CUST4836,1101800.6500000001,220360.13000000003,5,2022-01-04,2025-01-03,2022-05-02,2025-06-30,39,214,36,"Varkey, Chakraborty and Karan",Education,Enterprise,1,8,0
CUST4837,1454545.31,242424.21833333335,6,2022-02-08,2025-03-30,2020-10-07,2025-06-30,58,128,36,Sinha Ltd,Healthcare,Small,1,8,0
CUST4838,1758352.2899999998,175835.229,10,2022-03-31,2025-06-24,2023-04-11,2024-01-19,28,42,564,Mutti Group,Retail,Enterprise,3,10,0
CUST4839,1479140.94,147914.09399999998,10,2022-04-17,2025-06-24,2020-11-10,2023-11-26,57,42,618,Khurana and Sons,Finance,Mid-Market,43,9,0
CUST4840,1613790.94,124137.76461538461,13,2022-01-04,2024-10-19,2020-03-06,2025-06-30,65,290,36,Chauhan PLC,Non-Profit,Small,1,8,0
CUST4841,1218350.53,121835.053,10,2022-05-11,2025-01-11,2021-06-26,2024-06-12,50,206,419,Toor PLC,Healthcare,Enterprise,5,8,0
CUST4842,2360824.1,236082.41,10,2022-04-09,2025-03-02,2022-03-22,2025-06-30,41,156,36,Boase-Kurian,Government,Enterprise,1,8,0
CUST4843,883342.5,110417.8125,8,2022-11-04,2024-12-19,2024-07-11,2025-06-30,13,229,36,"Madan, Menon and Mangal",Education,Mid-Market,1,8,0
CUST4844,3151272.58,210084.83866666668,15,2022-04-28,2025-02-14,2020-12-01,2024-11-25,56,172,253,Srinivasan-Edwin,Non-Profit,Enterprise,38,4,1
CUST4845,2159065.57,166081.96692307692,13,2022-02-07,2025-03-06,2021-02-03,2024-05-05,54,152,457,Puri Ltd,Tech,Small,4,5,0
CUST4846,1885931.07,188593.10700000002,10,2022-01-26,2025-05-30,2020-10-05,2025-06-30,58,67,36,"Gill, Wagle and Gill",Tech,Mid-Market,1,8,0
CUST4847,2061995.26,229110.58444444445,9,2022-06-22,2025-01-31,2023-08-21,2025-06-30,23,186,36,Minhas and Sons,Tech,Small,1,8,0
CUST4848,3807177.98,237948.62375,16,2022-08-01,2025-05-22,2021-07-30,2025-06-30,48,75,36,Rout-Parmer,Manufacturing,Mid-Market,1,8,0
CUST4849,2549962.1,169997.47333333333,15,2022-05-13,2025-05-04,2022-06-30,2025-06-30,37,93,36,Kala-Boase,Education,Enterprise,1,8,0
CUST4850,677247.84,169311.96,4,2022-12-28,2025-05-08,2023-05-20,2024-02-26,26,89,526,"Dugar, Narula and Anand",Government,Small,20,1,1
CUST4851,1520238.73,217176.96142857143,7,2022-01-23,2024-06-23,2023-07-08,2025-06-30,25,408,36,"Khare, Nair and Suresh",Government,Mid-Market,1,8,0
CUST4852,1193894.91,238778.982,5,2022-04-13,2025-07-19,2020-08-04,2025-06-30,60,17,36,Goswami PLC,Tech,Enterprise,1,8,0
CUST4853,860107.84,86010.784,10,2022-04-21,2025-06-08,2020-06-05,2025-03-26,62,58,132,Keer-Dash,Non-Profit,Enterprise,32,9,0
CUST4854,1074296.1199999999,134287.01499999998,8,2022-06-19,2025-07-18,2024-10-04,2025-07-10,10,18,26,"Sur, Sundaram and Ramachandran",Non-Profit,Small,12,1,0
CUST4855,1186991.1099999999,84785.07928571428,14,2022-01-12,2025-06-19,2022-01-10,2025-06-30,43,47,36,Butala-Basu,Education,Mid-Market,1,8,0
CUST4856,1424727.83,118727.31916666667,12,2022-07-15,2025-07-01,2023-02-20,2025-06-30,29,35,36,Dar-Ramakrishnan,Manufacturing,Small,1,8,0
CUST4857,1727912.46,172791.24599999998,10,2022-04-14,2024-12-24,2019-04-21,2025-06-30,76,224,36,"Swamy, Vala and Sen",Retail,Enterprise,1,8,0
CUST4858,2418558.48,241855.848,10,2022-12-29,2025-06-02,2020-03-21,2025-06-30,65,64,36,Kadakia-Singhal,Healthcare,Small,1,8,0
CUST4859,1767749.65,126267.83214285714,14,2022-02-18,2025-01-24,2022-10-27,2025-06-30,33,193,36,Shroff Ltd,Retail,Mid-Market,1,8,0
CUST4860,860030.61,107503.82625,8,2022-04-16,2025-01-28,2023-04-13,2025-06-30,28,189,36,Kashyap PLC,Retail,Mid-Market,1,8,0
CUST4861,251137.81,35876.83,7,2022-01-02,2025-02-03,2024-08-27,2025-06-30,11,183,36,"Nagi, Bera and Raja",Government,Enterprise,1,8,0
CUST4862,1218846.47,135427.38555555555,9,2022-02-28,2024-11-28,2024-07-04,2025-06-30,13,250,36,Bhatia-Parikh,Tech,Small,1,8,0
CUST4863,1266293.01,180899.00142857144,7,2022-03-11,2025-06-26,2019-06-16,2025-01-01,74,40,216,Verma-Bath,Retail,Small,15,3,1
CUST4864,1804533.41,164048.49181818182,11,2022-02-23,2025-03-05,2022-10-18,2025-06-30,34,153,36,Chaudhuri Ltd,Finance,Enterprise,1,8,0
CUST4865,2832162.8,257469.34545454543,11,2022-07-19,2025-05-15,2021-04-05,2025-06-30,52,82,36,"Prasad, Pillai and Saini",Government,Mid-Market,1,8,0
CUST4866,1608750.71,178750.07888888888,9,2022-01-12,2025-02-11,2019-02-01,2025-06-30,79,175,36,Saxena Inc,Tech,Small,1,8,0
CUST4867,1732345.22,173234.522,10,2022-02-22,2025-01-13,2021-11-27,2025-06-30,44,204,36,Barad-Balasubramanian,Finance,Small,1,8,0
CUST4868,2151767.95,134485.496875,16,2022-01-13,2025-06-09,2020-12-18,2025-04-22,56,57,105,Kanda-Sharma,Education,Enterprise,14,6,0
CUST4869,1668178.36,128321.41230769231,13,2022-04-26,2025-05-14,2019-08-18,2024-09-27,72,83,312,"Mittal, Kamdar and Sridhar",Manufacturing,Mid-Market,28,9,0
CUST4870,1519828.8599999999,217118.40857142856,7,2022-04-12,2025-07-20,2019-03-12,2024-06-19,77,16,412,Sabharwal-Prabhakar,Non-Profit,Mid-Market,3,10,0
CUST4871,1204914.26,133879.36222222223,9,2022-01-10,2025-05-05,2019-10-19,2024-04-08,70,92,484,Nagi-Batta,Retail,Mid-Market,43,5,1
CUST4872,997621.3,142517.32857142857,7,2022-03-23,2024-10-09,2024-06-14,2025-07-05,13,300,31,"Iyengar, Chahal and Iyer",Tech,Small,39,10,0
CUST4873,2519033.75,193771.82692307694,13,2022-03-02,2025-04-23,2025-04-09,2025-04-22,3,104,105,Chaudhary-Raju,Manufacturing,Enterprise,35,6,0
CUST4874,491763.7,98352.74,5,2022-04-03,2025-03-08,2024-12-02,2025-06-30,8,150,36,"Ramakrishnan, Sathe and Uppal",Retail,Enterprise,1,8,0
CUST4875,434749.97,39522.72454545454,11,2022-06-03,2025-07-15,2020-02-29,2025-06-30,66,21,36,Kibe PLC,Education,Enterprise,1,8,0
CUST4876,2126488.45,177207.37083333335,12,2022-11-30,2025-02-26,2022-11-03,2024-04-08,33,160,484,Chander Ltd,Finance,Mid-Market,18,5,1
CUST4877,1330912.25,166364.03125,8,2022-06-19,2024-11-16,2023-04-27,2025-03-13,27,262,145,Sem Ltd,Finance,Enterprise,2,6,0
CUST4878,571173.8500000001,114234.77000000002,5,2022-01-08,2025-05-26,2021-08-25,2025-06-30,48,71,36,"Nigam, Merchant and Sanghvi",Tech,Enterprise,1,8,0
CUST4879,2118921.2,264865.15,8,2022-07-25,2025-01-19,2021-09-28,2025-06-30,46,198,36,"Ravi, Ben and Apte",Finance,Enterprise,1,8,0
CUST4880,2527369.62,252736.962,10,2022-03-23,2024-06-30,2022-09-02,2025-06-30,35,401,36,Jaggi PLC,Retail,Small,1,8,0
CUST4881,1303093.22,144788.13555555555,9,2022-06-28,2025-03-17,2024-12-03,2024-08-11,8,141,359,Goel PLC,Education,Enterprise,3,1,1
CUST4882,1211174.5499999998,242234.90999999997,5,2022-03-26,2024-08-11,2023-09-05,2025-06-30,23,359,36,Mand LLC,Government,Small,1,8,0
CUST4883,995652.9,124456.6125,8,2022-06-29,2025-04-14,2024-12-16,2025-01-17,7,113,200,"Walla, Arya and Naidu",Manufacturing,Small,14,6,0
CUST4884,1597150.21,159715.021,10,2022-01-29,2025-07-13,2022-04-19,2025-06-30,40,23,36,Dewan-Pai,Non-Profit,Enterprise,1,8,0
CUST4885,2642393.74,220199.47833333336,12,2022-01-26,2025-05-14,2024-01-02,2024-05-14,19,83,448,Naidu-Cheema,Finance,Small,5,6,0
CUST4886,968764.4199999999,107640.4911111111,9,2022-10-26,2025-02-14,2024-03-10,2025-06-30,17,172,36,"Bhardwaj, Virk and Chawla",Finance,Small,1,8,0
CUST4887,642321.87,107053.645,6,2022-06-04,2025-05-08,2023-12-26,2025-06-30,19,89,36,Sodhi PLC,Finance,Enterprise,1,8,0
CUST4888,2622113.27,163882.079375,16,2022-04-19,2025-07-10,2021-01-03,2025-06-30,55,26,36,"Butala, Sandhu and Shere",Government,Small,1,8,0
CUST4889,2971487.9699999997,247623.99749999997,12,2022-02-28,2024-11-28,2024-08-02,2025-06-30,12,250,36,Pandya-Parsa,Government,Small,1,8,0
CUST4890,3451494.8699999996,215718.42937499998,16,2022-08-08,2025-05-28,2024-02-17,2025-06-30,17,69,36,"Talwar, Kapadia and Buch",Healthcare,Enterprise,1,8,0
CUST4891,1006316.6699999999,167719.44499999998,6,2022-01-01,2025-02-09,2024-03-11,2024-05-04,17,177,458,Edwin-Devi,Manufacturing,Mid-Market,44,3,1
CUST4892,4042225.74,288730.41000000003,14,2022-01-15,2025-06-08,2022-10-16,2024-09-04,34,58,335,Behl-Prasad,Non-Profit,Small,19,1,1
CUST4893,1746361.29,145530.1075,12,2022-01-07,2025-02-20,2019-09-28,2025-06-30,71,166,36,Varghese PLC,Government,Enterprise,1,8,0
CUST4894,326186.92,108728.97333333333,3,2022-06-05,2025-04-25,2021-11-16,2025-06-30,45,102,36,Chada-Krishnamurthy,Healthcare,Enterprise,1,8,0
CUST4895,1460729.1400000001,162303.2377777778,9,2022-09-05,2024-12-19,2021-11-14,2025-06-30,45,229,36,Gandhi-Raju,Retail,Small,1,8,0
CUST4896,3733501.8000000003,196500.09473684212,19,2022-01-05,2025-06-26,2023-09-15,2025-06-30,23,40,36,Gole-Sarma,Manufacturing,Small,1,8,0
CUST4897,2826727.85,235560.65416666667,12,2022-04-14,2025-07-16,2022-07-12,2025-06-30,37,20,36,Dugal-Gara,Manufacturing,Enterprise,1,8,0
CUST4898,2067841.08,206784.108,10,2022-04-18,2025-03-04,2022-09-15,2024-09-02,35,154,337,Mitra Group,Manufacturing,Small,8,7,0
CUST4899,858210.6499999999,107276.33124999999,8,2022-06-12,2025-05-26,2022-01-29,2024-07-21,42,71,380,"Bandi, Halder and Gara",Retail,Mid-Market,35,1,1
CUST4900,3110964.88,207397.65866666666,15,2022-03-05,2025-06-20,2025-06-09,2025-06-30,1,46,36,Bandi Ltd,Finance,Mid-Market,1,8,0
CUST4901,1418555.22,94570.348,15,2022-04-27,2025-06-29,2025-04-02,2025-06-30,4,37,36,Mallick-Shetty,Government,Small,1,8,0
CUST4902,2138328.42,213832.842,10,2022-07-12,2024-06-05,2022-12-23,2025-06-30,31,426,36,"Gokhale, Basak and Mohanty",Tech,Enterprise,1,8,0
CUST4903,4001271.21,333439.2675,12,2022-02-21,2025-07-18,2019-10-25,2024-04-02,70,18,490,"Borde, Chana and Varma",Education,Mid-Market,24,5,0
CUST4904,1307948.76,118904.43272727272,11,2022-10-13,2025-07-07,2020-04-29,2024-04-27,64,29,465,"More, Sastry and Patel",Healthcare,Enterprise,14,4,1
CUST4905,1290982.37,143442.48555555556,9,2022-08-31,2025-03-28,2021-05-11,2025-06-30,51,130,36,Borah Group,Healthcare,Mid-Market,1,8,0
CUST4906,3043013.25,338112.5833333333,9,2022-04-13,2025-04-03,2023-08-05,2023-11-29,24,124,615,"Char, Gour and Agate",Government,Small,8,3,1
CUST4907,2537982.33,169198.82200000001,15,2022-03-18,2025-04-09,2022-10-18,2024-12-14,34,118,234,"Memon, Nigam and Mangal",Education,Enterprise,25,5,1
CUST4908,1515894.35,303178.87,5,2022-12-17,2025-07-24,2020-05-18,2025-06-30,63,12,36,Dewan-Ganesan,Government,Small,1,8,0
CUST4909,1244796.3900000001,113163.3081818182,11,2022-01-15,2025-04-19,2019-06-01,2025-06-30,75,108,36,Jain LLC,Education,Small,1,8,0
CUST4910,2477450.2,176960.7285714286,14,2022-02-06,2025-04-17,2023-06-20,2025-02-28,25,110,158,Srinivasan-Banik,Education,Mid-Market,26,9,0
CUST4911,2753842.98,172115.18625,16,2022-02-08,2025-07-09,2023-08-14,2023-08-23,24,27,713,Narang-Pathak,Non-Profit,Small,24,3,1
CUST4912,1082154.36,108215.43600000002,10,2022-02-12,2025-07-13,2025-06-07,2025-06-30,1,23,36,Suresh-Din,Retail,Mid-Market,1,8,0
CUST4913,1506434.23,301286.846,5,2022-12-11,2025-05-05,2024-08-02,2025-06-30,12,92,36,Dara Inc,Healthcare,Small,1,8,0
CUST4914,1359650.1,135965.01,10,2022-07-27,2025-07-16,2022-04-13,2025-06-30,40,20,36,Bhardwaj Inc,Non-Profit,Small,1,8,0
CUST4915,616681.99,77085.24875,8,2022-07-24,2025-03-19,2025-05-22,2025-06-30,2,139,36,Dua-Wali,Tech,Mid-Market,1,8,0
CUST4916,1590119.8900000001,159011.989,10,2022-03-31,2025-05-12,2023-06-15,2024-05-02,26,85,460,"Grewal, Narain and Deo",Education,Mid-Market,27,7,0
CUST4917,1431857.12,102275.50857142858,14,2022-04-23,2025-04-13,2020-10-28,2025-06-30,58,114,36,Balan and Sons,Manufacturing,Small,1,8,0
CUST4918,2661796.91,241981.5372727273,11,2022-03-28,2025-04-19,2019-01-12,2025-06-24,79,108,42,"Sarna, Sharaf and Sani",Healthcare,Mid-Market,8,8,0
CUST4919,1095978.79,121775.42111111112,9,2022-03-14,2025-04-08,2023-02-14,2024-07-19,30,119,382,"Manne, Sandal and Verma",Tech,Small,34,1,1
CUST4920,1640878.4,164087.84,10,2022-04-17,2025-03-17,2021-05-09,2024-08-23,51,141,347,Bava-Shere,Education,Mid-Market,28,3,1
CUST4921,2475529.85,225048.16818181818,11,2022-01-11,2024-12-27,2025-03-07,2025-05-31,5,221,66,Vig PLC,Manufacturing,Mid-Market,18,5,0
CUST4922,484885.71,161628.57,3,2023-02-14,2025-01-22,2022-02-01,2023-10-30,42,195,645,Chopra-Roy,Non-Profit,Mid-Market,34,5,1
CUST4923,2147309.13,195209.9209090909,11,2022-08-18,2025-07-18,2019-05-23,2024-10-31,75,18,278,Bhargava Ltd,Finance,Enterprise,9,10,0
CUST4924,1933500.75,161125.0625,12,2022-01-22,2025-06-08,2021-04-08,2023-10-27,52,58,648,"Dugal, Thaker and Biswas",Non-Profit,Small,18,1,1
CUST4925,1101611.22,91800.935,12,2022-08-12,2025-03-18,2023-05-29,2025-06-30,26,140,36,Pandya-Soni,Education,Mid-Market,1,8,0
CUST4926,1488621.92,165402.43555555554,9,2022-05-05,2024-10-22,2022-02-16,2025-06-30,42,287,36,"Doctor, Vig and Bobal",Healthcare,Small,1,8,0
CUST4927,738681.79,92335.22375,8,2022-01-02,2025-03-17,2021-05-20,2025-02-22,51,141,164,"Nair, Dara and Master",Retail,Mid-Market,12,4,0
CUST4928,2033570.27,145255.01928571428,14,2022-01-25,2025-01-13,2019-06-08,2025-06-30,75,204,36,Narasimhan PLC,Tech,Small,1,8,0
CUST4929,2079535.2300000002,148538.23071428572,14,2022-02-16,2025-06-12,2020-04-18,2025-06-30,64,54,36,Lad-Pai,Education,Small,1,8,0
CUST4930,1288806.2,117164.2,11,2022-02-07,2025-05-29,2019-07-21,2025-06-30,73,68,36,"Purohit, Dhar and Kapoor",Education,Mid-Market,1,8,0
CUST4931,2424201.7800000003,220381.98,11,2022-04-28,2025-03-31,2023-04-12,2025-06-30,28,127,36,"Bhatia, Rastogi and Barman",Manufacturing,Small,1,8,0
CUST4932,855951.01,122278.71571428572,7,2022-01-20,2024-05-23,2024-08-12,2025-06-30,11,439,36,Kar Ltd,Tech,Mid-Market,1,8,0
CUST4933,1747418.1099999999,194157.56777777776,9,2022-05-23,2025-06-06,2020-06-24,2025-06-30,62,60,36,Bhardwaj-Sarin,Healthcare,Enterprise,1,8,0
CUST4934,1822964.13,140228.00999999998,13,2022-01-06,2024-12-25,2025-02-25,2025-05-24,5,223,73,Khatri-Divan,Education,Mid-Market,45,9,0
CUST4935,1035743.64,115082.62666666666,9,2022-04-25,2024-09-18,2020-03-21,2025-03-27,65,321,131,"Sagar, Khalsa and Sachdeva",Non-Profit,Enterprise,2,9,0
CUST4936,1467446.08,163049.56444444446,9,2022-03-29,2024-09-11,2024-12-23,2025-03-15,7,328,143,Kapur LLC,Government,Mid-Market,23,10,0
CUST4937,537332.86,179110.95333333334,3,2022-01-25,2024-08-27,2023-08-19,2025-06-30,23,343,36,"Prabhakar, Parmer and Prakash",Non-Profit,Mid-Market,1,8,0
CUST4938,2100458.38,300065.48285714287,7,2023-07-25,2025-07-24,2025-04-29,2024-07-26,3,12,375,Chaudhary-Upadhyay,Education,Enterprise,47,2,1
CUST4939,677130.22,135426.044,5,2023-01-02,2025-05-15,2019-07-13,2024-11-21,73,82,257,Babu-Ganesh,Healthcare,Mid-Market,0,4,1
CUST4940,1823780.4,202642.26666666666,9,2022-05-13,2025-01-20,2025-06-09,2025-07-10,1,197,26,"Hegde, Deep and Halder",Retail,Mid-Market,7,7,0
CUST4941,1897374.1300000001,210819.3477777778,9,2022-01-07,2025-01-15,2024-10-12,2025-06-25,9,202,41,"Sheth, Chandra and Sunder",Retail,Enterprise,19,7,0
CUST4942,1948231.31,177111.9372727273,11,2022-01-24,2025-03-10,2025-01-30,2025-01-07,6,148,210,Saran-Dey,Manufacturing,Mid-Market,28,1,1
CUST4943,2322994.63,290374.32875,8,2022-05-17,2025-01-09,2024-01-20,2024-09-28,18,208,311,Majumdar and Sons,Manufacturing,Mid-Market,33,2,1
CUST4944,62051.2,31025.6,2,2022-07-03,2023-07-23,2020-10-03,2025-06-30,58,744,36,"Virk, Maharaj and Divan",Non-Profit,Small,1,8,0
CUST4945,1970957.54,218995.28222222222,9,2022-02-04,2024-09-05,2025-07-24,2025-06-30,0,334,36,"Gade, Morar and Jayaraman",Finance,Enterprise,1,8,0
CUST4946,1199797.25,171399.60714285713,7,2023-06-11,2024-12-20,2024-05-09,2025-06-30,15,228,36,Deshpande PLC,Retail,Enterprise,1,8,0
CUST4947,1458617.52,145861.752,10,2022-05-31,2025-04-04,2025-04-06,2025-06-30,4,123,36,Chadha LLC,Manufacturing,Enterprise,1,8,0
CUST4948,403346.48,80669.296,5,2022-01-17,2025-02-27,2022-03-28,2025-06-30,40,159,36,Saran and Sons,Non-Profit,Mid-Market,1,8,0
CUST4949,2284517.81,142782.363125,16,2022-05-14,2025-06-07,2019-10-25,2025-06-22,70,59,44,"Narasimhan, Mander and Prakash",Retail,Small,7,9,0
CUST4950,1074239.77,119359.97444444445,9,2022-06-07,2025-04-09,2022-04-30,2025-04-17,39,118,110,"Handa, Ramanathan and Tandon",Education,Enterprise,31,10,0
CUST4951,1902308.3599999999,211367.59555555554,9,2022-03-15,2025-05-22,2023-10-04,2025-06-30,22,75,36,Pau-Narayan,Government,Enterprise,1,8,0
CUST4952,2233674.23,148911.61533333332,15,2022-06-04,2025-05-13,2024-02-28,2025-06-30,17,84,36,Chowdhury-Bath,Retail,Enterprise,1,8,0
CUST4953,383672.14,95918.035,4,2022-04-27,2024-02-06,2021-05-16,2025-06-30,51,546,36,Pall-Trivedi,Education,Small,1,8,0
CUST4954,3633084.97,201838.0538888889,18,2022-06-03,2025-06-11,2021-09-08,2025-06-30,47,55,36,Upadhyay and Sons,Government,Small,1,8,0
CUST4955,2185710.9,273213.8625,8,2022-01-07,2025-06-01,2020-04-04,2025-06-30,64,65,36,"Rajagopal, Balakrishnan and Saha",Government,Mid-Market,1,8,0
CUST4956,1450519.44,145051.944,10,2022-08-05,2025-06-06,2025-05-05,2025-07-01,3,60,35,Cheema-Banik,Non-Profit,Small,4,6,0
CUST4957,536901.25,76700.17857142857,7,2022-04-23,2024-11-06,2019-02-18,2024-04-26,78,272,466,"Vala, Shanker and Kala",Manufacturing,Mid-Market,28,10,0
CUST4958,2888035.34,206288.23857142855,14,2022-01-26,2025-05-16,2019-07-16,2024-10-04,73,81,305,"Iyer, Behl and Rajan",Tech,Mid-Market,33,4,1
CUST4959,2697074.5700000003,224756.2141666667,12,2022-01-25,2025-06-29,2024-01-21,2025-06-30,18,37,36,"Rana, Saini and Raman",Education,Enterprise,1,8,0
CUST4960,1400933.42,155659.26888888888,9,2022-07-18,2025-06-16,2021-02-18,2025-06-30,54,50,36,Merchant-Shere,Finance,Small,1,8,0
CUST4961,2827197.11,282719.711,10,2022-01-23,2024-11-25,2021-07-31,2025-06-30,48,253,36,"Sidhu, Bhandari and Ratti",Healthcare,Enterprise,1,8,0
CUST4962,2419924.72,186148.0553846154,13,2022-02-12,2025-05-13,2024-09-16,2025-02-06,10,84,180,"Baria, Chauhan and Nigam",Manufacturing,Mid-Market,45,9,0
CUST4963,1575173.13,131264.4275,12,2022-03-19,2025-07-06,2023-07-16,2024-05-22,25,30,440,Chandra PLC,Finance,Enterprise,26,7,0
CUST4964,2587040.47,143724.47055555557,18,2022-02-26,2025-06-22,2019-11-07,2023-10-19,69,44,656,Nayak and Sons,Retail,Enterprise,48,8,0
CUST4965,1569914.8499999999,174434.9833333333,9,2022-10-30,2024-11-30,2024-08-18,2025-06-30,11,248,36,Pathak and Sons,Manufacturing,Small,1,8,0
CUST4966,424958.01,53119.75125,8,2022-05-14,2025-04-27,2021-08-25,2025-06-30,48,100,36,"Gour, Kanda and Munshi",Education,Small,1,8,0
CUST4967,376386.67,125462.22333333333,3,2023-04-20,2024-07-19,2021-10-05,2025-06-30,46,382,36,Gopal-Venkataraman,Tech,Small,1,8,0
CUST4968,3540349.52,252882.10857142857,14,2022-01-09,2025-05-14,2024-12-18,2025-06-30,7,83,36,"Narain, Sangha and Lalla",Education,Small,1,8,0
CUST4969,1059430.97,70628.73133333333,15,2022-02-03,2025-04-03,2024-02-28,2024-03-28,17,124,495,Oak-Nadkarni,Tech,Enterprise,16,5,0
CUST4970,1586129.08,122009.92923076924,13,2022-01-09,2025-04-07,2025-04-11,2025-06-30,3,120,36,Grover PLC,Healthcare,Mid-Market,1,8,0
CUST4971,1113740.01,101249.09181818181,11,2022-02-12,2025-06-09,2020-11-26,2025-06-30,57,57,36,Mahal-Pathak,Retail,Enterprise,1,8,0
CUST4972,2518915.7,228992.3363636364,11,2022-01-24,2024-11-26,2025-02-27,2025-05-11,5,252,86,Varkey and Sons,Tech,Mid-Market,30,5,0
CUST4973,324246.79,36027.42111111111,9,2022-08-04,2025-07-20,2019-05-14,2023-12-19,75,16,595,Memon and Sons,Non-Profit,Mid-Market,18,1,1
CUST4974,590941.97,49245.16416666666,12,2022-09-20,2025-05-19,2020-04-18,2024-05-30,64,78,432,Rastogi and Sons,Retail,Enterprise,40,2,0
CUST4975,1054743.59,117193.73222222223,9,2022-02-11,2024-09-28,2020-02-03,2025-06-30,67,311,36,"Swamy, Chand and Dhar",Manufacturing,Small,1,8,0
CUST4976,2231982.73,171690.97923076924,13,2022-02-02,2024-12-31,2020-10-22,2025-06-30,58,217,36,"Dave, Subramanian and Jani",Education,Mid-Market,1,8,0
CUST4977,1472567.38,122713.94833333332,12,2022-02-09,2025-06-23,2025-02-28,2025-06-30,5,43,36,"Prashad, Gokhale and Goda",Tech,Enterprise,1,8,0
CUST4978,1410955.92,128268.71999999999,11,2022-01-08,2025-07-20,2023-12-07,2025-06-30,20,16,36,Oza-Kapadia,Tech,Enterprise,1,8,0
CUST4979,2226164.6,278270.575,8,2022-08-15,2025-07-10,2021-02-17,2025-06-30,54,26,36,"Munshi, Sachar and Sastry",Education,Mid-Market,1,8,0
CUST4980,3292570.7199999997,274380.8933333333,12,2022-05-19,2025-07-12,2024-09-24,2025-06-30,10,24,36,"Sandal, Taneja and Dhingra",Manufacturing,Enterprise,1,8,0
CUST4981,2821204.38,165953.1988235294,17,2022-01-01,2025-04-16,2023-06-02,2025-06-30,26,111,36,Dhar LLC,Healthcare,Enterprise,1,8,0
CUST4982,2851529.96,285152.996,10,2022-07-02,2024-11-15,2020-08-06,2025-06-30,60,263,36,Sidhu Ltd,Tech,Enterprise,1,8,0
CUST4983,1540157.69,118473.66846153846,13,2022-06-05,2025-06-28,2022-04-28,2024-10-02,39,38,307,Aurora-Srinivasan,Retail,Small,31,4,1
CUST4984,1136393.58,227278.71600000001,5,2022-05-26,2025-05-24,2023-02-16,2025-06-30,30,73,36,Nazareth-Koshy,Finance,Mid-Market,1,8,0
CUST4985,1390548.6099999999,154505.4011111111,9,2022-06-02,2025-02-25,2025-07-15,2025-06-30,0,161,36,Sarraf Ltd,Retail,Mid-Market,1,8,0
CUST4986,757024.1699999999,94628.02124999999,8,2022-01-06,2025-04-11,2020-12-27,2024-04-21,56,116,471,"Narayanan, Gill and Atwal",Education,Enterprise,11,5,1
CUST4987,1766987.32,176698.73200000002,10,2023-03-30,2025-04-02,2020-01-10,2025-03-25,67,125,133,Balan-Ravi,Government,Small,39,7,0
CUST4988,1253947.01,104495.58416666667,12,2022-01-29,2025-06-24,2024-04-03,2025-06-30,16,42,36,Pai LLC,Manufacturing,Small,1,8,0
CUST4989,892713.6799999999,99190.40888888888,9,2022-03-25,2025-03-15,2022-11-24,2024-02-27,32,143,525,Jaggi Group,Healthcare,Enterprise,37,2,1
CUST4990,714011.28,119001.88,6,2022-04-10,2025-07-19,2023-12-09,2025-06-30,20,17,36,Singhal-Dhillon,Manufacturing,Mid-Market,1,8,0
CUST4991,3728184.96,532597.8514285714,7,2022-05-16,2024-07-06,2019-12-17,2025-06-30,68,395,36,Raval-Bedi,Government,Mid-Market,1,8,0
CUST4992,1838815.5899999999,183881.55899999998,10,2022-06-11,2024-10-06,2019-03-10,2023-09-06,78,303,699,"Sengupta, Peri and Mukherjee",Tech,Mid-Market,41,4,1
CUST4993,3251522.37,325152.237,10,2022-03-30,2025-01-18,2025-05-03,2025-06-30,3,199,36,Chand LLC,Education,Small,1,8,0
CUST4994,3684197.7600000002,368419.776,10,2022-09-02,2025-06-24,2020-03-03,2025-06-30,66,42,36,Lalla-Lal,Manufacturing,Mid-Market,1,8,0
CUST4995,925648.34,185129.668,5,2022-06-13,2024-12-05,2023-11-28,2025-06-30,20,243,36,Hayer-Nair,Government,Small,1,8,0
CUST4996,2090463.55,209046.355,10,2022-12-17,2024-07-09,2022-04-18,2025-06-30,40,392,36,"Balakrishnan, Keer and Warrior",Manufacturing,Mid-Market,1,8,0
CUST4997,1256859.98,89775.71285714286,14,2022-02-05,2024-08-27,2019-08-31,2025-06-30,72,343,36,"Borra, Ramanathan and Panchal",Retail,Small,1,8,0
CUST4998,2308242.2800000003,209840.2072727273,11,2022-01-22,2025-07-23,2019-11-16,2025-06-30,69,13,36,Oza-Shanker,Tech,Mid-Market,1,8,0
CUST4999,877870.21,109733.77625,8,2022-01-14,2024-05-04,2025-06-06,2025-01-20,2,458,197,Srivastava LLC,Healthcare,Mid-Market,5,3,1
